{
  "1.1": [
    { "votes": 158, "book": 66, "ch": 4, "v": 11 },
    { "votes": 60, "book": 66, "ch": 14, "v": 7 },
    { "votes": 45, "book": 66, "ch": 10, "v": 6 },
    { "votes": 39, "book": 66, "ch": 22, "v": 13 },
    { "votes": 38, "book": 66, "ch": 21, "v": 6 },
    { "votes": 27, "book": 66, "ch": 3, "v": 14 }
  ],
  "1.9": [{ "votes": 3, "book": 66, "ch": 10, "v": 6 }],
  "1.14": [
    { "votes": 4, "book": 66, "ch": 6, "v": 12 },
    { "votes": 2, "book": 66, "ch": 8, "v": 12 },
    { "votes": 1, "book": 66, "ch": 9, "v": 2 }
  ],
  "1.16": [
    {
      "votes": 3,
      "book": 66,
      "ch": 16,
      "v": 8,
      "v_end": 9
    },
    { "votes": 2, "book": 66, "ch": 21, "v": 23 }
  ],
  "2.4": [
    { "votes": 4, "book": 66, "ch": 1, "v": 8 },
    { "votes": 1, "book": 66, "ch": 1, "v": 4 },
    { "votes": 1, "book": 66, "ch": 16, "v": 5 },
    { "votes": 1, "book": 66, "ch": 11, "v": 17 }
  ],
  "2.9": [
    { "votes": 16, "book": 66, "ch": 22, "v": 14 },
    { "votes": 16, "book": 66, "ch": 2, "v": 7 },
    { "votes": 10, "book": 66, "ch": 22, "v": 2 }
  ],
  "2.10": [{ "votes": 8, "book": 66, "ch": 22, "v": 1 }],
  "2.14": [{ "votes": 2, "book": 66, "ch": 9, "v": 14 }],
  "2.17": [
    { "votes": 14, "book": 66, "ch": 21, "v": 8 },
    { "votes": 7, "book": 66, "ch": 20, "v": 14 },
    { "votes": 6, "book": 66, "ch": 2, "v": 11 },
    { "votes": 4, "book": 66, "ch": 20, "v": 6 }
  ],
  "3.1": [
    { "votes": 23, "book": 66, "ch": 12, "v": 9 },
    { "votes": 17, "book": 66, "ch": 20, "v": 2 }
  ],
  "3.5": [
    { "votes": 2, "book": 66, "ch": 13, "v": 14 },
    { "votes": 2, "book": 66, "ch": 13, "v": 4 }
  ],
  "3.9": [
    {
      "votes": 1,
      "book": 66,
      "ch": 20,
      "v": 12,
      "v_end": 13
    }
  ],
  "3.10": [
    { "votes": 3, "book": 66, "ch": 16, "v": 15 },
    {
      "votes": 2,
      "book": 66,
      "ch": 3,
      "v": 17,
      "v_end": 18
    }
  ],
  "3.15": [
    { "votes": 55, "book": 66, "ch": 12, "v": 17 },
    {
      "votes": 24,
      "book": 66,
      "ch": 12,
      "v": 7,
      "v_end": 13
    },
    { "votes": 14, "book": 66, "ch": 20, "v": 10 },
    { "votes": 12, "book": 66, "ch": 2, "v": 10 },
    {
      "votes": 8,
      "book": 66,
      "ch": 20,
      "v": 1,
      "v_end": 3
    },
    { "votes": 6, "book": 66, "ch": 13, "v": 7 },
    {
      "votes": 4,
      "book": 66,
      "ch": 15,
      "v": 1,
      "v_end": 6
    },
    {
      "votes": 3,
      "book": 66,
      "ch": 20,
      "v": 7,
      "v_end": 8
    }
  ],
  "3.22": [
    { "votes": 11, "book": 66, "ch": 2, "v": 7 },
    { "votes": 8, "book": 66, "ch": 22, "v": 14 },
    { "votes": 7, "book": 66, "ch": 22, "v": 2 }
  ],
  "4.4": [{ "votes": 2, "book": 66, "ch": 13, "v": 8 }],
  "4.10": [
    {
      "votes": 6,
      "book": 66,
      "ch": 6,
      "v": 9,
      "v_end": 10
    }
  ],
  "4.11": [{ "votes": 2, "book": 66, "ch": 12, "v": 16 }],
  "4.13": [
    { "votes": 3, "book": 66, "ch": 16, "v": 9 },
    { "votes": 1, "book": 66, "ch": 16, "v": 11 },
    { "votes": 0, "book": 66, "ch": 16, "v": 21 }
  ],
  "4.15": [
    { "votes": 2, "book": 66, "ch": 14, "v": 11 },
    { "votes": 2, "book": 66, "ch": 14, "v": 9 }
  ],
  "7.4": [{ "votes": 3, "book": 66, "ch": 3, "v": 5 }],
  "8.1": [
    { "votes": 3, "book": 66, "ch": 18, "v": 5 },
    { "votes": 3, "book": 66, "ch": 16, "v": 19 }
  ],
  "9.6": [{ "votes": 11, "book": 66, "ch": 13, "v": 10 }],
  "9.13": [
    { "votes": 8, "book": 66, "ch": 10, "v": 1 },
    { "votes": 7, "book": 66, "ch": 4, "v": 3 }
  ],
  "9.21": [{ "votes": 1, "book": 66, "ch": 3, "v": 18 }],
  "10.2": [{ "votes": 4, "book": 66, "ch": 20, "v": 8 }],
  "12.1": [{ "votes": 4, "book": 66, "ch": 18, "v": 4 }],
  "12.3": [{ "votes": 7, "book": 66, "ch": 7, "v": 9 }],
  "13.16": [{ "votes": 2, "book": 66, "ch": 7, "v": 9 }],
  "14.12": [
    { "votes": 3, "book": 66, "ch": 3, "v": 19 },
    { "votes": 2, "book": 66, "ch": 18, "v": 4 }
  ],
  "14.22": [
    {
      "votes": 3,
      "book": 66,
      "ch": 10,
      "v": 5,
      "v_end": 6
    }
  ],
  "15.1": [
    {
      "votes": 13,
      "book": 66,
      "ch": 21,
      "v": 3,
      "v_end": 4
    },
    { "votes": 12, "book": 66, "ch": 1, "v": 17 }
  ],
  "17.3": [{ "votes": 3, "book": 66, "ch": 1, "v": 17 }],
  "17.5": [{ "votes": 3, "book": 66, "ch": 2, "v": 17 }],
  "17.17": [
    { "votes": 6, "book": 66, "ch": 11, "v": 16 },
    { "votes": 3, "book": 66, "ch": 5, "v": 8 }
  ],
  "18.8": [{ "votes": 2, "book": 66, "ch": 3, "v": 20 }],
  "19.12": [{ "votes": 5, "book": 66, "ch": 18, "v": 4 }],
  "19.13": [
    {
      "votes": 2,
      "book": 66,
      "ch": 16,
      "v": 1,
      "v_end": 12
    }
  ],
  "19.14": [
    {
      "votes": 4,
      "book": 66,
      "ch": 18,
      "v": 4,
      "v_end": 8
    }
  ],
  "19.15": [{ "votes": 4, "book": 66, "ch": 18, "v": 4 }],
  "19.28": [
    { "votes": 7, "book": 66, "ch": 18, "v": 9 },
    { "votes": 5, "book": 66, "ch": 9, "v": 2 },
    { "votes": 4, "book": 66, "ch": 21, "v": 8 },
    { "votes": 4, "book": 66, "ch": 18, "v": 18 },
    {
      "votes": 3,
      "book": 66,
      "ch": 14,
      "v": 10,
      "v_end": 11
    },
    { "votes": 3, "book": 66, "ch": 19, "v": 3 }
  ],
  "20.7": [
    {
      "votes": 3,
      "book": 66,
      "ch": 11,
      "v": 5,
      "v_end": 6
    }
  ],
  "20.16": [{ "votes": 2, "book": 66, "ch": 3, "v": 19 }],
  "21.22": [{ "votes": 3, "book": 66, "ch": 3, "v": 9 }],
  "22.8": [
    { "votes": 6, "book": 66, "ch": 5, "v": 12 },
    { "votes": 4, "book": 66, "ch": 7, "v": 14 },
    { "votes": 4, "book": 66, "ch": 13, "v": 8 },
    { "votes": 2, "book": 66, "ch": 5, "v": 6 }
  ],
  "22.12": [{ "votes": 0, "book": 66, "ch": 19, "v": 5 }],
  "22.17": [{ "votes": 6, "book": 66, "ch": 11, "v": 15 }],
  "24.7": [{ "votes": 3, "book": 66, "ch": 11, "v": 13 }],
  "24.40": [
    { "votes": 4, "book": 66, "ch": 22, "v": 16 },
    { "votes": 3, "book": 66, "ch": 22, "v": 8 }
  ],
  "26.24": [{ "votes": 5, "book": 66, "ch": 1, "v": 17 }],
  "26.27": [{ "votes": 3, "book": 66, "ch": 3, "v": 9 }],
  "27.29": [{ "votes": 3, "book": 66, "ch": 19, "v": 16 }],
  "28.3": [{ "votes": 4, "book": 66, "ch": 21, "v": 22 }],
  "28.14": [
    { "votes": 4, "book": 66, "ch": 7, "v": 9 },
    { "votes": 2, "book": 66, "ch": 7, "v": 4 }
  ],
  "28.17": [{ "votes": 5, "book": 66, "ch": 1, "v": 17 }],
  "29.2": [{ "votes": 3, "book": 66, "ch": 7, "v": 17 }],
  "29.22": [{ "votes": 4, "book": 66, "ch": 19, "v": 9 }],
  "29.25": [{ "votes": 3, "book": 66, "ch": 3, "v": 19 }],
  "30.24": [{ "votes": 4, "book": 66, "ch": 7, "v": 8 }],
  "32.28": [{ "votes": 13, "book": 66, "ch": 2, "v": 17 }],
  "33.10": [{ "votes": 3, "book": 66, "ch": 22, "v": 4 }],
  "35.22": [
    {
      "votes": 2,
      "book": 66,
      "ch": 7,
      "v": 4,
      "v_end": 8
    },
    { "votes": 2, "book": 66, "ch": 21, "v": 14 }
  ],
  "36.6": [{ "votes": 2, "book": 66, "ch": 18, "v": 13 }],
  "37.27": [{ "votes": 2, "book": 66, "ch": 18, "v": 13 }],
  "37.34": [{ "votes": 2, "book": 66, "ch": 11, "v": 3 }],
  "38.23": [{ "votes": 2, "book": 66, "ch": 16, "v": 15 }],
  "38.25": [{ "votes": 2, "book": 66, "ch": 20, "v": 12 }],
  "39.3": [{ "votes": 3, "book": 66, "ch": 3, "v": 9 }],
  "39.9": [
    { "votes": 1, "book": 66, "ch": 22, "v": 15 },
    { "votes": 0, "book": 66, "ch": 21, "v": 8 }
  ],
  "41.21": [
    {
      "votes": 2,
      "book": 66,
      "ch": 10,
      "v": 9,
      "v_end": 10
    }
  ],
  "41.25": [{ "votes": 3, "book": 66, "ch": 4, "v": 1 }],
  "41.32": [{ "votes": 2, "book": 66, "ch": 9, "v": 15 }],
  "42.6": [{ "votes": 2, "book": 66, "ch": 3, "v": 9 }],
  "42.22": [
    { "votes": 2, "book": 66, "ch": 13, "v": 10 },
    { "votes": 2, "book": 66, "ch": 16, "v": 9 }
  ],
  "45.3": [{ "votes": 2, "book": 66, "ch": 1, "v": 7 }],
  "45.13": [{ "votes": 2, "book": 66, "ch": 21, "v": 23 }],
  "45.22": [{ "votes": 2, "book": 66, "ch": 6, "v": 11 }],
  "46.12": [{ "votes": 2, "book": 66, "ch": 5, "v": 5 }],
  "48.3": [{ "votes": 2, "book": 66, "ch": 21, "v": 11 }],
  "48.5": [
    {
      "votes": 3,
      "book": 66,
      "ch": 7,
      "v": 6,
      "v_end": 7
    }
  ],
  "48.19": [
    { "votes": 2, "book": 66, "ch": 7, "v": 8 },
    { "votes": 2, "book": 66, "ch": 7, "v": 6 }
  ],
  "49.1": [{ "votes": 3, "book": 66, "ch": 4, "v": 1 }],
  "49.8": [
    { "votes": 2, "book": 66, "ch": 5, "v": 5 },
    { "votes": 2, "book": 66, "ch": 11, "v": 15 }
  ],
  "49.9": [{ "votes": 7, "book": 66, "ch": 5, "v": 5 }],
  "49.10": [{ "votes": 6, "book": 66, "ch": 11, "v": 15 }],
  "49.11": [
    { "votes": 3, "book": 66, "ch": 7, "v": 14 },
    { "votes": 2, "book": 66, "ch": 19, "v": 18 }
  ],
  "49.28": [{ "votes": 4, "book": 66, "ch": 7, "v": 4 }]
}
