{
  "2Sam.1.2": [{ "t": "Rev.3.9", "v": 2, "ch": 3, "vs": 9 }],
  "2Sam.3.1": [{ "t": "Rev.6.2", "v": 1, "ch": 6, "vs": 2 }],
  "2Sam.3.29": [{ "t": "Rev.16.6", "v": 2, "ch": 16, "vs": 6 }],
  "2Sam.4.8": [
    { "t": "Rev.18.20", "v": 2, "ch": 18, "vs": 20 },
    { "t": "Rev.6.10", "v": 2, "ch": 6, "vs": 10 }
  ],
  "2Sam.5.7": [{ "t": "Rev.14.1", "v": 2, "ch": 14, "vs": 1 }],
  "2Sam.5.17": [
    { "t": "Rev.11.15-Rev.11.18", "v": 3, "ch": 11, "vs": 15, "ve": 18 }
  ],
  "2Sam.7.6": [{ "t": "Rev.2.1", "v": 2, "ch": 2, "vs": 1 }],
  "2Sam.7.10": [{ "t": "Rev.21.4", "v": 5, "ch": 21, "vs": 4 }],
  "2Sam.7.14": [{ "t": "Rev.3.19", "v": 12, "ch": 3, "vs": 19 }],
  "2Sam.7.16": [{ "t": "Rev.11.15", "v": 4, "ch": 11, "vs": 15 }],
  "2Sam.7.20": [{ "t": "Rev.2.23", "v": 2, "ch": 2, "vs": 23 }],
  "2Sam.7.23": [{ "t": "Rev.5.9", "v": 3, "ch": 5, "vs": 9 }],
  "2Sam.9.7": [{ "t": "Rev.3.20", "v": 3, "ch": 3, "vs": 20 }],
  "2Sam.10.15": [
    { "t": "Rev.19.19-Rev.19.21", "v": 2, "ch": 19, "vs": 19, "ve": 21 }
  ],
  "2Sam.10.19": [{ "t": "Rev.18.10", "v": 2, "ch": 18, "vs": 10 }],
  "2Sam.12.13": [{ "t": "Rev.1.5", "v": 4, "ch": 1, "vs": 5 }],
  "2Sam.12.14": [{ "t": "Rev.3.19", "v": 3, "ch": 3, "vs": 19 }],
  "2Sam.14.24": [{ "t": "Rev.22.4", "v": 3, "ch": 22, "vs": 4 }],
  "2Sam.16.8": [{ "t": "Rev.16.6", "v": 2, "ch": 16, "vs": 6 }],
  "2Sam.18.28": [
    { "t": "Rev.19.1-Rev.19.3", "v": 2, "ch": 19, "vs": 1, "ve": 3 }
  ],
  "2Sam.19.18": [{ "t": "Rev.3.9", "v": 2, "ch": 3, "vs": 9 }],
  "2Sam.22.1": [
    { "t": "Rev.7.9-Rev.7.17", "v": 2, "ch": 7, "vs": 9, "ve": 17 }
  ],
  "2Sam.22.4": [
    { "t": "Rev.5.12", "v": 3, "ch": 5, "vs": 12 },
    { "t": "Rev.4.11", "v": 2, "ch": 4, "vs": 11 }
  ],
  "2Sam.22.5": [
    { "t": "Rev.12.15-Rev.12.16", "v": 2, "ch": 12, "vs": 15, "ve": 16 },
    { "t": "Rev.17.1", "v": 2, "ch": 17, "vs": 1 },
    { "t": "Rev.17.15", "v": 2, "ch": 17, "vs": 15 }
  ],
  "2Sam.22.14": [{ "t": "Rev.11.19", "v": 2, "ch": 11, "vs": 19 }],
  "2Sam.22.17": [{ "t": "Rev.17.15", "v": 6, "ch": 17, "vs": 15 }],
  "2Sam.22.29": [{ "t": "Rev.21.23", "v": 6, "ch": 21, "vs": 23 }],
  "2Sam.22.31": [{ "t": "Rev.15.3", "v": 4, "ch": 15, "vs": 3 }],
  "2Sam.22.40": [{ "t": "Rev.5.9", "v": 2, "ch": 5, "vs": 9 }],
  "2Sam.22.44": [{ "t": "Rev.11.15", "v": 2, "ch": 11, "vs": 15 }],
  "2Sam.22.51": [{ "t": "Rev.11.15", "v": 3, "ch": 11, "vs": 15 }],
  "2Sam.24.12": [{ "t": "Rev.3.19", "v": 3, "ch": 3, "vs": 19 }],
  "2Sam.24.15": [{ "t": "Rev.6.8", "v": 2, "ch": 6, "vs": 8 }]
}
