{
  "1Kgs.1.40": [
    { "t": "Rev.11.15-Rev.11.18", "v": 2, "ch": 11, "vs": 15, "ve": 18 }
  ],
  "1Kgs.2.7": [
    { "t": "Rev.3.20-Rev.3.21", "v": 2, "ch": 3, "vs": 20, "ve": 21 }
  ],
  "1Kgs.5.17": [
    { "t": "Rev.21.14-Rev.21.21", "v": 2, "ch": 21, "vs": 14, "ve": 21 }
  ],
  "1Kgs.6.2": [
    { "t": "Rev.21.16-Rev.21.17", "v": 2, "ch": 21, "vs": 16, "ve": 17 }
  ],
  "1Kgs.6.13": [{ "t": "Rev.21.3", "v": 4, "ch": 21, "vs": 3 }],
  "1Kgs.6.29": [
    { "t": "Rev.7.9", "v": 2, "ch": 7, "vs": 9 },
    { "t": "Rev.5.11-Rev.5.14", "v": 2, "ch": 5, "vs": 11, "ve": 14 }
  ],
  "1Kgs.6.30": [
    { "t": "Rev.21.18-Rev.21.21", "v": 2, "ch": 21, "vs": 18, "ve": 21 }
  ],
  "1Kgs.6.36": [{ "t": "Rev.11.2", "v": 2, "ch": 11, "vs": 2 }],
  "1Kgs.7.10": [
    { "t": "Rev.21.19-Rev.21.20", "v": 2, "ch": 21, "vs": 19, "ve": 20 }
  ],
  "1Kgs.7.21": [{ "t": "Rev.3.12", "v": 2, "ch": 3, "vs": 12 }],
  "1Kgs.7.25": [{ "t": "Rev.4.6-Rev.4.7", "v": 2, "ch": 4, "vs": 6, "ve": 7 }],
  "1Kgs.7.29": [
    { "t": "Rev.5.5", "v": 2, "ch": 5, "vs": 5 },
    { "t": "Rev.4.6-Rev.4.7", "v": 2, "ch": 4, "vs": 6, "ve": 7 }
  ],
  "1Kgs.7.38": [{ "t": "Rev.7.14", "v": 2, "ch": 7, "vs": 14 }],
  "1Kgs.7.49": [
    { "t": "Rev.1.20-Rev.2.1", "v": 2, "ch": 1, "vs": 20, "ve": 1 }
  ],
  "1Kgs.8.11": [
    { "t": "Rev.21.23", "v": 3, "ch": 21, "vs": 23 },
    { "t": "Rev.21.11", "v": 2, "ch": 21, "vs": 11 }
  ],
  "1Kgs.8.35": [{ "t": "Rev.11.6", "v": 3, "ch": 11, "vs": 6 }],
  "1Kgs.8.39": [
    { "t": "Rev.22.12", "v": 2, "ch": 22, "vs": 12 },
    { "t": "Rev.2.23", "v": 2, "ch": 2, "vs": 23 }
  ],
  "1Kgs.8.40": [
    { "t": "Rev.19.5", "v": 3, "ch": 19, "vs": 5 },
    { "t": "Rev.15.4", "v": 2, "ch": 15, "vs": 4 }
  ],
  "1Kgs.10.18": [
    { "t": "Rev.20.11", "v": 3, "ch": 20, "vs": 11 },
    { "t": "Rev.18.12", "v": 2, "ch": 18, "vs": 12 }
  ],
  "1Kgs.11.2": [{ "t": "Rev.2.4", "v": 3, "ch": 2, "vs": 4 }],
  "1Kgs.13.4": [{ "t": "Rev.11.5", "v": 4, "ch": 11, "vs": 5 }],
  "1Kgs.17.1": [{ "t": "Rev.11.6", "v": 5, "ch": 11, "vs": 6 }],
  "1Kgs.17.22": [{ "t": "Rev.11.11", "v": 7, "ch": 11, "vs": 11 }],
  "1Kgs.18.21": [
    { "t": "Rev.3.15-Rev.3.16", "v": 10, "ch": 3, "vs": 15, "ve": 16 }
  ],
  "1Kgs.18.31": [
    { "t": "Rev.7.4-Rev.7.8", "v": 2, "ch": 7, "vs": 4, "ve": 8 },
    { "t": "Rev.21.12", "v": 2, "ch": 21, "vs": 12 }
  ],
  "1Kgs.19.11": [
    { "t": "Rev.20.11", "v": 5, "ch": 20, "vs": 11 },
    { "t": "Rev.11.19", "v": 5, "ch": 11, "vs": 19 },
    { "t": "Rev.16.18", "v": 5, "ch": 16, "vs": 18 }
  ],
  "1Kgs.22.19": [
    { "t": "Rev.4.2-Rev.4.3", "v": 4, "ch": 4, "vs": 2, "ve": 3 },
    { "t": "Rev.5.11", "v": 3, "ch": 5, "vs": 11 }
  ],
  "1Kgs.22.22": [
    { "t": "Rev.13.14", "v": 3, "ch": 13, "vs": 14 },
    { "t": "Rev.20.10", "v": 3, "ch": 20, "vs": 10 },
    { "t": "Rev.16.13-Rev.16.14", "v": 3, "ch": 16, "vs": 13, "ve": 14 },
    { "t": "Rev.20.7", "v": 2, "ch": 20, "vs": 7 },
    { "t": "Rev.17.17", "v": 2, "ch": 17, "vs": 17 },
    { "t": "Rev.20.3", "v": 2, "ch": 20, "vs": 3 },
    { "t": "Rev.12.9-Rev.12.10", "v": 2, "ch": 12, "vs": 9, "ve": 10 }
  ]
}
