{
  "2Kgs.1.8": [{ "t": "Rev.11.3", "v": 2, "ch": 11, "vs": 3 }],
  "2Kgs.1.10": [{ "t": "Rev.11.5", "v": 5, "ch": 11, "vs": 5 }],
  "2Kgs.1.13": [{ "t": "Rev.3.9", "v": 2, "ch": 3, "vs": 9 }],
  "2Kgs.2.1": [{ "t": "Rev.11.12", "v": 2, "ch": 11, "vs": 12 }],
  "2Kgs.2.8": [{ "t": "Rev.16.12", "v": 2, "ch": 16, "vs": 12 }],
  "2Kgs.2.12": [{ "t": "Rev.11.12", "v": 2, "ch": 11, "vs": 12 }],
  "2Kgs.2.21": [
    { "t": "Rev.21.4", "v": 4, "ch": 21, "vs": 4 },
    { "t": "Rev.22.2-Rev.22.3", "v": 4, "ch": 22, "vs": 2, "ve": 3 }
  ],
  "2Kgs.3.12": [{ "t": "Rev.3.9", "v": 2, "ch": 3, "vs": 9 }],
  "2Kgs.4.1": [
    { "t": "Rev.19.5", "v": 4, "ch": 19, "vs": 5 },
    { "t": "Rev.15.4", "v": 2, "ch": 15, "vs": 4 }
  ],
  "2Kgs.5.13": [{ "t": "Rev.7.14", "v": 4, "ch": 7, "vs": 14 }],
  "2Kgs.5.22": [{ "t": "Rev.21.8", "v": 2, "ch": 21, "vs": 8 }],
  "2Kgs.6.5": [
    { "t": "Rev.18.10", "v": 3, "ch": 18, "vs": 10 },
    { "t": "Rev.18.19", "v": 2, "ch": 18, "vs": 19 },
    { "t": "Rev.18.16", "v": 2, "ch": 18, "vs": 16 }
  ],
  "2Kgs.6.9": [{ "t": "Rev.1.1", "v": 2, "ch": 1, "vs": 1 }],
  "2Kgs.6.17": [
    { "t": "Rev.19.14", "v": 8, "ch": 19, "vs": 14 },
    { "t": "Rev.19.11", "v": 7, "ch": 19, "vs": 11 },
    { "t": "Rev.3.7", "v": 3, "ch": 3, "vs": 7 }
  ],
  "2Kgs.6.33": [
    { "t": "Rev.16.9-Rev.16.11", "v": 2, "ch": 16, "vs": 9, "ve": 11 }
  ],
  "2Kgs.7.1": [{ "t": "Rev.6.6", "v": 4, "ch": 6, "vs": 6 }],
  "2Kgs.7.6": [
    { "t": "Rev.9.9", "v": 4, "ch": 9, "vs": 9 },
    { "t": "Rev.6.15-Rev.6.16", "v": 2, "ch": 6, "vs": 15, "ve": 16 }
  ],
  "2Kgs.8.10": [{ "t": "Rev.22.1", "v": 2, "ch": 22, "vs": 1 }],
  "2Kgs.8.13": [{ "t": "Rev.22.15", "v": 2, "ch": 22, "vs": 15 }],
  "2Kgs.9.7": [
    { "t": "Rev.6.9-Rev.6.10", "v": 2, "ch": 6, "vs": 9, "ve": 10 },
    { "t": "Rev.19.2", "v": 2, "ch": 19, "vs": 2 },
    { "t": "Rev.18.20", "v": 2, "ch": 18, "vs": 20 }
  ],
  "2Kgs.9.22": [
    { "t": "Rev.18.3", "v": 3, "ch": 18, "vs": 3 },
    { "t": "Rev.2.20-Rev.2.23", "v": 3, "ch": 2, "vs": 20, "ve": 23 },
    { "t": "Rev.18.23", "v": 3, "ch": 18, "vs": 23 },
    { "t": "Rev.17.4-Rev.17.5", "v": 2, "ch": 17, "vs": 4, "ve": 5 }
  ],
  "2Kgs.10.6": [
    { "t": "Rev.2.20-Rev.2.23", "v": 2, "ch": 2, "vs": 20, "ve": 23 }
  ],
  "2Kgs.10.11": [
    { "t": "Rev.19.20", "v": 2, "ch": 19, "vs": 20 },
    { "t": "Rev.20.10", "v": 2, "ch": 20, "vs": 10 }
  ],
  "2Kgs.10.21": [{ "t": "Rev.16.16", "v": 2, "ch": 16, "vs": 16 }],
  "2Kgs.10.25": [
    { "t": "Rev.16.6-Rev.16.7", "v": 4, "ch": 16, "vs": 6, "ve": 7 }
  ],
  "2Kgs.11.12": [{ "t": "Rev.19.12", "v": 2, "ch": 19, "vs": 12 }],
  "2Kgs.11.14": [
    { "t": "Rev.19.1-Rev.19.7", "v": 3, "ch": 19, "vs": 1, "ve": 7 }
  ],
  "2Kgs.11.16": [
    { "t": "Rev.16.5-Rev.16.7", "v": 2, "ch": 16, "vs": 5, "ve": 7 }
  ],
  "2Kgs.13.21": [{ "t": "Rev.11.11", "v": 2, "ch": 11, "vs": 11 }],
  "2Kgs.14.27": [{ "t": "Rev.3.5", "v": 2, "ch": 3, "vs": 5 }],
  "2Kgs.17.36": [{ "t": "Rev.15.4", "v": 2, "ch": 15, "vs": 4 }],
  "2Kgs.17.41": [
    { "t": "Rev.3.15-Rev.3.16", "v": 2, "ch": 3, "vs": 15, "ve": 16 }
  ],
  "2Kgs.18.28": [{ "t": "Rev.19.6", "v": 2, "ch": 19, "vs": 6 }],
  "2Kgs.19.6": [{ "t": "Rev.13.6", "v": 2, "ch": 13, "vs": 6 }],
  "2Kgs.20.5": [{ "t": "Rev.7.17", "v": 9, "ch": 7, "vs": 17 }],
  "2Kgs.21.9": [{ "t": "Rev.2.20", "v": 2, "ch": 2, "vs": 20 }],
  "2Kgs.21.12": [
    { "t": "Rev.6.15-Rev.6.17", "v": 1, "ch": 6, "vs": 15, "ve": 17 }
  ],
  "2Kgs.21.13": [
    { "t": "Rev.18.21-Rev.18.23", "v": 2, "ch": 18, "vs": 21, "ve": 23 }
  ],
  "2Kgs.22.13": [{ "t": "Rev.6.17", "v": 2, "ch": 6, "vs": 17 }],
  "2Kgs.23.2": [{ "t": "Rev.20.12", "v": 3, "ch": 20, "vs": 12 }],
  "2Kgs.23.24": [{ "t": "Rev.22.15", "v": 2, "ch": 22, "vs": 15 }],
  "2Kgs.23.29": [{ "t": "Rev.16.16", "v": 2, "ch": 16, "vs": 16 }]
}
