{
  "1Chr.2.1": [{ "t": "Rev.7.5-Rev.7.8", "v": 5, "ch": 7, "vs": 5, "ve": 8 }],
  "1Chr.4.10": [{ "t": "Rev.3.19", "v": 3, "ch": 3, "vs": 19 }],
  "1Chr.5.2": [{ "t": "Rev.5.5", "v": 2, "ch": 5, "vs": 5 }],
  "1Chr.5.21": [{ "t": "Rev.18.13", "v": 4, "ch": 18, "vs": 13 }],
  "1Chr.5.25": [{ "t": "Rev.17.5", "v": 3, "ch": 17, "vs": 5 }],
  "1Chr.7.29": [{ "t": "Rev.16.16", "v": 2, "ch": 16, "vs": 16 }],
  "1Chr.11.5": [{ "t": "Rev.14.1", "v": 2, "ch": 14, "vs": 1 }],
  "1Chr.12.40": [
    { "t": "Rev.19.5-Rev.19.7", "v": 2, "ch": 19, "vs": 5, "ve": 7 }
  ],
  "1Chr.14.8": [
    { "t": "Rev.11.15-Rev.11.18", "v": 3, "ch": 11, "vs": 15, "ve": 18 }
  ],
  "1Chr.15.12": [
    { "t": "Rev.5.9-Rev.5.10", "v": 2, "ch": 5, "vs": 9, "ve": 10 }
  ],
  "1Chr.16.12": [
    { "t": "Rev.19.2", "v": 2, "ch": 19, "vs": 2 },
    { "t": "Rev.16.7", "v": 2, "ch": 16, "vs": 7 }
  ],
  "1Chr.16.25": [
    { "t": "Rev.15.3-Rev.15.4", "v": 3, "ch": 15, "vs": 3, "ve": 4 }
  ],
  "1Chr.16.26": [{ "t": "Rev.14.7", "v": 2, "ch": 14, "vs": 7 }],
  "1Chr.16.29": [
    { "t": "Rev.7.12", "v": 4, "ch": 7, "vs": 12 },
    { "t": "Rev.4.9-Rev.4.11", "v": 4, "ch": 4, "vs": 9, "ve": 11 },
    { "t": "Rev.5.12-Rev.5.14", "v": 2, "ch": 5, "vs": 12, "ve": 14 }
  ],
  "1Chr.16.30": [{ "t": "Rev.11.15", "v": 3, "ch": 11, "vs": 15 }],
  "1Chr.16.31": [{ "t": "Rev.19.6", "v": 4, "ch": 19, "vs": 6 }],
  "1Chr.16.33": [
    { "t": "Rev.11.17-Rev.11.18", "v": 3, "ch": 11, "vs": 17, "ve": 18 }
  ],
  "1Chr.17.6": [{ "t": "Rev.2.1", "v": 2, "ch": 2, "vs": 1 }],
  "1Chr.17.9": [{ "t": "Rev.21.4", "v": 3, "ch": 21, "vs": 4 }],
  "1Chr.17.12": [{ "t": "Rev.11.15", "v": 3, "ch": 11, "vs": 15 }],
  "1Chr.17.18": [{ "t": "Rev.2.23", "v": 2, "ch": 2, "vs": 23 }],
  "1Chr.17.24": [{ "t": "Rev.21.3", "v": 2, "ch": 21, "vs": 3 }],
  "1Chr.21.1": [{ "t": "Rev.12.10", "v": 5, "ch": 12, "vs": 10 }],
  "1Chr.21.10": [{ "t": "Rev.3.19", "v": 2, "ch": 3, "vs": 19 }],
  "1Chr.21.12": [{ "t": "Rev.7.1-Rev.7.3", "v": 2, "ch": 7, "vs": 1, "ve": 3 }],
  "1Chr.21.30": [
    { "t": "Rev.1.17", "v": 2, "ch": 1, "vs": 17 },
    { "t": "Rev.15.4", "v": 2, "ch": 15, "vs": 4 }
  ],
  "1Chr.23.13": [{ "t": "Rev.8.3", "v": 2, "ch": 8, "vs": 3 }],
  "1Chr.23.30": [
    { "t": "Rev.14.3", "v": 2, "ch": 14, "vs": 3 },
    { "t": "Rev.5.8-Rev.5.14", "v": 2, "ch": 5, "vs": 8, "ve": 14 }
  ],
  "1Chr.25.1": [
    { "t": "Rev.15.2-Rev.15.4", "v": 4, "ch": 15, "vs": 2, "ve": 4 }
  ],
  "1Chr.28.9": [{ "t": "Rev.2.23", "v": 10, "ch": 2, "vs": 23 }],
  "1Chr.28.15": [
    { "t": "Rev.1.20-Rev.2.1", "v": 2, "ch": 1, "vs": 20, "ve": 1 },
    { "t": "Rev.1.12-Rev.1.13", "v": 2, "ch": 1, "vs": 12, "ve": 13 }
  ],
  "1Chr.29.2": [
    { "t": "Rev.21.18-Rev.21.21", "v": 2, "ch": 21, "vs": 18, "ve": 21 }
  ],
  "1Chr.29.10": [{ "t": "Rev.5.12", "v": 4, "ch": 5, "vs": 12 }],
  "1Chr.29.11": [
    { "t": "Rev.5.12-Rev.5.13", "v": 27, "ch": 5, "vs": 12, "ve": 13 },
    { "t": "Rev.7.9-Rev.7.12", "v": 20, "ch": 7, "vs": 9, "ve": 12 },
    { "t": "Rev.11.15", "v": 18, "ch": 11, "vs": 15 },
    { "t": "Rev.4.10-Rev.4.11", "v": 15, "ch": 4, "vs": 10, "ve": 11 },
    { "t": "Rev.19.1", "v": 13, "ch": 19, "vs": 1 }
  ],
  "1Chr.29.12": [{ "t": "Rev.11.17", "v": 4, "ch": 11, "vs": 17 }],
  "1Chr.29.14": [{ "t": "Rev.4.10", "v": 1, "ch": 4, "vs": 10 }],
  "1Chr.29.17": [{ "t": "Rev.2.23", "v": 2, "ch": 2, "vs": 23 }]
}
