{
  "2Chr.2.12": [
    { "t": "Rev.4.11", "v": 3, "ch": 4, "vs": 11 },
    { "t": "Rev.10.6", "v": 2, "ch": 10, "vs": 6 }
  ],
  "2Chr.3.6": [
    { "t": "Rev.21.18-Rev.21.21", "v": 2, "ch": 21, "vs": 18, "ve": 21 }
  ],
  "2Chr.4.2": [{ "t": "Rev.7.14", "v": 2, "ch": 7, "vs": 14 }],
  "2Chr.4.3": [{ "t": "Rev.4.7", "v": 2, "ch": 4, "vs": 7 }],
  "2Chr.4.4": [{ "t": "Rev.21.14", "v": 2, "ch": 21, "vs": 14 }],
  "2Chr.4.6": [
    { "t": "Rev.1.5-Rev.1.6", "v": 2, "ch": 1, "vs": 5, "ve": 6 },
    { "t": "Rev.7.14", "v": 2, "ch": 7, "vs": 14 }
  ],
  "2Chr.4.7": [{ "t": "Rev.1.20", "v": 2, "ch": 1, "vs": 20 }],
  "2Chr.4.19": [
    { "t": "Rev.9.13", "v": 2, "ch": 9, "vs": 13 },
    { "t": "Rev.8.3", "v": 2, "ch": 8, "vs": 3 }
  ],
  "2Chr.5.12": [
    { "t": "Rev.19.8", "v": 2, "ch": 19, "vs": 8 },
    { "t": "Rev.15.6", "v": 2, "ch": 15, "vs": 6 }
  ],
  "2Chr.5.13": [
    { "t": "Rev.5.8-Rev.5.14", "v": 5, "ch": 5, "vs": 8, "ve": 14 }
  ],
  "2Chr.5.14": [{ "t": "Rev.15.8", "v": 12, "ch": 15, "vs": 8 }],
  "2Chr.6.2": [{ "t": "Rev.21.3", "v": 2, "ch": 21, "vs": 3 }],
  "2Chr.6.26": [{ "t": "Rev.11.6", "v": 2, "ch": 11, "vs": 6 }],
  "2Chr.6.28": [
    { "t": "Rev.9.3-Rev.9.11", "v": 4, "ch": 9, "vs": 3, "ve": 11 }
  ],
  "2Chr.6.30": [{ "t": "Rev.2.23", "v": 3, "ch": 2, "vs": 23 }],
  "2Chr.6.33": [{ "t": "Rev.11.15", "v": 2, "ch": 11, "vs": 15 }],
  "2Chr.6.41": [
    { "t": "Rev.19.14", "v": 2, "ch": 19, "vs": 14 },
    { "t": "Rev.19.8", "v": 2, "ch": 19, "vs": 8 }
  ],
  "2Chr.7.1": [{ "t": "Rev.21.23", "v": 2, "ch": 21, "vs": 23 }],
  "2Chr.7.2": [{ "t": "Rev.15.8", "v": 6, "ch": 15, "vs": 8 }],
  "2Chr.7.13": [
    { "t": "Rev.11.6", "v": 7, "ch": 11, "vs": 6 },
    { "t": "Rev.3.7", "v": 6, "ch": 3, "vs": 7 }
  ],
  "2Chr.9.4": [
    { "t": "Rev.3.20", "v": 2, "ch": 3, "vs": 20 },
    { "t": "Rev.1.17", "v": 2, "ch": 1, "vs": 17 }
  ],
  "2Chr.9.11": [{ "t": "Rev.5.8", "v": 2, "ch": 5, "vs": 8 }],
  "2Chr.9.17": [{ "t": "Rev.20.11", "v": 2, "ch": 20, "vs": 11 }],
  "2Chr.9.18": [{ "t": "Rev.5.5", "v": 2, "ch": 5, "vs": 5 }],
  "2Chr.9.19": [{ "t": "Rev.21.12", "v": 2, "ch": 21, "vs": 12 }],
  "2Chr.9.26": [{ "t": "Rev.19.16", "v": 2, "ch": 19, "vs": 16 }],
  "2Chr.10.11": [
    { "t": "Rev.9.3", "v": 2, "ch": 9, "vs": 3 },
    { "t": "Rev.9.10", "v": 2, "ch": 9, "vs": 10 },
    { "t": "Rev.9.5", "v": 2, "ch": 9, "vs": 5 }
  ],
  "2Chr.10.16": [{ "t": "Rev.22.16", "v": 2, "ch": 22, "vs": 16 }],
  "2Chr.11.3": [{ "t": "Rev.7.4-Rev.7.8", "v": 2, "ch": 7, "vs": 4, "ve": 8 }],
  "2Chr.11.15": [{ "t": "Rev.16.14", "v": 2, "ch": 16, "vs": 14 }],
  "2Chr.12.3": [{ "t": "Rev.9.16", "v": 2, "ch": 9, "vs": 16 }],
  "2Chr.12.7": [
    { "t": "Rev.16.2-Rev.16.17", "v": 2, "ch": 16, "vs": 2, "ve": 17 },
    { "t": "Rev.14.10", "v": 2, "ch": 14, "vs": 10 }
  ],
  "2Chr.13.11": [{ "t": "Rev.8.3-Rev.8.4", "v": 2, "ch": 8, "vs": 3, "ve": 4 }],
  "2Chr.14.9": [{ "t": "Rev.16.14", "v": 2, "ch": 16, "vs": 14 }],
  "2Chr.15.2": [
    { "t": "Rev.2.7", "v": 3, "ch": 2, "vs": 7 },
    { "t": "Rev.3.22", "v": 2, "ch": 3, "vs": 22 },
    { "t": "Rev.3.13", "v": 2, "ch": 3, "vs": 13 },
    { "t": "Rev.2.17", "v": 2, "ch": 2, "vs": 17 },
    { "t": "Rev.2.29", "v": 2, "ch": 2, "vs": 29 },
    { "t": "Rev.2.11", "v": 2, "ch": 2, "vs": 11 },
    { "t": "Rev.3.6", "v": 2, "ch": 3, "vs": 6 }
  ],
  "2Chr.15.8": [
    { "t": "Rev.17.4-Rev.17.5", "v": 2, "ch": 17, "vs": 4, "ve": 5 }
  ],
  "2Chr.15.13": [
    { "t": "Rev.20.12", "v": 2, "ch": 20, "vs": 12 },
    { "t": "Rev.6.15", "v": 1, "ch": 6, "vs": 15 }
  ],
  "2Chr.16.12": [{ "t": "Rev.3.19", "v": 3, "ch": 3, "vs": 19 }],
  "2Chr.18.5": [{ "t": "Rev.19.20", "v": 2, "ch": 19, "vs": 20 }],
  "2Chr.18.11": [
    { "t": "Rev.19.20", "v": 2, "ch": 19, "vs": 20 },
    { "t": "Rev.16.13-Rev.16.14", "v": 2, "ch": 16, "vs": 13, "ve": 14 }
  ],
  "2Chr.18.21": [
    { "t": "Rev.20.8", "v": 2, "ch": 20, "vs": 8 },
    { "t": "Rev.12.9", "v": 2, "ch": 12, "vs": 9 },
    { "t": "Rev.13.14", "v": 2, "ch": 13, "vs": 14 }
  ],
  "2Chr.18.26": [{ "t": "Rev.11.10", "v": 2, "ch": 11, "vs": 10 }],
  "2Chr.20.1": [{ "t": "Rev.3.19", "v": 2, "ch": 3, "vs": 19 }],
  "2Chr.20.12": [{ "t": "Rev.19.11", "v": 5, "ch": 19, "vs": 11 }],
  "2Chr.20.26": [
    { "t": "Rev.19.1-Rev.19.6", "v": 2, "ch": 19, "vs": 1, "ve": 6 }
  ],
  "2Chr.20.27": [{ "t": "Rev.18.20", "v": 2, "ch": 18, "vs": 20 }],
  "2Chr.20.28": [
    { "t": "Rev.14.2-Rev.14.3", "v": 3, "ch": 14, "vs": 2, "ve": 3 }
  ],
  "2Chr.20.37": [{ "t": "Rev.3.19", "v": 2, "ch": 3, "vs": 19 }],
  "2Chr.21.11": [
    { "t": "Rev.13.15-Rev.13.17", "v": 2, "ch": 13, "vs": 15, "ve": 17 },
    { "t": "Rev.17.1-Rev.17.6", "v": 2, "ch": 17, "vs": 1, "ve": 6 },
    { "t": "Rev.2.20-Rev.2.22", "v": 2, "ch": 2, "vs": 20, "ve": 22 }
  ],
  "2Chr.23.11": [
    { "t": "Rev.5.10", "v": 2, "ch": 5, "vs": 10 },
    { "t": "Rev.4.10", "v": 2, "ch": 4, "vs": 10 },
    { "t": "Rev.19.12", "v": 2, "ch": 19, "vs": 12 },
    { "t": "Rev.4.4", "v": 2, "ch": 4, "vs": 4 }
  ],
  "2Chr.23.15": [
    { "t": "Rev.16.5-Rev.16.7", "v": 2, "ch": 16, "vs": 5, "ve": 7 }
  ],
  "2Chr.23.21": [
    { "t": "Rev.19.1-Rev.19.4", "v": 2, "ch": 19, "vs": 1, "ve": 4 },
    { "t": "Rev.18.20", "v": 2, "ch": 18, "vs": 20 }
  ],
  "2Chr.24.7": [{ "t": "Rev.2.20", "v": 2, "ch": 2, "vs": 20 }],
  "2Chr.24.22": [
    { "t": "Rev.6.9-Rev.6.11", "v": 3, "ch": 6, "vs": 9, "ve": 11 },
    { "t": "Rev.19.2", "v": 3, "ch": 19, "vs": 2 },
    { "t": "Rev.18.20", "v": 2, "ch": 18, "vs": 20 }
  ],
  "2Chr.24.25": [{ "t": "Rev.16.6", "v": 2, "ch": 16, "vs": 6 }],
  "2Chr.25.16": [{ "t": "Rev.11.10", "v": 2, "ch": 11, "vs": 10 }],
  "2Chr.28.9": [{ "t": "Rev.18.5", "v": 5, "ch": 18, "vs": 5 }],
  "2Chr.28.19": [
    { "t": "Rev.16.15", "v": 2, "ch": 16, "vs": 15 },
    { "t": "Rev.3.17-Rev.3.18", "v": 2, "ch": 3, "vs": 17, "ve": 18 }
  ],
  "2Chr.28.22": [
    { "t": "Rev.16.9-Rev.16.11", "v": 2, "ch": 16, "vs": 9, "ve": 11 }
  ],
  "2Chr.29.28": [
    { "t": "Rev.5.8-Rev.5.14", "v": 2, "ch": 5, "vs": 8, "ve": 14 }
  ],
  "2Chr.30.8": [{ "t": "Rev.7.15", "v": 2, "ch": 7, "vs": 15 }],
  "2Chr.31.5": [{ "t": "Rev.14.4", "v": 2, "ch": 14, "vs": 4 }],
  "2Chr.32.17": [{ "t": "Rev.13.6", "v": 2, "ch": 13, "vs": 6 }],
  "2Chr.32.21": [
    { "t": "Rev.6.15-Rev.6.16", "v": 2, "ch": 6, "vs": 15, "ve": 16 },
    { "t": "Rev.19.17-Rev.19.18", "v": 1, "ch": 19, "vs": 17, "ve": 18 }
  ],
  "2Chr.34.25": [
    { "t": "Rev.14.10-Rev.14.11", "v": 2, "ch": 14, "vs": 10, "ve": 11 }
  ],
  "2Chr.35.22": [{ "t": "Rev.16.16", "v": 2, "ch": 16, "vs": 16 }]
}
