{
  "Ezra.3.11": [
    { "t": "Rev.21.10-Rev.21.14", "v": 3, "ch": 21, "vs": 10, "ve": 14 }
  ],
  "Ezra.4.6": [{ "t": "Rev.12.10", "v": 2, "ch": 12, "vs": 10 }],
  "Ezra.6.1": [{ "t": "Rev.5.1", "v": 2, "ch": 5, "vs": 1 }],
  "Ezra.6.3": [{ "t": "Rev.21.16", "v": 3, "ch": 21, "vs": 16 }],
  "Ezra.6.4": [{ "t": "Rev.12.16", "v": 2, "ch": 12, "vs": 16 }],
  "Ezra.6.12": [
    { "t": "Rev.19.14-Rev.19.21", "v": 2, "ch": 19, "vs": 14, "ve": 21 }
  ],
  "Ezra.6.17": [
    { "t": "Rev.7.4-Rev.7.8", "v": 3, "ch": 7, "vs": 4, "ve": 8 },
    { "t": "Rev.21.12", "v": 1, "ch": 21, "vs": 12 }
  ],
  "Ezra.7.10": [{ "t": "Rev.22.14", "v": 3, "ch": 22, "vs": 14 }],
  "Ezra.7.12": [
    { "t": "Rev.17.14", "v": 2, "ch": 17, "vs": 14 },
    { "t": "Rev.19.16", "v": 2, "ch": 19, "vs": 16 }
  ],
  "Ezra.7.13": [{ "t": "Rev.22.17", "v": 2, "ch": 22, "vs": 17 }],
  "Ezra.7.15": [
    { "t": "Rev.21.24-Rev.21.26", "v": 2, "ch": 21, "vs": 24, "ve": 26 }
  ],
  "Ezra.7.27": [{ "t": "Rev.17.17", "v": 3, "ch": 17, "vs": 17 }],
  "Ezra.8.36": [{ "t": "Rev.12.16", "v": 2, "ch": 12, "vs": 16 }],
  "Ezra.9.6": [{ "t": "Rev.18.5", "v": 8, "ch": 18, "vs": 5 }],
  "Ezra.9.8": [{ "t": "Rev.3.12", "v": 2, "ch": 3, "vs": 12 }]
}
