{
  "Neh.1.7": [{ "t": "Rev.19.2", "v": 2, "ch": 19, "vs": 2 }],
  "Neh.2.12": [{ "t": "Rev.17.17", "v": 5, "ch": 17, "vs": 17 }],
  "Neh.4.7": [
    { "t": "Rev.12.12-Rev.12.13", "v": 3, "ch": 12, "vs": 12, "ve": 13 },
    { "t": "Rev.12.17", "v": 3, "ch": 12, "vs": 17 }
  ],
  "Neh.6.12": [{ "t": "Rev.18.13", "v": 2, "ch": 18, "vs": 13 }],
  "Neh.6.13": [{ "t": "Rev.21.8", "v": 2, "ch": 21, "vs": 8 }],
  "Neh.6.14": [{ "t": "Rev.19.20", "v": 2, "ch": 19, "vs": 20 }],
  "Neh.8.3": [
    { "t": "Rev.3.22", "v": 4, "ch": 3, "vs": 22 },
    { "t": "Rev.2.29", "v": 3, "ch": 2, "vs": 29 }
  ],
  "Neh.8.6": [{ "t": "Rev.7.11", "v": 5, "ch": 7, "vs": 11 }],
  "Neh.8.10": [{ "t": "Rev.11.10", "v": 1, "ch": 11, "vs": 10 }],
  "Neh.8.15": [{ "t": "Rev.7.9", "v": 2, "ch": 7, "vs": 9 }],
  "Neh.9.6": [
    { "t": "Rev.4.11", "v": 12, "ch": 4, "vs": 11 },
    { "t": "Rev.14.7", "v": 6, "ch": 14, "vs": 7 },
    { "t": "Rev.5.11-Rev.5.13", "v": 5, "ch": 5, "vs": 11, "ve": 13 }
  ],
  "Neh.9.11": [{ "t": "Rev.18.21", "v": 2, "ch": 18, "vs": 21 }],
  "Neh.11.18": [
    { "t": "Rev.21.2", "v": 3, "ch": 21, "vs": 2 },
    { "t": "Rev.11.2", "v": 2, "ch": 11, "vs": 2 }
  ],
  "Neh.12.27": [{ "t": "Rev.5.8", "v": 2, "ch": 5, "vs": 8 }],
  "Neh.13.14": [{ "t": "Rev.3.5", "v": 2, "ch": 3, "vs": 5 }],
  "Neh.13.15": [
    { "t": "Rev.22.18-Rev.22.19", "v": 2, "ch": 22, "vs": 18, "ve": 19 }
  ]
}
