{
  "Esth.1.4": [{ "t": "Rev.4.11", "v": 2, "ch": 4, "vs": 11 }],
  "Esth.1.12": [
    { "t": "Rev.6.16-Rev.6.17", "v": 1, "ch": 6, "vs": 16, "ve": 17 }
  ],
  "Esth.1.14": [{ "t": "Rev.22.4", "v": 2, "ch": 22, "vs": 4 }],
  "Esth.2.18": [
    { "t": "Rev.11.10", "v": 2, "ch": 11, "vs": 10 },
    { "t": "Rev.19.9", "v": 2, "ch": 19, "vs": 9 }
  ],
  "Esth.3.6": [{ "t": "Rev.12.12", "v": 1, "ch": 12, "vs": 12 }],
  "Esth.3.15": [{ "t": "Rev.11.10", "v": 2, "ch": 11, "vs": 10 }],
  "Esth.4.1": [
    { "t": "Rev.18.17-Rev.18.19", "v": 3, "ch": 18, "vs": 17, "ve": 19 }
  ],
  "Esth.5.1": [{ "t": "Rev.3.21", "v": 5, "ch": 3, "vs": 21 }],
  "Esth.5.14": [{ "t": "Rev.11.10", "v": 2, "ch": 11, "vs": 10 }],
  "Esth.6.10": [{ "t": "Rev.18.7", "v": 2, "ch": 18, "vs": 7 }],
  "Esth.6.11": [{ "t": "Rev.3.9", "v": 2, "ch": 3, "vs": 9 }],
  "Esth.7.7": [{ "t": "Rev.3.9", "v": 2, "ch": 3, "vs": 9 }],
  "Esth.8.13": [{ "t": "Rev.6.10", "v": 4, "ch": 6, "vs": 10 }],
  "Esth.9.1": [{ "t": "Rev.11.18", "v": 4, "ch": 11, "vs": 18 }],
  "Esth.9.19": [{ "t": "Rev.11.10", "v": 4, "ch": 11, "vs": 10 }]
}
