{
  "Job.1.6": [
    { "t": "Rev.12.9-Rev.12.10", "v": 9, "ch": 12, "vs": 9, "ve": 10 }
  ],
  "Job.1.7": [
    { "t": "Rev.20.8", "v": 3, "ch": 20, "vs": 8 },
    { "t": "Rev.12.12-Rev.12.17", "v": 3, "ch": 12, "vs": 12, "ve": 17 },
    { "t": "Rev.12.9", "v": 2, "ch": 12, "vs": 9 }
  ],
  "Job.1.11": [
    { "t": "Rev.16.11", "v": 7, "ch": 16, "vs": 11 },
    { "t": "Rev.16.21", "v": 3, "ch": 16, "vs": 21 },
    { "t": "Rev.16.9", "v": 3, "ch": 16, "vs": 9 }
  ],
  "Job.1.16": [{ "t": "Rev.13.13", "v": 3, "ch": 13, "vs": 13 }],
  "Job.2.6": [
    { "t": "Rev.2.10", "v": 3, "ch": 2, "vs": 10 },
    { "t": "Rev.20.1-Rev.20.2", "v": 1, "ch": 20, "vs": 1, "ve": 2 },
    { "t": "Rev.20.7", "v": 1, "ch": 20, "vs": 7 }
  ],
  "Job.2.7": [{ "t": "Rev.16.11", "v": 2, "ch": 16, "vs": 11 }],
  "Job.2.12": [{ "t": "Rev.18.19", "v": 2, "ch": 18, "vs": 19 }],
  "Job.3.4": [{ "t": "Rev.16.10", "v": 2, "ch": 16, "vs": 10 }],
  "Job.3.7": [
    { "t": "Rev.18.22-Rev.18.23", "v": 2, "ch": 18, "vs": 22, "ve": 23 }
  ],
  "Job.3.17": [{ "t": "Rev.14.13", "v": 5, "ch": 14, "vs": 13 }],
  "Job.3.21": [{ "t": "Rev.9.6", "v": 6, "ch": 9, "vs": 6 }],
  "Job.4.9": [{ "t": "Rev.2.16", "v": 3, "ch": 2, "vs": 16 }],
  "Job.4.14": [{ "t": "Rev.1.17", "v": 3, "ch": 1, "vs": 17 }],
  "Job.4.17": [{ "t": "Rev.4.8", "v": 3, "ch": 4, "vs": 8 }],
  "Job.5.17": [{ "t": "Rev.3.19", "v": 19, "ch": 3, "vs": 19 }],
  "Job.6.9": [{ "t": "Rev.9.6", "v": 3, "ch": 9, "vs": 6 }],
  "Job.6.10": [
    { "t": "Rev.4.8", "v": 2, "ch": 4, "vs": 8 },
    { "t": "Rev.3.7", "v": 2, "ch": 3, "vs": 7 }
  ],
  "Job.6.21": [
    { "t": "Rev.18.17-Rev.18.18", "v": 2, "ch": 18, "vs": 17, "ve": 18 },
    { "t": "Rev.18.9-Rev.18.10", "v": 2, "ch": 18, "vs": 9, "ve": 10 }
  ],
  "Job.7.19": [{ "t": "Rev.6.10", "v": 2, "ch": 6, "vs": 10 }],
  "Job.8.3": [
    { "t": "Rev.16.7", "v": 2, "ch": 16, "vs": 7 },
    { "t": "Rev.15.3", "v": 2, "ch": 15, "vs": 3 }
  ],
  "Job.9.5": [
    { "t": "Rev.11.13", "v": 4, "ch": 11, "vs": 13 },
    { "t": "Rev.16.18-Rev.16.20", "v": 4, "ch": 16, "vs": 18, "ve": 20 },
    { "t": "Rev.6.14", "v": 3, "ch": 6, "vs": 14 }
  ],
  "Job.9.6": [{ "t": "Rev.20.11", "v": 2, "ch": 20, "vs": 11 }],
  "Job.10.4": [{ "t": "Rev.1.14", "v": 2, "ch": 1, "vs": 14 }],
  "Job.11.10": [{ "t": "Rev.3.7", "v": 3, "ch": 3, "vs": 7 }],
  "Job.11.11": [{ "t": "Rev.2.23", "v": 7, "ch": 2, "vs": 23 }],
  "Job.11.16": [
    { "t": "Rev.7.14-Rev.7.17", "v": 2, "ch": 7, "vs": 14, "ve": 17 }
  ],
  "Job.11.19": [{ "t": "Rev.3.9", "v": 3, "ch": 3, "vs": 9 }],
  "Job.12.14": [{ "t": "Rev.3.7", "v": 7, "ch": 3, "vs": 7 }],
  "Job.12.15": [{ "t": "Rev.11.6", "v": 2, "ch": 11, "vs": 6 }],
  "Job.12.18": [{ "t": "Rev.19.16", "v": 2, "ch": 19, "vs": 16 }],
  "Job.12.19": [
    { "t": "Rev.17.14", "v": 2, "ch": 17, "vs": 14 },
    { "t": "Rev.19.19-Rev.19.21", "v": 2, "ch": 19, "vs": 19, "ve": 21 }
  ],
  "Job.13.11": [
    { "t": "Rev.15.3-Rev.15.4", "v": 2, "ch": 15, "vs": 3, "ve": 4 }
  ],
  "Job.13.20": [
    { "t": "Rev.6.15-Rev.6.16", "v": 2, "ch": 6, "vs": 15, "ve": 16 }
  ],
  "Job.14.5": [
    { "t": "Rev.3.7", "v": 5, "ch": 3, "vs": 7 },
    { "t": "Rev.1.18", "v": 4, "ch": 1, "vs": 18 }
  ],
  "Job.14.12": [
    { "t": "Rev.21.1", "v": 4, "ch": 21, "vs": 1 },
    { "t": "Rev.20.11", "v": 3, "ch": 20, "vs": 11 }
  ],
  "Job.14.14": [{ "t": "Rev.20.13", "v": 4, "ch": 20, "vs": 13 }],
  "Job.14.18": [
    { "t": "Rev.6.14", "v": 7, "ch": 6, "vs": 14 },
    { "t": "Rev.8.8", "v": 2, "ch": 8, "vs": 8 },
    { "t": "Rev.20.11", "v": 2, "ch": 20, "vs": 11 }
  ],
  "Job.15.21": [{ "t": "Rev.9.11", "v": 4, "ch": 9, "vs": 11 }],
  "Job.15.30": [{ "t": "Rev.19.15", "v": 2, "ch": 19, "vs": 15 }],
  "Job.15.33": [{ "t": "Rev.6.13", "v": 2, "ch": 6, "vs": 13 }],
  "Job.18.6": [{ "t": "Rev.18.23", "v": 2, "ch": 18, "vs": 23 }],
  "Job.18.11": [
    { "t": "Rev.6.15-Rev.6.16", "v": 2, "ch": 6, "vs": 15, "ve": 16 }
  ],
  "Job.18.13": [{ "t": "Rev.6.8", "v": 2, "ch": 6, "vs": 8 }],
  "Job.18.15": [
    { "t": "Rev.21.8", "v": 2, "ch": 21, "vs": 8 },
    { "t": "Rev.19.20", "v": 2, "ch": 19, "vs": 20 }
  ],
  "Job.19.2": [{ "t": "Rev.6.10", "v": 2, "ch": 6, "vs": 10 }],
  "Job.19.26": [{ "t": "Rev.1.7", "v": 9, "ch": 1, "vs": 7 }],
  "Job.20.17": [{ "t": "Rev.22.1", "v": 2, "ch": 22, "vs": 1 }],
  "Job.20.22": [{ "t": "Rev.18.7", "v": 2, "ch": 18, "vs": 7 }],
  "Job.20.28": [{ "t": "Rev.18.17", "v": 2, "ch": 18, "vs": 17 }],
  "Job.21.7": [
    { "t": "Rev.13.2-Rev.13.7", "v": 2, "ch": 13, "vs": 2, "ve": 7 },
    { "t": "Rev.17.2-Rev.17.4", "v": 2, "ch": 17, "vs": 2, "ve": 4 }
  ],
  "Job.21.19": [{ "t": "Rev.18.6", "v": 2, "ch": 18, "vs": 6 }],
  "Job.21.20": [
    { "t": "Rev.14.10", "v": 5, "ch": 14, "vs": 10 },
    { "t": "Rev.19.15", "v": 2, "ch": 19, "vs": 15 }
  ],
  "Job.21.22": [
    { "t": "Rev.20.1-Rev.20.3", "v": 2, "ch": 20, "vs": 1, "ve": 3 },
    { "t": "Rev.20.12-Rev.20.15", "v": 2, "ch": 20, "vs": 12, "ve": 15 }
  ],
  "Job.21.30": [{ "t": "Rev.6.17", "v": 2, "ch": 6, "vs": 17 }],
  "Job.22.4": [{ "t": "Rev.3.19", "v": 4, "ch": 3, "vs": 19 }],
  "Job.22.19": [
    { "t": "Rev.19.1-Rev.19.3", "v": 2, "ch": 19, "vs": 1, "ve": 3 },
    { "t": "Rev.18.20", "v": 2, "ch": 18, "vs": 20 }
  ],
  "Job.24.14": [{ "t": "Rev.3.3", "v": 3, "ch": 3, "vs": 3 }],
  "Job.24.17": [
    { "t": "Rev.6.16-Rev.6.17", "v": 2, "ch": 6, "vs": 16, "ve": 17 }
  ],
  "Job.24.22": [
    { "t": "Rev.16.13-Rev.16.14", "v": 2, "ch": 16, "vs": 13, "ve": 14 },
    { "t": "Rev.17.2", "v": 1, "ch": 17, "vs": 2 }
  ],
  "Job.24.23": [{ "t": "Rev.2.23", "v": 3, "ch": 2, "vs": 23 }],
  "Job.24.24": [
    { "t": "Rev.14.14-Rev.14.20", "v": 3, "ch": 14, "vs": 14, "ve": 20 }
  ],
  "Job.25.2": [{ "t": "Rev.6.16", "v": 2, "ch": 6, "vs": 16 }],
  "Job.25.3": [{ "t": "Rev.5.11", "v": 2, "ch": 5, "vs": 11 }],
  "Job.25.4": [{ "t": "Rev.1.5", "v": 4, "ch": 1, "vs": 5 }],
  "Job.26.4": [
    { "t": "Rev.16.13-Rev.16.14", "v": 3, "ch": 16, "vs": 13, "ve": 14 }
  ],
  "Job.26.11": [{ "t": "Rev.20.11", "v": 1, "ch": 20, "vs": 11 }],
  "Job.26.13": [{ "t": "Rev.12.9", "v": 2, "ch": 12, "vs": 9 }],
  "Job.27.23": [{ "t": "Rev.18.20", "v": 2, "ch": 18, "vs": 20 }],
  "Job.28.6": [{ "t": "Rev.21.19", "v": 3, "ch": 21, "vs": 19 }],
  "Job.28.17": [
    { "t": "Rev.22.1", "v": 3, "ch": 22, "vs": 1 },
    { "t": "Rev.4.6", "v": 2, "ch": 4, "vs": 6 },
    { "t": "Rev.21.11", "v": 2, "ch": 21, "vs": 11 }
  ],
  "Job.28.18": [
    { "t": "Rev.18.12", "v": 2, "ch": 18, "vs": 12 },
    { "t": "Rev.21.21", "v": 2, "ch": 21, "vs": 21 },
    { "t": "Rev.17.4", "v": 2, "ch": 17, "vs": 4 }
  ],
  "Job.28.19": [{ "t": "Rev.21.20", "v": 2, "ch": 21, "vs": 20 }],
  "Job.28.24": [{ "t": "Rev.5.6", "v": 2, "ch": 5, "vs": 6 }],
  "Job.29.14": [{ "t": "Rev.19.8", "v": 5, "ch": 19, "vs": 8 }],
  "Job.30.6": [{ "t": "Rev.6.15", "v": 2, "ch": 6, "vs": 15 }],
  "Job.33.19": [{ "t": "Rev.3.19", "v": 2, "ch": 3, "vs": 19 }],
  "Job.33.22": [{ "t": "Rev.9.11", "v": 2, "ch": 9, "vs": 11 }],
  "Job.33.28": [
    { "t": "Rev.20.1-Rev.20.3", "v": 2, "ch": 20, "vs": 1, "ve": 3 }
  ],
  "Job.34.11": [{ "t": "Rev.22.12", "v": 8, "ch": 22, "vs": 12 }],
  "Job.34.22": [
    { "t": "Rev.6.15-Rev.6.16", "v": 2, "ch": 6, "vs": 15, "ve": 16 }
  ],
  "Job.34.25": [{ "t": "Rev.20.12", "v": 2, "ch": 20, "vs": 12 }],
  "Job.34.26": [
    { "t": "Rev.18.20", "v": 2, "ch": 18, "vs": 20 },
    { "t": "Rev.18.9-Rev.18.10", "v": 2, "ch": 18, "vs": 9, "ve": 10 }
  ],
  "Job.34.30": [
    { "t": "Rev.13.11-Rev.13.14", "v": 2, "ch": 13, "vs": 11, "ve": 14 },
    { "t": "Rev.13.3-Rev.13.4", "v": 2, "ch": 13, "vs": 3, "ve": 4 }
  ],
  "Job.35.15": [{ "t": "Rev.3.19", "v": 2, "ch": 3, "vs": 19 }],
  "Job.36.3": [{ "t": "Rev.15.3", "v": 3, "ch": 15, "vs": 3 }],
  "Job.36.11": [{ "t": "Rev.18.7", "v": 7, "ch": 18, "vs": 7 }],
  "Job.36.17": [{ "t": "Rev.18.4", "v": 3, "ch": 18, "vs": 4 }],
  "Job.36.24": [{ "t": "Rev.15.3", "v": 4, "ch": 15, "vs": 3 }],
  "Job.37.3": [{ "t": "Rev.11.19", "v": 2, "ch": 11, "vs": 19 }],
  "Job.37.5": [{ "t": "Rev.15.3", "v": 3, "ch": 15, "vs": 3 }],
  "Job.37.12": [{ "t": "Rev.11.6", "v": 2, "ch": 11, "vs": 6 }],
  "Job.38.7": [
    { "t": "Rev.5.11", "v": 7, "ch": 5, "vs": 11 },
    { "t": "Rev.22.16", "v": 3, "ch": 22, "vs": 16 },
    { "t": "Rev.2.28", "v": 2, "ch": 2, "vs": 28 }
  ],
  "Job.38.11": [
    { "t": "Rev.20.2-Rev.20.3", "v": 1, "ch": 20, "vs": 2, "ve": 3 },
    { "t": "Rev.20.7-Rev.20.8", "v": 1, "ch": 20, "vs": 7, "ve": 8 }
  ],
  "Job.38.18": [{ "t": "Rev.20.9", "v": 3, "ch": 20, "vs": 9 }],
  "Job.38.23": [{ "t": "Rev.16.21", "v": 4, "ch": 16, "vs": 21 }],
  "Job.38.35": [
    { "t": "Rev.11.5-Rev.11.6", "v": 2, "ch": 11, "vs": 5, "ve": 6 }
  ],
  "Job.41.15": [
    { "t": "Rev.5.2-Rev.5.3", "v": 2, "ch": 5, "vs": 2, "ve": 3 },
    { "t": "Rev.5.5", "v": 2, "ch": 5, "vs": 5 }
  ],
  "Job.41.18": [{ "t": "Rev.1.14", "v": 2, "ch": 1, "vs": 14 }],
  "Job.41.34": [
    { "t": "Rev.12.1-Rev.12.3", "v": 2, "ch": 12, "vs": 1, "ve": 3 },
    { "t": "Rev.20.2-Rev.20.3", "v": 2, "ch": 20, "vs": 2, "ve": 3 },
    { "t": "Rev.13.2", "v": 2, "ch": 13, "vs": 2 }
  ],
  "Job.42.8": [{ "t": "Rev.3.9", "v": 4, "ch": 3, "vs": 9 }]
}
