{
  "Ps.101.1": [
    { "t": "Rev.19.1-Rev.19.3", "v": 3, "ch": 19, "vs": 1, "ve": 3 },
    { "t": "Rev.15.3-Rev.15.4", "v": 2, "ch": 15, "vs": 3, "ve": 4 }
  ],
  "Ps.101.6": [
    { "t": "Rev.21.3", "v": 11, "ch": 21, "vs": 3 },
    { "t": "Rev.3.20-Rev.3.21", "v": 3, "ch": 3, "vs": 20, "ve": 21 }
  ],
  "Ps.101.8": [
    { "t": "Rev.22.14-Rev.22.15", "v": 6, "ch": 22, "vs": 14, "ve": 15 },
    { "t": "Rev.21.27", "v": 5, "ch": 21, "vs": 27 }
  ],
  "Ps.102.6": [{ "t": "Rev.18.2", "v": 3, "ch": 18, "vs": 2 }],
  "Ps.102.12": [
    { "t": "Rev.1.17-Rev.1.18", "v": 4, "ch": 1, "vs": 17, "ve": 18 }
  ],
  "Ps.102.13": [
    { "t": "Rev.11.15-Rev.11.18", "v": 9, "ch": 11, "vs": 15, "ve": 18 }
  ],
  "Ps.102.15": [
    { "t": "Rev.11.15", "v": 2, "ch": 11, "vs": 15 },
    { "t": "Rev.21.24", "v": 1, "ch": 21, "vs": 24 }
  ],
  "Ps.102.23": [
    { "t": "Rev.11.2-Rev.11.19", "v": 2, "ch": 11, "vs": 2, "ve": 19 },
    { "t": "Rev.12.13-Rev.12.17", "v": 1, "ch": 12, "vs": 13, "ve": 17 }
  ],
  "Ps.102.24": [
    { "t": "Rev.1.8", "v": 3, "ch": 1, "vs": 8 },
    { "t": "Rev.1.4", "v": 2, "ch": 1, "vs": 4 }
  ],
  "Ps.102.26": [
    { "t": "Rev.20.11", "v": 5, "ch": 20, "vs": 11 },
    { "t": "Rev.21.1", "v": 3, "ch": 21, "vs": 1 }
  ],
  "Ps.102.27": [
    { "t": "Rev.1.8", "v": 6, "ch": 1, "vs": 8 },
    { "t": "Rev.1.17-Rev.1.18", "v": 4, "ch": 1, "vs": 17, "ve": 18 }
  ],
  "Ps.103.1": [{ "t": "Rev.4.8", "v": 7, "ch": 4, "vs": 8 }],
  "Ps.103.4": [{ "t": "Rev.5.9", "v": 7, "ch": 5, "vs": 9 }],
  "Ps.103.20": [
    { "t": "Rev.19.5-Rev.19.6", "v": 4, "ch": 19, "vs": 5, "ve": 6 }
  ],
  "Ps.103.21": [
    { "t": "Rev.22.8-Rev.22.9", "v": 4, "ch": 22, "vs": 8, "ve": 9 }
  ],
  "Ps.103.22": [
    { "t": "Rev.5.12-Rev.5.14", "v": 4, "ch": 5, "vs": 12, "ve": 14 }
  ],
  "Ps.104.1": [
    { "t": "Rev.1.13-Rev.1.20", "v": 4, "ch": 1, "vs": 13, "ve": 20 }
  ],
  "Ps.104.3": [{ "t": "Rev.1.7", "v": 1, "ch": 1, "vs": 7 }],
  "Ps.104.5": [
    { "t": "Rev.20.11", "v": 5, "ch": 20, "vs": 11 },
    { "t": "Rev.6.14", "v": 4, "ch": 6, "vs": 14 }
  ],
  "Ps.104.30": [{ "t": "Rev.21.5", "v": 6, "ch": 21, "vs": 5 }],
  "Ps.104.31": [
    { "t": "Rev.5.12-Rev.5.13", "v": 4, "ch": 5, "vs": 12, "ve": 13 }
  ],
  "Ps.104.32": [
    { "t": "Rev.20.11", "v": 2, "ch": 20, "vs": 11 },
    { "t": "Rev.19.3", "v": 1, "ch": 19, "vs": 3 }
  ],
  "Ps.104.35": [
    { "t": "Rev.19.1-Rev.19.2", "v": 5, "ch": 19, "vs": 1, "ve": 2 }
  ],
  "Ps.105.2": [
    { "t": "Rev.15.3-Rev.15.4", "v": 1, "ch": 15, "vs": 3, "ve": 4 }
  ],
  "Ps.105.5": [
    { "t": "Rev.16.7", "v": 4, "ch": 16, "vs": 7 },
    { "t": "Rev.19.2", "v": 1, "ch": 19, "vs": 2 }
  ],
  "Ps.105.7": [{ "t": "Rev.15.4", "v": 2, "ch": 15, "vs": 4 }],
  "Ps.105.16": [{ "t": "Rev.6.8", "v": 2, "ch": 6, "vs": 8 }],
  "Ps.105.29": [{ "t": "Rev.16.3", "v": 2, "ch": 16, "vs": 3 }],
  "Ps.105.30": [
    { "t": "Rev.16.13-Rev.16.14", "v": 2, "ch": 16, "vs": 13, "ve": 14 }
  ],
  "Ps.105.32": [
    { "t": "Rev.16.21", "v": 2, "ch": 16, "vs": 21 },
    { "t": "Rev.8.7", "v": 2, "ch": 8, "vs": 7 },
    { "t": "Rev.11.19", "v": 2, "ch": 11, "vs": 19 }
  ],
  "Ps.105.33": [{ "t": "Rev.9.4", "v": 2, "ch": 9, "vs": 4 }],
  "Ps.105.34": [
    { "t": "Rev.9.3-Rev.9.10", "v": 2, "ch": 9, "vs": 3, "ve": 10 }
  ],
  "Ps.105.45": [
    { "t": "Rev.19.3-Rev.19.4", "v": 3, "ch": 19, "vs": 3, "ve": 4 }
  ],
  "Ps.106.3": [
    { "t": "Rev.22.14", "v": 3, "ch": 22, "vs": 14 },
    { "t": "Rev.7.15", "v": 2, "ch": 7, "vs": 15 }
  ],
  "Ps.106.5": [{ "t": "Rev.17.14", "v": 3, "ch": 17, "vs": 14 }],
  "Ps.106.26": [
    { "t": "Rev.10.5-Rev.10.6", "v": 2, "ch": 10, "vs": 5, "ve": 6 }
  ],
  "Ps.106.28": [{ "t": "Rev.2.14", "v": 3, "ch": 2, "vs": 14 }],
  "Ps.106.39": [
    { "t": "Rev.17.1-Rev.17.6", "v": 3, "ch": 17, "vs": 1, "ve": 6 }
  ],
  "Ps.106.47": [
    { "t": "Rev.7.10-Rev.7.12", "v": 3, "ch": 7, "vs": 10, "ve": 12 }
  ],
  "Ps.107.3": [{ "t": "Rev.5.9", "v": 5, "ch": 5, "vs": 9 }],
  "Ps.107.4": [{ "t": "Rev.12.6", "v": 2, "ch": 12, "vs": 6 }],
  "Ps.107.7": [
    { "t": "Rev.21.10-Rev.21.27", "v": 2, "ch": 21, "vs": 10, "ve": 27 },
    { "t": "Rev.21.2-Rev.21.4", "v": 2, "ch": 21, "vs": 2, "ve": 4 }
  ],
  "Ps.107.9": [
    { "t": "Rev.7.16-Rev.7.17", "v": 10, "ch": 7, "vs": 16, "ve": 17 }
  ],
  "Ps.107.23": [{ "t": "Rev.18.17", "v": 3, "ch": 18, "vs": 17 }],
  "Ps.107.31": [{ "t": "Rev.15.3", "v": 2, "ch": 15, "vs": 3 }],
  "Ps.107.40": [{ "t": "Rev.19.18", "v": 3, "ch": 19, "vs": 18 }],
  "Ps.109.17": [{ "t": "Rev.16.6", "v": 3, "ch": 16, "vs": 6 }],
  "Ps.110.3": [{ "t": "Rev.7.9", "v": 5, "ch": 7, "vs": 9 }],
  "Ps.110.4": [{ "t": "Rev.1.6", "v": 9, "ch": 1, "vs": 6 }],
  "Ps.110.5": [
    { "t": "Rev.17.12-Rev.17.14", "v": 4, "ch": 17, "vs": 12, "ve": 14 },
    { "t": "Rev.6.15-Rev.6.17", "v": 3, "ch": 6, "vs": 15, "ve": 17 },
    { "t": "Rev.19.11-Rev.19.21", "v": 3, "ch": 19, "vs": 11, "ve": 21 },
    { "t": "Rev.11.18", "v": 3, "ch": 11, "vs": 18 },
    { "t": "Rev.20.8-Rev.20.9", "v": 2, "ch": 20, "vs": 8, "ve": 9 }
  ],
  "Ps.110.6": [
    { "t": "Rev.14.20", "v": 3, "ch": 14, "vs": 20 },
    { "t": "Rev.19.11", "v": 3, "ch": 19, "vs": 11 }
  ],
  "Ps.111.2": [{ "t": "Rev.15.3", "v": 3, "ch": 15, "vs": 3 }],
  "Ps.111.3": [
    { "t": "Rev.5.12-Rev.5.14", "v": 4, "ch": 5, "vs": 12, "ve": 14 }
  ],
  "Ps.111.7": [
    { "t": "Rev.15.3-Rev.15.4", "v": 2, "ch": 15, "vs": 3, "ve": 4 }
  ],
  "Ps.111.8": [{ "t": "Rev.15.3", "v": 3, "ch": 15, "vs": 3 }],
  "Ps.111.9": [
    { "t": "Rev.5.9", "v": 5, "ch": 5, "vs": 9 },
    { "t": "Rev.4.8", "v": 4, "ch": 4, "vs": 8 }
  ],
  "Ps.111.10": [{ "t": "Rev.22.14", "v": 4, "ch": 22, "vs": 14 }],
  "Ps.112.9": [{ "t": "Rev.22.11", "v": 4, "ch": 22, "vs": 11 }],
  "Ps.112.10": [
    { "t": "Rev.16.10-Rev.16.11", "v": 2, "ch": 16, "vs": 10, "ve": 11 }
  ],
  "Ps.113.1": [{ "t": "Rev.19.5", "v": 1, "ch": 19, "vs": 5 }],
  "Ps.113.2": [{ "t": "Rev.5.13", "v": 2, "ch": 5, "vs": 13 }],
  "Ps.113.3": [{ "t": "Rev.11.15", "v": 6, "ch": 11, "vs": 15 }],
  "Ps.113.8": [{ "t": "Rev.5.9-Rev.5.10", "v": 2, "ch": 5, "vs": 9, "ve": 10 }],
  "Ps.114.2": [{ "t": "Rev.21.3", "v": 1, "ch": 21, "vs": 3 }],
  "Ps.114.4": [{ "t": "Rev.20.11", "v": 3, "ch": 20, "vs": 11 }],
  "Ps.115.1": [
    { "t": "Rev.4.10-Rev.4.11", "v": 2, "ch": 4, "vs": 10, "ve": 11 }
  ],
  "Ps.115.11": [{ "t": "Rev.19.5", "v": 4, "ch": 19, "vs": 5 }],
  "Ps.115.13": [
    { "t": "Rev.19.5", "v": 7, "ch": 19, "vs": 5 },
    { "t": "Rev.11.18", "v": 5, "ch": 11, "vs": 18 },
    { "t": "Rev.20.12", "v": 3, "ch": 20, "vs": 12 }
  ],
  "Ps.115.14": [
    { "t": "Rev.7.4", "v": 5, "ch": 7, "vs": 4 },
    { "t": "Rev.7.9", "v": 5, "ch": 7, "vs": 9 }
  ],
  "Ps.115.15": [{ "t": "Rev.14.7", "v": 6, "ch": 14, "vs": 7 }],
  "Ps.115.18": [{ "t": "Rev.5.13", "v": 3, "ch": 5, "vs": 13 }],
  "Ps.116.8": [
    { "t": "Rev.21.4", "v": 14, "ch": 21, "vs": 4 },
    { "t": "Rev.7.17", "v": 7, "ch": 7, "vs": 17 }
  ],
  "Ps.116.15": [
    { "t": "Rev.1.18", "v": 5, "ch": 1, "vs": 18 },
    { "t": "Rev.14.3", "v": 5, "ch": 14, "vs": 3 }
  ],
  "Ps.117.1": [
    { "t": "Rev.15.4", "v": 7, "ch": 15, "vs": 4 },
    { "t": "Rev.5.9", "v": 4, "ch": 5, "vs": 9 },
    { "t": "Rev.7.9-Rev.7.10", "v": 3, "ch": 7, "vs": 9, "ve": 10 }
  ],
  "Ps.118.3": [
    { "t": "Rev.5.8-Rev.5.10", "v": 2, "ch": 5, "vs": 8, "ve": 10 },
    { "t": "Rev.4.7-Rev.4.11", "v": 2, "ch": 4, "vs": 7, "ve": 11 },
    { "t": "Rev.1.6", "v": 1, "ch": 1, "vs": 6 }
  ],
  "Ps.118.4": [{ "t": "Rev.19.5", "v": 4, "ch": 19, "vs": 5 }],
  "Ps.118.10": [
    { "t": "Rev.20.8-Rev.20.9", "v": 2, "ch": 20, "vs": 8, "ve": 9 },
    { "t": "Rev.19.19-Rev.19.21", "v": 1, "ch": 19, "vs": 19, "ve": 21 }
  ],
  "Ps.118.15": [
    { "t": "Rev.18.20", "v": 5, "ch": 18, "vs": 20 },
    { "t": "Rev.19.1-Rev.19.5", "v": 3, "ch": 19, "vs": 1, "ve": 5 }
  ],
  "Ps.118.19": [{ "t": "Rev.22.14", "v": 8, "ch": 22, "vs": 14 }],
  "Ps.118.20": [
    { "t": "Rev.21.24-Rev.21.27", "v": 6, "ch": 21, "vs": 24, "ve": 27 },
    { "t": "Rev.22.14-Rev.22.15", "v": 4, "ch": 22, "vs": 14, "ve": 15 }
  ],
  "Ps.118.24": [{ "t": "Rev.1.10", "v": 10, "ch": 1, "vs": 10 }],
  "Ps.119.1": [{ "t": "Rev.22.14", "v": 15, "ch": 22, "vs": 14 }],
  "Ps.119.18": [{ "t": "Rev.3.18", "v": 10, "ch": 3, "vs": 18 }],
  "Ps.119.20": [
    { "t": "Rev.3.15-Rev.3.16", "v": 4, "ch": 3, "vs": 15, "ve": 16 }
  ],
  "Ps.119.27": [{ "t": "Rev.15.3", "v": 4, "ch": 15, "vs": 3 }],
  "Ps.119.29": [{ "t": "Rev.22.15", "v": 4, "ch": 22, "vs": 15 }],
  "Ps.119.33": [{ "t": "Rev.2.26", "v": 6, "ch": 2, "vs": 26 }],
  "Ps.119.39": [{ "t": "Rev.19.2", "v": 3, "ch": 19, "vs": 2 }],
  "Ps.119.44": [
    { "t": "Rev.22.11", "v": 5, "ch": 22, "vs": 11 },
    { "t": "Rev.7.15", "v": 4, "ch": 7, "vs": 15 }
  ],
  "Ps.119.67": [{ "t": "Rev.3.10", "v": 5, "ch": 3, "vs": 10 }],
  "Ps.119.75": [{ "t": "Rev.3.19", "v": 9, "ch": 3, "vs": 19 }],
  "Ps.119.81": [
    { "t": "Rev.3.15-Rev.3.16", "v": 3, "ch": 3, "vs": 15, "ve": 16 }
  ],
  "Ps.119.84": [
    { "t": "Rev.6.10-Rev.6.11", "v": 3, "ch": 6, "vs": 10, "ve": 11 }
  ],
  "Ps.119.112": [{ "t": "Rev.2.10", "v": 2, "ch": 2, "vs": 10 }],
  "Ps.119.118": [
    { "t": "Rev.18.23", "v": 2, "ch": 18, "vs": 23 },
    { "t": "Rev.14.20", "v": 0, "ch": 14, "vs": 20 }
  ],
  "Ps.119.120": [
    { "t": "Rev.1.17-Rev.1.18", "v": 5, "ch": 1, "vs": 17, "ve": 18 }
  ],
  "Ps.119.129": [{ "t": "Rev.19.10", "v": 1, "ch": 19, "vs": 10 }],
  "Ps.119.135": [
    { "t": "Rev.22.4-Rev.22.5", "v": 2, "ch": 22, "vs": 4, "ve": 5 }
  ],
  "Ps.119.137": [
    { "t": "Rev.16.7", "v": 3, "ch": 16, "vs": 7 },
    { "t": "Rev.15.3-Rev.15.4", "v": 2, "ch": 15, "vs": 3, "ve": 4 },
    { "t": "Rev.19.2", "v": 2, "ch": 19, "vs": 2 }
  ],
  "Ps.119.163": [{ "t": "Rev.22.15", "v": 2, "ch": 22, "vs": 15 }],
  "Ps.119.164": [{ "t": "Rev.19.2", "v": 1, "ch": 19, "vs": 2 }],
  "Ps.119.168": [{ "t": "Rev.2.23", "v": 2, "ch": 2, "vs": 23 }],
  "Ps.120.4": [{ "t": "Rev.21.8", "v": 2, "ch": 21, "vs": 8 }],
  "Ps.120.5": [{ "t": "Rev.2.13", "v": 2, "ch": 2, "vs": 13 }],
  "Ps.121.4": [{ "t": "Rev.7.15", "v": 1, "ch": 7, "vs": 15 }],
  "Ps.121.6": [{ "t": "Rev.7.16", "v": 17, "ch": 7, "vs": 16 }],
  "Ps.122.3": [
    { "t": "Rev.21.10-Rev.21.27", "v": 2, "ch": 21, "vs": 10, "ve": 27 }
  ],
  "Ps.124.4": [
    { "t": "Rev.17.15", "v": 4, "ch": 17, "vs": 15 },
    { "t": "Rev.12.15-Rev.12.16", "v": 3, "ch": 12, "vs": 15, "ve": 16 },
    { "t": "Rev.17.1", "v": 2, "ch": 17, "vs": 1 }
  ],
  "Ps.125.1": [{ "t": "Rev.14.1", "v": 6, "ch": 14, "vs": 1 }],
  "Ps.125.3": [{ "t": "Rev.2.10", "v": 7, "ch": 2, "vs": 10 }],
  "Ps.125.4": [{ "t": "Rev.14.5", "v": 3, "ch": 14, "vs": 5 }],
  "Ps.126.2": [
    { "t": "Rev.11.15-Rev.11.17", "v": 3, "ch": 11, "vs": 15, "ve": 17 }
  ],
  "Ps.126.3": [
    { "t": "Rev.19.1-Rev.19.7", "v": 4, "ch": 19, "vs": 1, "ve": 7 },
    { "t": "Rev.12.10", "v": 3, "ch": 12, "vs": 10 }
  ],
  "Ps.126.6": [
    { "t": "Rev.7.15-Rev.7.17", "v": 7, "ch": 7, "vs": 15, "ve": 17 }
  ],
  "Ps.129.2": [
    { "t": "Rev.12.8-Rev.12.9", "v": 7, "ch": 12, "vs": 8, "ve": 9 }
  ],
  "Ps.130.3": [{ "t": "Rev.6.17", "v": 6, "ch": 6, "vs": 17 }],
  "Ps.130.7": [{ "t": "Rev.5.9", "v": 12, "ch": 5, "vs": 9 }],
  "Ps.132.9": [{ "t": "Rev.19.8", "v": 3, "ch": 19, "vs": 8 }],
  "Ps.132.14": [{ "t": "Rev.21.23", "v": 3, "ch": 21, "vs": 23 }],
  "Ps.132.18": [
    { "t": "Rev.11.15", "v": 3, "ch": 11, "vs": 15 },
    { "t": "Rev.17.14", "v": 2, "ch": 17, "vs": 14 }
  ],
  "Ps.133.3": [{ "t": "Rev.1.18", "v": 6, "ch": 1, "vs": 18 }],
  "Ps.134.1": [
    { "t": "Rev.19.5", "v": 5, "ch": 19, "vs": 5 },
    { "t": "Rev.7.15", "v": 1, "ch": 7, "vs": 15 }
  ],
  "Ps.135.19": [{ "t": "Rev.19.5", "v": 2, "ch": 19, "vs": 5 }],
  "Ps.136.3": [
    { "t": "Rev.17.14", "v": 4, "ch": 17, "vs": 14 },
    { "t": "Rev.19.16", "v": 2, "ch": 19, "vs": 16 }
  ],
  "Ps.136.4": [{ "t": "Rev.15.3", "v": 4, "ch": 15, "vs": 3 }],
  "Ps.136.26": [{ "t": "Rev.11.13", "v": -1, "ch": 11, "vs": 13 }],
  "Ps.137.1": [{ "t": "Rev.11.3", "v": 2, "ch": 11, "vs": 3 }],
  "Ps.137.2": [{ "t": "Rev.18.22", "v": 2, "ch": 18, "vs": 22 }],
  "Ps.137.3": [
    { "t": "Rev.14.1-Rev.14.3", "v": 3, "ch": 14, "vs": 1, "ve": 3 }
  ],
  "Ps.137.8": [
    { "t": "Rev.18.6", "v": 11, "ch": 18, "vs": 6 },
    { "t": "Rev.18.20", "v": 3, "ch": 18, "vs": 20 },
    { "t": "Rev.14.8-Rev.14.11", "v": 2, "ch": 14, "vs": 8, "ve": 11 },
    { "t": "Rev.17.1-Rev.17.18", "v": 1, "ch": 17, "vs": 1, "ve": 18 }
  ],
  "Ps.138.4": [
    { "t": "Rev.21.24", "v": 3, "ch": 21, "vs": 24 },
    { "t": "Rev.11.15", "v": 3, "ch": 11, "vs": 15 }
  ],
  "Ps.138.5": [
    { "t": "Rev.4.11", "v": 7, "ch": 4, "vs": 11 },
    { "t": "Rev.7.12", "v": 5, "ch": 7, "vs": 12 },
    { "t": "Rev.5.12-Rev.5.14", "v": 5, "ch": 5, "vs": 12, "ve": 14 },
    { "t": "Rev.19.1", "v": 4, "ch": 19, "vs": 1 }
  ],
  "Ps.139.1": [
    { "t": "Rev.2.23", "v": 21, "ch": 2, "vs": 23 },
    { "t": "Rev.2.18", "v": 3, "ch": 2, "vs": 18 }
  ],
  "Ps.139.5": [{ "t": "Rev.1.17", "v": 8, "ch": 1, "vs": 17 }],
  "Ps.139.14": [{ "t": "Rev.15.3", "v": 4, "ch": 15, "vs": 3 }],
  "Ps.139.16": [{ "t": "Rev.20.12", "v": 21, "ch": 20, "vs": 12 }],
  "Ps.139.20": [{ "t": "Rev.13.6", "v": 3, "ch": 13, "vs": 6 }],
  "Ps.139.21": [
    { "t": "Rev.2.2", "v": 5, "ch": 2, "vs": 2 },
    { "t": "Rev.2.6", "v": 4, "ch": 2, "vs": 6 }
  ],
  "Ps.140.10": [
    { "t": "Rev.20.15", "v": 4, "ch": 20, "vs": 15 },
    { "t": "Rev.21.8", "v": 4, "ch": 21, "vs": 8 },
    { "t": "Rev.16.8-Rev.16.9", "v": 3, "ch": 16, "vs": 8, "ve": 9 }
  ],
  "Ps.140.13": [
    { "t": "Rev.7.14-Rev.7.17", "v": 4, "ch": 7, "vs": 14, "ve": 17 },
    { "t": "Rev.21.24-Rev.21.27", "v": 2, "ch": 21, "vs": 24, "ve": 27 }
  ],
  "Ps.141.2": [
    { "t": "Rev.8.3-Rev.8.4", "v": 15, "ch": 8, "vs": 3, "ve": 4 },
    { "t": "Rev.5.8", "v": 12, "ch": 5, "vs": 8 }
  ],
  "Ps.141.4": [{ "t": "Rev.18.4", "v": 7, "ch": 18, "vs": 4 }],
  "Ps.141.5": [{ "t": "Rev.3.19", "v": 9, "ch": 3, "vs": 19 }],
  "Ps.141.7": [
    { "t": "Rev.11.8-Rev.11.9", "v": 2, "ch": 11, "vs": 8, "ve": 9 }
  ],
  "Ps.143.11": [
    { "t": "Rev.7.14-Rev.7.17", "v": 5, "ch": 7, "vs": 14, "ve": 17 }
  ],
  "Ps.144.7": [
    { "t": "Rev.12.15-Rev.12.16", "v": 3, "ch": 12, "vs": 15, "ve": 16 },
    { "t": "Rev.17.15", "v": 3, "ch": 17, "vs": 15 }
  ],
  "Ps.144.8": [
    { "t": "Rev.13.16-Rev.13.17", "v": 2, "ch": 13, "vs": 16, "ve": 17 }
  ],
  "Ps.144.9": [
    { "t": "Rev.5.9-Rev.5.10", "v": 2, "ch": 5, "vs": 9, "ve": 10 },
    { "t": "Rev.14.3", "v": 2, "ch": 14, "vs": 3 }
  ],
  "Ps.145.1": [{ "t": "Rev.19.16", "v": 4, "ch": 19, "vs": 16 }],
  "Ps.145.2": [{ "t": "Rev.7.15", "v": 3, "ch": 7, "vs": 15 }],
  "Ps.145.3": [{ "t": "Rev.15.3", "v": 4, "ch": 15, "vs": 3 }],
  "Ps.145.7": [
    { "t": "Rev.19.1-Rev.19.3", "v": 5, "ch": 19, "vs": 1, "ve": 3 },
    { "t": "Rev.15.3-Rev.15.4", "v": 4, "ch": 15, "vs": 3, "ve": 4 }
  ],
  "Ps.145.10": [
    { "t": "Rev.7.9-Rev.7.12", "v": 2, "ch": 7, "vs": 9, "ve": 12 },
    { "t": "Rev.19.5-Rev.19.6", "v": 1, "ch": 19, "vs": 5, "ve": 6 }
  ],
  "Ps.145.11": [
    { "t": "Rev.11.15-Rev.11.17", "v": 3, "ch": 11, "vs": 15, "ve": 17 },
    { "t": "Rev.5.12-Rev.5.13", "v": 2, "ch": 5, "vs": 12, "ve": 13 }
  ],
  "Ps.145.12": [
    { "t": "Rev.12.10", "v": 3, "ch": 12, "vs": 10 },
    { "t": "Rev.19.15-Rev.19.16", "v": 2, "ch": 19, "vs": 15, "ve": 16 }
  ],
  "Ps.145.13": [{ "t": "Rev.11.15", "v": 3, "ch": 11, "vs": 15 }],
  "Ps.145.17": [
    { "t": "Rev.19.11", "v": 4, "ch": 19, "vs": 11 },
    { "t": "Rev.15.3-Rev.15.4", "v": 3, "ch": 15, "vs": 3, "ve": 4 },
    { "t": "Rev.16.5-Rev.16.7", "v": 2, "ch": 16, "vs": 5, "ve": 7 },
    { "t": "Rev.19.2", "v": 2, "ch": 19, "vs": 2 },
    { "t": "Rev.4.8", "v": 2, "ch": 4, "vs": 8 }
  ],
  "Ps.145.21": [
    { "t": "Rev.5.11-Rev.5.14", "v": 2, "ch": 5, "vs": 11, "ve": 14 }
  ],
  "Ps.146.2": [{ "t": "Rev.7.9-Rev.7.17", "v": 5, "ch": 7, "vs": 9, "ve": 17 }],
  "Ps.146.6": [{ "t": "Rev.14.7", "v": 9, "ch": 14, "vs": 7 }],
  "Ps.146.10": [{ "t": "Rev.11.15", "v": 7, "ch": 11, "vs": 15 }],
  "Ps.147.1": [
    { "t": "Rev.19.1-Rev.19.6", "v": 1, "ch": 19, "vs": 1, "ve": 6 },
    { "t": "Rev.5.9-Rev.5.14", "v": 1, "ch": 5, "vs": 9, "ve": 14 }
  ],
  "Ps.147.5": [{ "t": "Rev.15.3", "v": 3, "ch": 15, "vs": 3 }],
  "Ps.147.7": [{ "t": "Rev.5.8-Rev.5.10", "v": 2, "ch": 5, "vs": 8, "ve": 10 }],
  "Ps.148.1": [
    { "t": "Rev.19.1-Rev.19.6", "v": 7, "ch": 19, "vs": 1, "ve": 6 }
  ],
  "Ps.148.2": [
    { "t": "Rev.5.11-Rev.5.13", "v": 2, "ch": 5, "vs": 11, "ve": 13 }
  ],
  "Ps.148.5": [{ "t": "Rev.4.11", "v": 7, "ch": 4, "vs": 11 }],
  "Ps.148.8": [
    { "t": "Rev.16.8-Rev.16.9", "v": 2, "ch": 16, "vs": 8, "ve": 9 },
    { "t": "Rev.16.21", "v": 2, "ch": 16, "vs": 21 }
  ],
  "Ps.148.11": [{ "t": "Rev.21.24", "v": 2, "ch": 21, "vs": 24 }],
  "Ps.148.14": [
    { "t": "Rev.5.8-Rev.5.14", "v": 4, "ch": 5, "vs": 8, "ve": 14 }
  ],
  "Ps.149.1": [{ "t": "Rev.5.9", "v": 7, "ch": 5, "vs": 9 }],
  "Ps.149.2": [{ "t": "Rev.19.6", "v": 4, "ch": 19, "vs": 6 }],
  "Ps.149.4": [{ "t": "Rev.7.14", "v": 5, "ch": 7, "vs": 14 }],
  "Ps.149.6": [
    { "t": "Rev.1.16", "v": 10, "ch": 1, "vs": 16 },
    { "t": "Rev.19.6", "v": 9, "ch": 19, "vs": 6 }
  ],
  "Ps.149.7": [
    { "t": "Rev.19.11-Rev.19.21", "v": 3, "ch": 19, "vs": 11, "ve": 21 }
  ],
  "Ps.149.9": [
    { "t": "Rev.3.21", "v": 2, "ch": 3, "vs": 21 },
    { "t": "Rev.17.14-Rev.17.16", "v": 2, "ch": 17, "vs": 14, "ve": 16 }
  ],
  "Ps.150.2": [
    { "t": "Rev.15.3-Rev.15.4", "v": 4, "ch": 15, "vs": 3, "ve": 4 }
  ],
  "Ps.150.6": [{ "t": "Rev.5.13", "v": 21, "ch": 5, "vs": 13 }]
}
