{
  "Exod.1.1": [
    {
      "target": "Rev.7.4-Rev.7.8",
      "votes": 2,
      "book": "Rev",
      "ch": 7,
      "v": 4,
      "v_end": 8
    }
  ],
  "Exod.1.16": [
    { "target": "Rev.12.4", "votes": 0, "book": "Rev", "ch": 12, "v": 4 }
  ],
  "Exod.1.22": [
    {
      "target": "Rev.16.4-Rev.16.6",
      "votes": 3,
      "book": "Rev",
      "ch": 16,
      "v": 4,
      "v_end": 6
    }
  ],
  "Exod.3.6": [
    { "target": "Rev.1.17", "votes": 7, "book": "Rev", "ch": 1, "v": 17 }
  ],
  "Exod.3.14": [
    { "target": "Rev.1.8", "votes": 37, "book": "Rev", "ch": 1, "v": 8 },
    { "target": "Rev.1.4", "votes": 25, "book": "Rev", "ch": 1, "v": 4 },
    { "target": "Rev.1.17", "votes": 19, "book": "Rev", "ch": 1, "v": 17 },
    { "target": "Rev.4.8", "votes": 15, "book": "Rev", "ch": 4, "v": 8 }
  ],
  "Exod.6.7": [
    { "target": "Rev.21.7", "votes": 3, "book": "Rev", "ch": 21, "v": 7 },
    { "target": "Rev.21.3", "votes": 2, "book": "Rev", "ch": 21, "v": 3 }
  ],
  "Exod.7.4": [
    { "target": "Rev.19.2", "votes": 2, "book": "Rev", "ch": 19, "v": 2 },
    { "target": "Rev.15.4", "votes": 2, "book": "Rev", "ch": 15, "v": 4 },
    { "target": "Rev.16.7", "votes": 2, "book": "Rev", "ch": 16, "v": 7 }
  ],
  "Exod.7.11": [
    {
      "target": "Rev.13.11-Rev.13.15",
      "votes": 2,
      "book": "Rev",
      "ch": 13,
      "v": 11,
      "v_end": 15
    },
    { "target": "Rev.19.20", "votes": 1, "book": "Rev", "ch": 19, "v": 20 }
  ],
  "Exod.7.17": [
    {
      "target": "Rev.16.3-Rev.16.6",
      "votes": 2,
      "book": "Rev",
      "ch": 16,
      "v": 3,
      "v_end": 6
    },
    { "target": "Rev.11.6", "votes": 2, "book": "Rev", "ch": 11, "v": 6 },
    { "target": "Rev.8.8", "votes": 2, "book": "Rev", "ch": 8, "v": 8 }
  ],
  "Exod.9.9": [
    { "target": "Rev.16.2", "votes": 7, "book": "Rev", "ch": 16, "v": 2 }
  ],
  "Exod.9.22": [
    { "target": "Rev.16.21", "votes": 5, "book": "Rev", "ch": 16, "v": 21 }
  ],
  "Exod.9.23": [
    { "target": "Rev.8.7", "votes": 4, "book": "Rev", "ch": 8, "v": 7 },
    { "target": "Rev.16.21", "votes": 2, "book": "Rev", "ch": 16, "v": 21 },
    { "target": "Rev.16.18", "votes": 1, "book": "Rev", "ch": 16, "v": 18 }
  ],
  "Exod.10.4": [
    { "target": "Rev.9.3", "votes": 4, "book": "Rev", "ch": 9, "v": 3 }
  ],
  "Exod.10.22": [
    { "target": "Rev.16.10", "votes": 5, "book": "Rev", "ch": 16, "v": 10 }
  ],
  "Exod.12.23": [
    { "target": "Rev.7.3", "votes": 9, "book": "Rev", "ch": 7, "v": 3 },
    { "target": "Rev.9.4", "votes": 9, "book": "Rev", "ch": 9, "v": 4 }
  ],
  "Exod.15.11": [
    { "target": "Rev.4.8", "votes": 49, "book": "Rev", "ch": 4, "v": 8 },
    { "target": "Rev.15.4", "votes": 28, "book": "Rev", "ch": 15, "v": 4 },
    {
      "target": "Rev.19.1-Rev.19.6",
      "votes": 20,
      "book": "Rev",
      "ch": 19,
      "v": 1,
      "v_end": 6
    }
  ],
  "Exod.15.27": [
    { "target": "Rev.22.2", "votes": 32, "book": "Rev", "ch": 22, "v": 2 },
    { "target": "Rev.7.17", "votes": 28, "book": "Rev", "ch": 7, "v": 17 }
  ],
  "Exod.19.6": [
    { "target": "Rev.5.10", "votes": 21, "book": "Rev", "ch": 5, "v": 10 },
    { "target": "Rev.1.6", "votes": 10, "book": "Rev", "ch": 1, "v": 6 },
    { "target": "Rev.20.6", "votes": 5, "book": "Rev", "ch": 20, "v": 6 }
  ],
  "Exod.20.4": [
    { "target": "Rev.16.2", "votes": 13, "book": "Rev", "ch": 16, "v": 2 },
    {
      "target": "Rev.14.9-Rev.14.11",
      "votes": 6,
      "book": "Rev",
      "ch": 14,
      "v": 9,
      "v_end": 11
    },
    {
      "target": "Rev.13.14-Rev.13.15",
      "votes": 5,
      "book": "Rev",
      "ch": 13,
      "v": 14,
      "v_end": 15
    },
    { "target": "Rev.9.20", "votes": 5, "book": "Rev", "ch": 9, "v": 20 }
  ],
  "Exod.25.8": [
    { "target": "Rev.21.3", "votes": 12, "book": "Rev", "ch": 21, "v": 3 }
  ],
  "Exod.32.32": [
    { "target": "Rev.21.27", "votes": 8, "book": "Rev", "ch": 21, "v": 27 },
    { "target": "Rev.3.5", "votes": 6, "book": "Rev", "ch": 3, "v": 5 },
    { "target": "Rev.17.8", "votes": 3, "book": "Rev", "ch": 17, "v": 8 },
    { "target": "Rev.22.19", "votes": 0, "book": "Rev", "ch": 22, "v": 19 }
  ],
  "Exod.40.34": [
    { "target": "Rev.15.8", "votes": 9, "book": "Rev", "ch": 15, "v": 8 },
    {
      "target": "Rev.21.23-Rev.21.24",
      "votes": 6,
      "book": "Rev",
      "ch": 21,
      "v": 23,
      "v_end": 24
    },
    { "target": "Rev.21.3", "votes": 4, "book": "Rev", "ch": 21, "v": 3 }
  ]
}
