{
  "Prov.1.13": [
    { "t": "Rev.18.9-Rev.18.16", "v": 2, "ch": 18, "vs": 9, "ve": 16 }
  ],
  "Prov.1.22": [{ "t": "Rev.22.17", "v": 3, "ch": 22, "vs": 17 }],
  "Prov.1.23": [
    { "t": "Rev.3.16-Rev.3.19", "v": 4, "ch": 3, "vs": 16, "ve": 19 }
  ],
  "Prov.1.27": [
    { "t": "Rev.6.15-Rev.6.17", "v": 2, "ch": 6, "vs": 15, "ve": 17 }
  ],
  "Prov.2.18": [
    { "t": "Rev.21.8", "v": 3, "ch": 21, "vs": 8 },
    { "t": "Rev.22.15", "v": 2, "ch": 22, "vs": 15 }
  ],
  "Prov.3.11": [{ "t": "Rev.3.19", "v": 21, "ch": 3, "vs": 19 }],
  "Prov.3.12": [{ "t": "Rev.3.19", "v": 22, "ch": 3, "vs": 19 }],
  "Prov.3.14": [{ "t": "Rev.3.18", "v": 3, "ch": 3, "vs": 18 }],
  "Prov.3.18": [
    { "t": "Rev.2.7", "v": 6, "ch": 2, "vs": 7 },
    { "t": "Rev.22.2", "v": 6, "ch": 22, "vs": 2 }
  ],
  "Prov.3.32": [{ "t": "Rev.2.17", "v": 2, "ch": 2, "vs": 17 }],
  "Prov.4.9": [{ "t": "Rev.3.21", "v": 2, "ch": 3, "vs": 21 }],
  "Prov.4.13": [
    { "t": "Rev.12.11", "v": 5, "ch": 12, "vs": 11 },
    { "t": "Rev.2.13", "v": 4, "ch": 2, "vs": 13 }
  ],
  "Prov.4.18": [
    { "t": "Rev.22.5", "v": 18, "ch": 22, "vs": 5 },
    { "t": "Rev.21.23", "v": 17, "ch": 21, "vs": 23 }
  ],
  "Prov.5.1": [
    { "t": "Rev.2.17", "v": 4, "ch": 2, "vs": 17 },
    { "t": "Rev.3.13", "v": 4, "ch": 3, "vs": 13 },
    { "t": "Rev.2.11", "v": 4, "ch": 2, "vs": 11 },
    { "t": "Rev.2.29", "v": 2, "ch": 2, "vs": 29 },
    { "t": "Rev.2.7", "v": 2, "ch": 2, "vs": 7 },
    { "t": "Rev.3.6", "v": 2, "ch": 3, "vs": 6 },
    { "t": "Rev.3.22", "v": 1, "ch": 3, "vs": 22 }
  ],
  "Prov.5.3": [
    { "t": "Rev.17.2-Rev.17.6", "v": 3, "ch": 17, "vs": 2, "ve": 6 }
  ],
  "Prov.5.11": [
    { "t": "Rev.22.15", "v": 5, "ch": 22, "vs": 15 },
    { "t": "Rev.21.8", "v": 2, "ch": 21, "vs": 8 }
  ],
  "Prov.5.21": [
    { "t": "Rev.2.23", "v": 3, "ch": 2, "vs": 23 },
    { "t": "Rev.2.18", "v": 0, "ch": 2, "vs": 18 }
  ],
  "Prov.6.16": [{ "t": "Rev.21.27", "v": 1, "ch": 21, "vs": 27 }],
  "Prov.6.17": [{ "t": "Rev.22.15", "v": 3, "ch": 22, "vs": 15 }],
  "Prov.6.23": [{ "t": "Rev.2.5", "v": 5, "ch": 2, "vs": 5 }],
  "Prov.7.1": [
    { "t": "Rev.1.3", "v": 6, "ch": 1, "vs": 3 },
    { "t": "Rev.22.9", "v": 5, "ch": 22, "vs": 9 }
  ],
  "Prov.7.2": [{ "t": "Rev.22.14", "v": 2, "ch": 22, "vs": 14 }],
  "Prov.7.10": [
    { "t": "Rev.17.3-Rev.17.5", "v": 3, "ch": 17, "vs": 3, "ve": 5 }
  ],
  "Prov.7.12": [
    { "t": "Rev.18.3", "v": 3, "ch": 18, "vs": 3 },
    { "t": "Rev.18.23", "v": 2, "ch": 18, "vs": 23 }
  ],
  "Prov.7.13": [{ "t": "Rev.2.20", "v": 2, "ch": 2, "vs": 20 }],
  "Prov.7.16": [{ "t": "Rev.2.22", "v": 2, "ch": 2, "vs": 22 }],
  "Prov.7.27": [{ "t": "Rev.22.15", "v": 3, "ch": 22, "vs": 15 }],
  "Prov.8.4": [{ "t": "Rev.22.17", "v": 3, "ch": 22, "vs": 17 }],
  "Prov.8.5": [
    { "t": "Rev.3.17-Rev.3.18", "v": 4, "ch": 3, "vs": 17, "ve": 18 }
  ],
  "Prov.8.7": [{ "t": "Rev.3.14", "v": 2, "ch": 3, "vs": 14 }],
  "Prov.8.15": [
    { "t": "Rev.19.16", "v": 3, "ch": 19, "vs": 16 },
    { "t": "Rev.19.11", "v": 2, "ch": 19, "vs": 11 }
  ],
  "Prov.8.18": [{ "t": "Rev.3.18", "v": 3, "ch": 3, "vs": 18 }],
  "Prov.8.20": [{ "t": "Rev.7.17", "v": 2, "ch": 7, "vs": 17 }],
  "Prov.8.21": [{ "t": "Rev.21.7", "v": 2, "ch": 21, "vs": 7 }],
  "Prov.9.1": [{ "t": "Rev.3.12", "v": 5, "ch": 3, "vs": 12 }],
  "Prov.9.4": [
    { "t": "Rev.22.17", "v": 2, "ch": 22, "vs": 17 },
    { "t": "Rev.3.17-Rev.3.18", "v": 2, "ch": 3, "vs": 17, "ve": 18 }
  ],
  "Prov.9.6": [{ "t": "Rev.18.4", "v": 1, "ch": 18, "vs": 4 }],
  "Prov.11.10": [
    { "t": "Rev.19.1-Rev.19.7", "v": -1, "ch": 19, "vs": 1, "ve": 7 }
  ],
  "Prov.12.18": [
    { "t": "Rev.22.2", "v": 3, "ch": 22, "vs": 2 },
    { "t": "Rev.1.16", "v": 3, "ch": 1, "vs": 16 }
  ],
  "Prov.12.21": [{ "t": "Rev.18.6", "v": 4, "ch": 18, "vs": 6 }],
  "Prov.12.22": [
    { "t": "Rev.22.15", "v": 11, "ch": 22, "vs": 15 },
    { "t": "Rev.21.8", "v": 1, "ch": 21, "vs": 8 }
  ],
  "Prov.12.26": [
    { "t": "Rev.12.9", "v": 2, "ch": 12, "vs": 9 },
    { "t": "Rev.13.14", "v": 1, "ch": 13, "vs": 14 }
  ],
  "Prov.13.2": [{ "t": "Rev.16.6", "v": 2, "ch": 16, "vs": 6 }],
  "Prov.13.5": [{ "t": "Rev.21.8", "v": 3, "ch": 21, "vs": 8 }],
  "Prov.13.7": [
    { "t": "Rev.3.17", "v": 6, "ch": 3, "vs": 17 },
    { "t": "Rev.2.9", "v": 2, "ch": 2, "vs": 9 }
  ],
  "Prov.13.12": [{ "t": "Rev.22.2", "v": 3, "ch": 22, "vs": 2 }],
  "Prov.13.19": [
    { "t": "Rev.7.14-Rev.7.17", "v": 5, "ch": 7, "vs": 14, "ve": 17 }
  ],
  "Prov.13.20": [{ "t": "Rev.18.4", "v": 21, "ch": 18, "vs": 4 }],
  "Prov.14.3": [
    { "t": "Rev.12.11", "v": 2, "ch": 12, "vs": 11 },
    { "t": "Rev.3.10", "v": 2, "ch": 3, "vs": 10 },
    { "t": "Rev.15.5-Rev.15.6", "v": 1, "ch": 15, "vs": 5, "ve": 6 }
  ],
  "Prov.14.10": [{ "t": "Rev.2.17", "v": 3, "ch": 2, "vs": 17 }],
  "Prov.14.13": [
    { "t": "Rev.18.7-Rev.18.8", "v": 1, "ch": 18, "vs": 7, "ve": 8 }
  ],
  "Prov.14.19": [{ "t": "Rev.3.9", "v": 4, "ch": 3, "vs": 9 }],
  "Prov.14.27": [{ "t": "Rev.21.6", "v": 6, "ch": 21, "vs": 6 }],
  "Prov.14.32": [{ "t": "Rev.14.13", "v": 4, "ch": 14, "vs": 13 }],
  "Prov.15.4": [{ "t": "Rev.2.7", "v": 6, "ch": 2, "vs": 7 }],
  "Prov.15.11": [
    { "t": "Rev.2.23", "v": 5, "ch": 2, "vs": 23 },
    { "t": "Rev.1.18", "v": 3, "ch": 1, "vs": 18 }
  ],
  "Prov.15.30": [
    { "t": "Rev.22.5", "v": 4, "ch": 22, "vs": 5 },
    { "t": "Rev.21.23", "v": 4, "ch": 21, "vs": 23 }
  ],
  "Prov.15.32": [{ "t": "Rev.3.19", "v": 5, "ch": 3, "vs": 19 }],
  "Prov.16.2": [
    { "t": "Rev.2.23", "v": 4, "ch": 2, "vs": 23 },
    { "t": "Rev.2.18", "v": 2, "ch": 2, "vs": 18 }
  ],
  "Prov.16.4": [{ "t": "Rev.4.11", "v": 5, "ch": 4, "vs": 11 }],
  "Prov.16.12": [{ "t": "Rev.19.11", "v": 3, "ch": 19, "vs": 11 }],
  "Prov.16.17": [{ "t": "Rev.3.10", "v": 3, "ch": 3, "vs": 10 }],
  "Prov.16.32": [{ "t": "Rev.3.21", "v": 9, "ch": 3, "vs": 21 }],
  "Prov.17.3": [{ "t": "Rev.2.23", "v": 3, "ch": 2, "vs": 23 }],
  "Prov.17.4": [
    { "t": "Rev.13.3-Rev.13.8", "v": 1, "ch": 13, "vs": 3, "ve": 8 }
  ],
  "Prov.17.10": [{ "t": "Rev.3.19", "v": 4, "ch": 3, "vs": 19 }],
  "Prov.18.10": [{ "t": "Rev.1.8", "v": 23, "ch": 1, "vs": 8 }],
  "Prov.19.3": [
    { "t": "Rev.16.9-Rev.16.11", "v": 4, "ch": 16, "vs": 9, "ve": 11 }
  ],
  "Prov.19.9": [
    { "t": "Rev.22.15", "v": 4, "ch": 22, "vs": 15 },
    { "t": "Rev.21.8", "v": 2, "ch": 21, "vs": 8 },
    { "t": "Rev.19.20", "v": 1, "ch": 19, "vs": 20 }
  ],
  "Prov.19.16": [{ "t": "Rev.22.14", "v": 3, "ch": 22, "vs": 14 }],
  "Prov.19.25": [{ "t": "Rev.3.19", "v": 3, "ch": 3, "vs": 19 }],
  "Prov.19.27": [{ "t": "Rev.2.2", "v": 2, "ch": 2, "vs": 2 }],
  "Prov.20.10": [{ "t": "Rev.21.8", "v": 1, "ch": 21, "vs": 8 }],
  "Prov.21.1": [
    { "t": "Rev.16.4", "v": 2, "ch": 16, "vs": 4 },
    { "t": "Rev.16.12", "v": 1, "ch": 16, "vs": 12 }
  ],
  "Prov.21.2": [{ "t": "Rev.2.23", "v": 10, "ch": 2, "vs": 23 }],
  "Prov.21.11": [{ "t": "Rev.11.13", "v": 2, "ch": 11, "vs": 13 }],
  "Prov.22.12": [
    { "t": "Rev.12.14-Rev.12.17", "v": 3, "ch": 12, "vs": 14, "ve": 17 },
    { "t": "Rev.11.3-Rev.11.11", "v": 2, "ch": 11, "vs": 3, "ve": 11 }
  ],
  "Prov.23.23": [
    { "t": "Rev.3.18", "v": 8, "ch": 3, "vs": 18 },
    { "t": "Rev.12.11", "v": 4, "ch": 12, "vs": 11 }
  ],
  "Prov.23.28": [
    { "t": "Rev.17.1-Rev.17.2", "v": 3, "ch": 17, "vs": 1, "ve": 2 }
  ],
  "Prov.24.10": [
    { "t": "Rev.2.3", "v": 13, "ch": 2, "vs": 3 },
    { "t": "Rev.2.13", "v": 9, "ch": 2, "vs": 13 }
  ],
  "Prov.24.12": [
    { "t": "Rev.2.23", "v": 6, "ch": 2, "vs": 23 },
    { "t": "Rev.22.12", "v": 2, "ch": 22, "vs": 12 },
    { "t": "Rev.20.12-Rev.20.15", "v": 2, "ch": 20, "vs": 12, "ve": 15 },
    { "t": "Rev.2.18", "v": 2, "ch": 2, "vs": 18 },
    { "t": "Rev.1.18", "v": 2, "ch": 1, "vs": 18 }
  ],
  "Prov.24.16": [
    { "t": "Rev.18.20-Rev.18.21", "v": 6, "ch": 18, "vs": 20, "ve": 21 }
  ],
  "Prov.24.19": [{ "t": "Rev.18.4", "v": 2, "ch": 18, "vs": 4 }],
  "Prov.24.28": [
    { "t": "Rev.22.15", "v": 2, "ch": 22, "vs": 15 },
    { "t": "Rev.21.8", "v": 2, "ch": 21, "vs": 8 }
  ],
  "Prov.25.7": [{ "t": "Rev.4.1", "v": 2, "ch": 4, "vs": 1 }],
  "Prov.25.25": [
    { "t": "Rev.21.6", "v": 3, "ch": 21, "vs": 6 },
    { "t": "Rev.22.17", "v": 1, "ch": 22, "vs": 17 }
  ],
  "Prov.25.26": [{ "t": "Rev.17.6", "v": 2, "ch": 17, "vs": 6 }],
  "Prov.26.12": [{ "t": "Rev.3.17", "v": 4, "ch": 3, "vs": 17 }],
  "Prov.27.6": [{ "t": "Rev.3.19", "v": 13, "ch": 3, "vs": 19 }],
  "Prov.27.22": [
    { "t": "Rev.16.10-Rev.16.11", "v": 3, "ch": 16, "vs": 10, "ve": 11 }
  ],
  "Prov.28.10": [{ "t": "Rev.2.14", "v": 2, "ch": 2, "vs": 14 }],
  "Prov.28.18": [{ "t": "Rev.3.3", "v": 5, "ch": 3, "vs": 3 }],
  "Prov.28.20": [
    { "t": "Rev.2.10", "v": 5, "ch": 2, "vs": 10 },
    { "t": "Rev.2.13", "v": 3, "ch": 2, "vs": 13 }
  ],
  "Prov.29.2": [{ "t": "Rev.11.15", "v": 4, "ch": 11, "vs": 15 }],
  "Prov.29.16": [
    { "t": "Rev.18.20", "v": 2, "ch": 18, "vs": 20 },
    { "t": "Rev.15.4", "v": 2, "ch": 15, "vs": 4 }
  ],
  "Prov.29.18": [{ "t": "Rev.22.14", "v": 2, "ch": 22, "vs": 14 }],
  "Prov.30.3": [
    { "t": "Rev.4.8", "v": 2, "ch": 4, "vs": 8 },
    { "t": "Rev.3.7", "v": 2, "ch": 3, "vs": 7 }
  ],
  "Prov.30.4": [{ "t": "Rev.19.12", "v": 4, "ch": 19, "vs": 12 }],
  "Prov.30.6": [
    { "t": "Rev.22.18-Rev.22.19", "v": 13, "ch": 22, "vs": 18, "ve": 19 }
  ],
  "Prov.30.12": [{ "t": "Rev.1.5", "v": 2, "ch": 1, "vs": 5 }],
  "Prov.30.14": [{ "t": "Rev.9.8", "v": 3, "ch": 9, "vs": 8 }],
  "Prov.30.27": [
    { "t": "Rev.9.3-Rev.9.11", "v": 3, "ch": 9, "vs": 3, "ve": 11 }
  ],
  "Prov.31.9": [{ "t": "Rev.19.11", "v": 2, "ch": 19, "vs": 11 }],
  "Prov.31.22": [
    { "t": "Rev.19.8", "v": 6, "ch": 19, "vs": 8 },
    { "t": "Rev.19.14", "v": 2, "ch": 19, "vs": 14 }
  ],
  "Prov.31.31": [{ "t": "Rev.14.13", "v": 7, "ch": 14, "vs": 13 }]
}
