{
  "Eccl.1.8": [
    { "t": "Rev.7.16-Rev.7.17", "v": 1, "ch": 7, "vs": 16, "ve": 17 }
  ],
  "Eccl.1.9": [
    { "t": "Rev.21.1", "v": 6, "ch": 21, "vs": 1 },
    { "t": "Rev.21.5", "v": 1, "ch": 21, "vs": 5 }
  ],
  "Eccl.2.1": [
    { "t": "Rev.18.7-Rev.18.8", "v": 2, "ch": 18, "vs": 7, "ve": 8 }
  ],
  "Eccl.3.8": [{ "t": "Rev.2.2", "v": 5, "ch": 2, "vs": 2 }],
  "Eccl.3.14": [{ "t": "Rev.15.4", "v": 1, "ch": 15, "vs": 4 }],
  "Eccl.3.17": [
    { "t": "Rev.20.11-Rev.20.15", "v": 2, "ch": 20, "vs": 11, "ve": 15 },
    { "t": "Rev.20.2", "v": 1, "ch": 20, "vs": 2 },
    { "t": "Rev.20.7-Rev.20.9", "v": 1, "ch": 20, "vs": 7, "ve": 9 },
    { "t": "Rev.11.18", "v": 1, "ch": 11, "vs": 18 },
    { "t": "Rev.11.2-Rev.11.3", "v": 1, "ch": 11, "vs": 2, "ve": 3 },
    { "t": "Rev.17.12-Rev.17.17", "v": 0, "ch": 17, "vs": 12, "ve": 17 }
  ],
  "Eccl.5.8": [
    { "t": "Rev.17.6-Rev.17.7", "v": 3, "ch": 17, "vs": 6, "ve": 7 }
  ],
  "Eccl.7.1": [{ "t": "Rev.14.13", "v": 13, "ch": 14, "vs": 13 }],
  "Eccl.7.5": [{ "t": "Rev.3.19", "v": 3, "ch": 3, "vs": 19 }],
  "Eccl.7.16": [{ "t": "Rev.18.19", "v": 2, "ch": 18, "vs": 19 }],
  "Eccl.9.8": [
    { "t": "Rev.19.14", "v": 8, "ch": 19, "vs": 14 },
    { "t": "Rev.3.4-Rev.3.5", "v": 8, "ch": 3, "vs": 4, "ve": 5 },
    { "t": "Rev.7.13-Rev.7.14", "v": 7, "ch": 7, "vs": 13, "ve": 14 },
    { "t": "Rev.19.8", "v": 7, "ch": 19, "vs": 8 },
    { "t": "Rev.7.9", "v": 6, "ch": 7, "vs": 9 },
    { "t": "Rev.16.15", "v": 5, "ch": 16, "vs": 15 }
  ],
  "Eccl.11.9": [
    { "t": "Rev.20.12-Rev.20.15", "v": 6, "ch": 20, "vs": 12, "ve": 15 }
  ],
  "Eccl.12.4": [{ "t": "Rev.18.22", "v": 2, "ch": 18, "vs": 22 }],
  "Eccl.12.13": [{ "t": "Rev.19.5", "v": 23, "ch": 19, "vs": 5 }],
  "Eccl.12.14": [
    { "t": "Rev.20.11-Rev.20.15", "v": 8, "ch": 20, "vs": 11, "ve": 15 }
  ]
}
