{
  "Song.1.3": [{ "t": "Rev.14.4", "v": 6, "ch": 14, "vs": 4 }],
  "Song.1.7": [{ "t": "Rev.7.17", "v": 2, "ch": 7, "vs": 17 }],
  "Song.1.8": [
    { "t": "Rev.19.7-Rev.19.8", "v": 2, "ch": 19, "vs": 7, "ve": 8 }
  ],
  "Song.1.12": [
    { "t": "Rev.3.20", "v": 4, "ch": 3, "vs": 20 },
    { "t": "Rev.8.3-Rev.8.4", "v": 2, "ch": 8, "vs": 3, "ve": 4 }
  ],
  "Song.1.16": [
    { "t": "Rev.5.11-Rev.5.13", "v": 2, "ch": 5, "vs": 11, "ve": 13 }
  ],
  "Song.2.3": [
    { "t": "Rev.22.1-Rev.22.2", "v": 1, "ch": 22, "vs": 1, "ve": 2 }
  ],
  "Song.2.4": [{ "t": "Rev.3.20", "v": 8, "ch": 3, "vs": 20 }],
  "Song.2.8": [{ "t": "Rev.3.20", "v": 3, "ch": 3, "vs": 20 }],
  "Song.2.9": [{ "t": "Rev.19.10", "v": 2, "ch": 19, "vs": 10 }],
  "Song.2.10": [
    { "t": "Rev.22.17", "v": 4, "ch": 22, "vs": 17 },
    { "t": "Rev.19.7-Rev.19.9", "v": 3, "ch": 19, "vs": 7, "ve": 9 }
  ],
  "Song.2.11": [
    { "t": "Rev.11.14-Rev.11.15", "v": 2, "ch": 11, "vs": 14, "ve": 15 }
  ],
  "Song.2.14": [
    { "t": "Rev.5.8", "v": 1, "ch": 5, "vs": 8 },
    { "t": "Rev.7.9-Rev.7.10", "v": 1, "ch": 7, "vs": 9, "ve": 10 },
    { "t": "Rev.4.8-Rev.4.10", "v": 1, "ch": 4, "vs": 8, "ve": 10 }
  ],
  "Song.2.15": [{ "t": "Rev.2.2", "v": 7, "ch": 2, "vs": 2 }],
  "Song.2.16": [
    { "t": "Rev.21.2-Rev.21.3", "v": 2, "ch": 21, "vs": 2, "ve": 3 }
  ],
  "Song.3.4": [
    { "t": "Rev.3.11-Rev.3.12", "v": 2, "ch": 3, "vs": 11, "ve": 12 }
  ],
  "Song.3.6": [
    { "t": "Rev.12.6", "v": 3, "ch": 12, "vs": 6 },
    { "t": "Rev.12.14", "v": 3, "ch": 12, "vs": 14 },
    { "t": "Rev.5.8", "v": 2, "ch": 5, "vs": 8 }
  ],
  "Song.3.9": [{ "t": "Rev.14.6", "v": 1, "ch": 14, "vs": 6 }],
  "Song.3.10": [
    { "t": "Rev.3.12", "v": 2, "ch": 3, "vs": 12 },
    { "t": "Rev.1.5", "v": 2, "ch": 1, "vs": 5 }
  ],
  "Song.3.11": [
    { "t": "Rev.1.7", "v": 3, "ch": 1, "vs": 7 },
    { "t": "Rev.19.7", "v": 2, "ch": 19, "vs": 7 },
    { "t": "Rev.22.9-Rev.22.10", "v": 2, "ch": 22, "vs": 9, "ve": 10 },
    { "t": "Rev.19.12", "v": 2, "ch": 19, "vs": 12 },
    { "t": "Rev.5.9-Rev.5.10", "v": 2, "ch": 5, "vs": 9, "ve": 10 }
  ],
  "Song.4.6": [
    { "t": "Rev.5.8", "v": 2, "ch": 5, "vs": 8 },
    { "t": "Rev.22.16", "v": 2, "ch": 22, "vs": 16 }
  ],
  "Song.4.7": [{ "t": "Rev.21.2", "v": -1, "ch": 21, "vs": 2 }],
  "Song.4.9": [
    { "t": "Rev.21.9-Rev.21.10", "v": 3, "ch": 21, "vs": 9, "ve": 10 },
    { "t": "Rev.21.2", "v": 3, "ch": 21, "vs": 2 },
    { "t": "Rev.19.7-Rev.19.8", "v": 2, "ch": 19, "vs": 7, "ve": 8 }
  ],
  "Song.4.10": [{ "t": "Rev.5.8", "v": 1, "ch": 5, "vs": 8 }],
  "Song.4.12": [
    { "t": "Rev.21.27", "v": 5, "ch": 21, "vs": 27 },
    { "t": "Rev.7.3", "v": 3, "ch": 7, "vs": 3 }
  ],
  "Song.4.14": [{ "t": "Rev.18.13", "v": 2, "ch": 18, "vs": 13 }],
  "Song.4.15": [{ "t": "Rev.22.1", "v": 2, "ch": 22, "vs": 1 }],
  "Song.5.1": [{ "t": "Rev.22.17", "v": 4, "ch": 22, "vs": 17 }],
  "Song.5.2": [
    { "t": "Rev.3.20", "v": 5, "ch": 3, "vs": 20 },
    { "t": "Rev.3.4", "v": 1, "ch": 3, "vs": 4 },
    { "t": "Rev.14.4", "v": 1, "ch": 14, "vs": 4 }
  ],
  "Song.5.5": [{ "t": "Rev.3.20", "v": 2, "ch": 3, "vs": 20 }],
  "Song.5.6": [{ "t": "Rev.3.19", "v": 3, "ch": 3, "vs": 19 }],
  "Song.5.7": [
    { "t": "Rev.17.5-Rev.17.6", "v": 2, "ch": 17, "vs": 5, "ve": 6 }
  ],
  "Song.5.11": [{ "t": "Rev.1.14", "v": 3, "ch": 1, "vs": 14 }],
  "Song.5.13": [{ "t": "Rev.21.23", "v": 2, "ch": 21, "vs": 23 }],
  "Song.5.15": [
    { "t": "Rev.1.15-Rev.1.16", "v": 3, "ch": 1, "vs": 15, "ve": 16 }
  ],
  "Song.6.2": [{ "t": "Rev.7.17", "v": 2, "ch": 7, "vs": 17 }],
  "Song.6.3": [
    { "t": "Rev.21.2-Rev.21.4", "v": 4, "ch": 21, "vs": 2, "ve": 4 }
  ],
  "Song.6.4": [
    { "t": "Rev.21.2", "v": 3, "ch": 21, "vs": 2 },
    { "t": "Rev.19.14-Rev.19.16", "v": 2, "ch": 19, "vs": 14, "ve": 16 }
  ],
  "Song.6.8": [{ "t": "Rev.7.9", "v": 5, "ch": 7, "vs": 9 }],
  "Song.6.9": [
    { "t": "Rev.21.9-Rev.21.10", "v": 5, "ch": 21, "vs": 9, "ve": 10 }
  ],
  "Song.6.10": [
    { "t": "Rev.10.1", "v": 3, "ch": 10, "vs": 1 },
    { "t": "Rev.22.5", "v": 3, "ch": 22, "vs": 5 },
    { "t": "Rev.22.16", "v": 2, "ch": 22, "vs": 16 },
    { "t": "Rev.12.1", "v": 2, "ch": 12, "vs": 1 },
    { "t": "Rev.21.23", "v": 2, "ch": 21, "vs": 23 },
    { "t": "Rev.21.10-Rev.21.11", "v": 2, "ch": 21, "vs": 10, "ve": 11 }
  ],
  "Song.7.5": [{ "t": "Rev.1.14", "v": 2, "ch": 1, "vs": 14 }],
  "Song.7.9": [{ "t": "Rev.14.13", "v": 2, "ch": 14, "vs": 13 }],
  "Song.8.2": [{ "t": "Rev.19.10", "v": 0, "ch": 19, "vs": 10 }],
  "Song.8.5": [{ "t": "Rev.12.6", "v": 1, "ch": 12, "vs": 6 }],
  "Song.8.6": [{ "t": "Rev.12.11", "v": 8, "ch": 12, "vs": 11 }],
  "Song.8.9": [
    { "t": "Rev.21.12-Rev.21.19", "v": 2, "ch": 21, "vs": 12, "ve": 19 }
  ],
  "Song.8.14": [
    { "t": "Rev.22.20", "v": 3, "ch": 22, "vs": 20 },
    { "t": "Rev.22.17", "v": 3, "ch": 22, "vs": 17 }
  ]
}
