{
  "Isa.33.1": [
    { "t": "Rev.17.17", "v": 3, "ch": 17, "vs": 17 },
    { "t": "Rev.17.12-Rev.17.14", "v": 2, "ch": 17, "vs": 12, "ve": 14 },
    { "t": "Rev.13.10", "v": 2, "ch": 13, "vs": 10 },
    { "t": "Rev.16.6", "v": 1, "ch": 16, "vs": 6 }
  ],
  "Isa.33.5": [
    { "t": "Rev.19.2-Rev.19.6", "v": 3, "ch": 19, "vs": 2, "ve": 6 }
  ],
  "Isa.33.14": [
    { "t": "Rev.14.10", "v": 5, "ch": 14, "vs": 10 },
    { "t": "Rev.20.10", "v": 3, "ch": 20, "vs": 10 },
    { "t": "Rev.6.15-Rev.6.17", "v": 3, "ch": 6, "vs": 15, "ve": 17 }
  ],
  "Isa.33.20": [{ "t": "Rev.3.12", "v": 2, "ch": 3, "vs": 12 }],
  "Isa.33.22": [{ "t": "Rev.19.16", "v": 3, "ch": 19, "vs": 16 }],
  "Isa.33.24": [
    { "t": "Rev.21.4", "v": 9, "ch": 21, "vs": 4 },
    { "t": "Rev.22.2", "v": 6, "ch": 22, "vs": 2 }
  ],
  "Isa.34.1": [{ "t": "Rev.2.7", "v": 3, "ch": 2, "vs": 7 }],
  "Isa.34.2": [
    { "t": "Rev.19.15-Rev.19.21", "v": 1, "ch": 19, "vs": 15, "ve": 21 },
    { "t": "Rev.14.15-Rev.14.20", "v": 1, "ch": 14, "vs": 15, "ve": 20 },
    { "t": "Rev.6.12-Rev.6.17", "v": 1, "ch": 6, "vs": 12, "ve": 17 },
    { "t": "Rev.20.9", "v": 1, "ch": 20, "vs": 9 },
    { "t": "Rev.20.15", "v": 1, "ch": 20, "vs": 15 }
  ],
  "Isa.34.3": [
    { "t": "Rev.16.3-Rev.16.4", "v": 2, "ch": 16, "vs": 3, "ve": 4 },
    { "t": "Rev.14.20", "v": 2, "ch": 14, "vs": 20 }
  ],
  "Isa.34.4": [
    { "t": "Rev.6.13-Rev.6.14", "v": 10, "ch": 6, "vs": 13, "ve": 14 },
    { "t": "Rev.8.12", "v": 2, "ch": 8, "vs": 12 },
    { "t": "Rev.20.11", "v": 2, "ch": 20, "vs": 11 }
  ],
  "Isa.34.5": [{ "t": "Rev.1.16", "v": 1, "ch": 1, "vs": 16 }],
  "Isa.34.6": [
    { "t": "Rev.19.17-Rev.19.18", "v": 2, "ch": 19, "vs": 17, "ve": 18 }
  ],
  "Isa.34.8": [
    { "t": "Rev.19.2", "v": 3, "ch": 19, "vs": 2 },
    { "t": "Rev.6.10-Rev.6.11", "v": 3, "ch": 6, "vs": 10, "ve": 11 },
    { "t": "Rev.18.20", "v": 3, "ch": 18, "vs": 20 }
  ],
  "Isa.34.9": [
    { "t": "Rev.21.8", "v": 2, "ch": 21, "vs": 8 },
    { "t": "Rev.19.20", "v": 2, "ch": 19, "vs": 20 }
  ],
  "Isa.34.10": [
    { "t": "Rev.19.3", "v": 6, "ch": 19, "vs": 3 },
    { "t": "Rev.18.18", "v": 3, "ch": 18, "vs": 18 },
    { "t": "Rev.14.10-Rev.14.11", "v": 3, "ch": 14, "vs": 10, "ve": 11 }
  ],
  "Isa.34.11": [
    { "t": "Rev.18.2", "v": 4, "ch": 18, "vs": 2 },
    { "t": "Rev.18.21-Rev.18.23", "v": 2, "ch": 18, "vs": 21, "ve": 23 }
  ],
  "Isa.34.13": [
    { "t": "Rev.18.20-Rev.18.24", "v": 2, "ch": 18, "vs": 20, "ve": 24 },
    { "t": "Rev.18.2", "v": 2, "ch": 18, "vs": 2 }
  ],
  "Isa.35.1": [
    { "t": "Rev.19.1-Rev.19.7", "v": 8, "ch": 19, "vs": 1, "ve": 7 }
  ],
  "Isa.35.2": [{ "t": "Rev.21.23", "v": 3, "ch": 21, "vs": 23 }],
  "Isa.35.4": [
    { "t": "Rev.22.20", "v": 5, "ch": 22, "vs": 20 },
    { "t": "Rev.2.10", "v": 4, "ch": 2, "vs": 10 },
    { "t": "Rev.1.7", "v": 4, "ch": 1, "vs": 7 }
  ],
  "Isa.35.6": [
    { "t": "Rev.22.17", "v": 3, "ch": 22, "vs": 17 },
    { "t": "Rev.22.1", "v": 2, "ch": 22, "vs": 1 }
  ],
  "Isa.35.7": [
    { "t": "Rev.18.2", "v": 3, "ch": 18, "vs": 2 },
    { "t": "Rev.20.2-Rev.20.3", "v": 2, "ch": 20, "vs": 2, "ve": 3 },
    { "t": "Rev.12.9-Rev.12.12", "v": 2, "ch": 12, "vs": 9, "ve": 12 }
  ],
  "Isa.35.8": [
    { "t": "Rev.21.27", "v": 13, "ch": 21, "vs": 27 },
    { "t": "Rev.7.15-Rev.7.17", "v": 5, "ch": 7, "vs": 15, "ve": 17 }
  ],
  "Isa.35.9": [
    { "t": "Rev.20.1-Rev.20.3", "v": 1, "ch": 20, "vs": 1, "ve": 3 },
    { "t": "Rev.5.9", "v": 1, "ch": 5, "vs": 9 }
  ],
  "Isa.35.10": [
    { "t": "Rev.21.4", "v": 10, "ch": 21, "vs": 4 },
    { "t": "Rev.14.1-Rev.14.4", "v": 4, "ch": 14, "vs": 1, "ve": 4 },
    { "t": "Rev.19.1-Rev.19.7", "v": 3, "ch": 19, "vs": 1, "ve": 7 },
    { "t": "Rev.15.2-Rev.15.4", "v": 2, "ch": 15, "vs": 2, "ve": 4 },
    { "t": "Rev.7.9-Rev.7.17", "v": 2, "ch": 7, "vs": 9, "ve": 17 },
    { "t": "Rev.18.20", "v": 1, "ch": 18, "vs": 20 }
  ],
  "Isa.36.14": [
    { "t": "Rev.13.5-Rev.13.6", "v": 2, "ch": 13, "vs": 5, "ve": 6 }
  ],
  "Isa.37.3": [{ "t": "Rev.3.19", "v": 1, "ch": 3, "vs": 19 }],
  "Isa.37.16": [
    { "t": "Rev.11.15-Rev.11.17", "v": 2, "ch": 11, "vs": 15, "ve": 17 }
  ],
  "Isa.37.23": [
    { "t": "Rev.13.1-Rev.13.6", "v": 2, "ch": 13, "vs": 1, "ve": 6 }
  ],
  "Isa.37.28": [{ "t": "Rev.2.13", "v": 2, "ch": 2, "vs": 13 }],
  "Isa.38.5": [{ "t": "Rev.7.17", "v": 7, "ch": 7, "vs": 17 }],
  "Isa.40.2": [
    { "t": "Rev.18.6", "v": 7, "ch": 18, "vs": 6 },
    { "t": "Rev.11.15-Rev.11.18", "v": 4, "ch": 11, "vs": 15, "ve": 18 },
    { "t": "Rev.6.10-Rev.6.11", "v": 1, "ch": 6, "vs": 10, "ve": 11 }
  ],
  "Isa.40.5": [{ "t": "Rev.21.23", "v": 5, "ch": 21, "vs": 23 }],
  "Isa.40.10": [
    { "t": "Rev.22.12", "v": 19, "ch": 22, "vs": 12 },
    { "t": "Rev.17.14", "v": 12, "ch": 17, "vs": 14 },
    { "t": "Rev.2.26-Rev.2.27", "v": 2, "ch": 2, "vs": 26, "ve": 27 },
    { "t": "Rev.20.11", "v": 1, "ch": 20, "vs": 11 },
    { "t": "Rev.19.11-Rev.19.16", "v": 0, "ch": 19, "vs": 11, "ve": 16 }
  ],
  "Isa.40.11": [{ "t": "Rev.7.17", "v": 22, "ch": 7, "vs": 17 }],
  "Isa.40.12": [{ "t": "Rev.20.11", "v": 9, "ch": 20, "vs": 11 }],
  "Isa.40.23": [
    { "t": "Rev.19.18-Rev.19.20", "v": 2, "ch": 19, "vs": 18, "ve": 20 }
  ],
  "Isa.40.31": [
    { "t": "Rev.2.3", "v": 62, "ch": 2, "vs": 3 },
    { "t": "Rev.4.7", "v": 28, "ch": 4, "vs": 7 }
  ],
  "Isa.41.4": [
    { "t": "Rev.22.13", "v": 10, "ch": 22, "vs": 13 },
    { "t": "Rev.1.17", "v": 8, "ch": 1, "vs": 17 },
    { "t": "Rev.1.8", "v": 3, "ch": 1, "vs": 8 },
    { "t": "Rev.1.11", "v": 3, "ch": 1, "vs": 11 },
    { "t": "Rev.2.8", "v": 3, "ch": 2, "vs": 8 }
  ],
  "Isa.41.9": [{ "t": "Rev.5.9", "v": 4, "ch": 5, "vs": 9 }],
  "Isa.41.11": [{ "t": "Rev.3.9", "v": 10, "ch": 3, "vs": 9 }],
  "Isa.41.14": [{ "t": "Rev.5.9", "v": 2, "ch": 5, "vs": 9 }],
  "Isa.41.17": [
    { "t": "Rev.22.17", "v": 3, "ch": 22, "vs": 17 },
    { "t": "Rev.21.6", "v": 3, "ch": 21, "vs": 6 }
  ],
  "Isa.41.18": [
    { "t": "Rev.7.17", "v": 7, "ch": 7, "vs": 17 },
    { "t": "Rev.22.1", "v": 5, "ch": 22, "vs": 1 }
  ],
  "Isa.41.24": [{ "t": "Rev.17.5", "v": 2, "ch": 17, "vs": 5 }],
  "Isa.41.27": [{ "t": "Rev.2.8", "v": 2, "ch": 2, "vs": 8 }],
  "Isa.42.3": [{ "t": "Rev.19.11", "v": 8, "ch": 19, "vs": 11 }],
  "Isa.42.7": [{ "t": "Rev.3.18", "v": 6, "ch": 3, "vs": 18 }],
  "Isa.42.10": [
    { "t": "Rev.5.9", "v": 3, "ch": 5, "vs": 9 },
    { "t": "Rev.14.3", "v": 2, "ch": 14, "vs": 3 }
  ],
  "Isa.42.12": [
    { "t": "Rev.5.9-Rev.5.10", "v": 2, "ch": 5, "vs": 9, "ve": 10 },
    { "t": "Rev.7.9-Rev.7.12", "v": 2, "ch": 7, "vs": 9, "ve": 12 }
  ],
  "Isa.42.15": [
    { "t": "Rev.20.11", "v": 3, "ch": 20, "vs": 11 },
    { "t": "Rev.11.13", "v": 2, "ch": 11, "vs": 13 },
    { "t": "Rev.6.12-Rev.6.17", "v": 2, "ch": 6, "vs": 12, "ve": 17 },
    { "t": "Rev.8.7-Rev.8.12", "v": 2, "ch": 8, "vs": 7, "ve": 12 },
    { "t": "Rev.16.18", "v": 2, "ch": 16, "vs": 18 },
    { "t": "Rev.16.12", "v": 2, "ch": 16, "vs": 12 }
  ],
  "Isa.42.18": [
    { "t": "Rev.3.17-Rev.3.18", "v": 2, "ch": 3, "vs": 17, "ve": 18 }
  ],
  "Isa.42.25": [
    { "t": "Rev.16.1-Rev.16.21", "v": 2, "ch": 16, "vs": 1, "ve": 21 },
    { "t": "Rev.9.18-Rev.9.21", "v": 2, "ch": 9, "vs": 18, "ve": 21 }
  ],
  "Isa.43.1": [{ "t": "Rev.5.9", "v": 25, "ch": 5, "vs": 9 }],
  "Isa.43.4": [{ "t": "Rev.3.9", "v": 8, "ch": 3, "vs": 9 }],
  "Isa.43.7": [{ "t": "Rev.3.12", "v": 3, "ch": 3, "vs": 12 }],
  "Isa.43.10": [
    { "t": "Rev.1.2", "v": 5, "ch": 1, "vs": 2 },
    { "t": "Rev.1.5", "v": 4, "ch": 1, "vs": 5 },
    { "t": "Rev.3.14", "v": 3, "ch": 3, "vs": 14 }
  ],
  "Isa.43.11": [
    { "t": "Rev.7.10-Rev.7.12", "v": 9, "ch": 7, "vs": 10, "ve": 12 },
    { "t": "Rev.1.17-Rev.1.18", "v": 5, "ch": 1, "vs": 17, "ve": 18 },
    { "t": "Rev.1.11", "v": 4, "ch": 1, "vs": 11 }
  ],
  "Isa.43.13": [{ "t": "Rev.1.8", "v": 7, "ch": 1, "vs": 8 }],
  "Isa.43.14": [
    { "t": "Rev.5.9", "v": 2, "ch": 5, "vs": 9 },
    { "t": "Rev.18.11-Rev.18.21", "v": 2, "ch": 18, "vs": 11, "ve": 21 }
  ],
  "Isa.43.15": [{ "t": "Rev.3.7", "v": 2, "ch": 3, "vs": 7 }],
  "Isa.43.16": [{ "t": "Rev.16.12", "v": 4, "ch": 16, "vs": 12 }],
  "Isa.43.17": [
    { "t": "Rev.20.8-Rev.20.9", "v": 3, "ch": 20, "vs": 8, "ve": 9 },
    { "t": "Rev.19.17-Rev.19.21", "v": 2, "ch": 19, "vs": 17, "ve": 21 }
  ],
  "Isa.43.19": [{ "t": "Rev.21.5", "v": 88, "ch": 21, "vs": 5 }],
  "Isa.43.20": [
    { "t": "Rev.17.14", "v": 3, "ch": 17, "vs": 14 },
    { "t": "Rev.22.17", "v": 2, "ch": 22, "vs": 17 },
    { "t": "Rev.21.6", "v": 2, "ch": 21, "vs": 6 }
  ],
  "Isa.44.3": [
    { "t": "Rev.21.6", "v": 374, "ch": 21, "vs": 6 },
    { "t": "Rev.22.17", "v": 166, "ch": 22, "vs": 17 }
  ],
  "Isa.44.6": [
    { "t": "Rev.1.8", "v": 58, "ch": 1, "vs": 8 },
    { "t": "Rev.22.13", "v": 46, "ch": 22, "vs": 13 },
    { "t": "Rev.2.8", "v": 21, "ch": 2, "vs": 8 },
    { "t": "Rev.1.17-Rev.1.18", "v": 20, "ch": 1, "vs": 17, "ve": 18 },
    { "t": "Rev.1.11", "v": 9, "ch": 1, "vs": 11 }
  ],
  "Isa.44.11": [
    { "t": "Rev.19.19-Rev.19.21", "v": 2, "ch": 19, "vs": 19, "ve": 21 }
  ],
  "Isa.44.15": [{ "t": "Rev.9.20", "v": 2, "ch": 9, "vs": 20 }],
  "Isa.44.20": [
    { "t": "Rev.13.14", "v": 3, "ch": 13, "vs": 14 },
    { "t": "Rev.12.9", "v": 3, "ch": 12, "vs": 9 },
    { "t": "Rev.18.23", "v": 3, "ch": 18, "vs": 23 },
    { "t": "Rev.20.3", "v": 3, "ch": 20, "vs": 3 }
  ],
  "Isa.44.23": [
    { "t": "Rev.5.8-Rev.5.14", "v": 6, "ch": 5, "vs": 8, "ve": 14 },
    { "t": "Rev.19.1-Rev.19.6", "v": 4, "ch": 19, "vs": 1, "ve": 6 },
    { "t": "Rev.12.12", "v": 2, "ch": 12, "vs": 12 },
    { "t": "Rev.18.20", "v": 2, "ch": 18, "vs": 20 }
  ],
  "Isa.44.24": [{ "t": "Rev.5.9", "v": 6, "ch": 5, "vs": 9 }],
  "Isa.44.27": [{ "t": "Rev.16.12", "v": 2, "ch": 16, "vs": 12 }],
  "Isa.45.14": [{ "t": "Rev.3.9", "v": 3, "ch": 3, "vs": 9 }],
  "Isa.45.20": [
    { "t": "Rev.18.3-Rev.18.18", "v": 2, "ch": 18, "vs": 3, "ve": 18 }
  ],
  "Isa.45.24": [
    { "t": "Rev.11.18", "v": 3, "ch": 11, "vs": 18 },
    { "t": "Rev.22.17", "v": 3, "ch": 22, "vs": 17 }
  ],
  "Isa.46.12": [
    { "t": "Rev.3.17-Rev.3.18", "v": 2, "ch": 3, "vs": 17, "ve": 18 }
  ],
  "Isa.47.1": [{ "t": "Rev.18.7", "v": 3, "ch": 18, "vs": 7 }],
  "Isa.47.3": [
    { "t": "Rev.16.19", "v": 2, "ch": 16, "vs": 19 },
    { "t": "Rev.6.9-Rev.6.10", "v": 2, "ch": 6, "vs": 9, "ve": 10 },
    { "t": "Rev.18.5-Rev.18.8", "v": 2, "ch": 18, "vs": 5, "ve": 8 },
    { "t": "Rev.18.20", "v": 1, "ch": 18, "vs": 20 }
  ],
  "Isa.47.5": [
    { "t": "Rev.17.18", "v": 2, "ch": 17, "vs": 18 },
    { "t": "Rev.18.21-Rev.18.24", "v": 2, "ch": 18, "vs": 21, "ve": 24 },
    { "t": "Rev.17.3-Rev.17.5", "v": 2, "ch": 17, "vs": 3, "ve": 5 },
    { "t": "Rev.18.7", "v": 2, "ch": 18, "vs": 7 },
    { "t": "Rev.18.16-Rev.18.19", "v": 2, "ch": 18, "vs": 16, "ve": 19 }
  ],
  "Isa.47.8": [
    { "t": "Rev.18.3-Rev.18.8", "v": 3, "ch": 18, "vs": 3, "ve": 8 }
  ],
  "Isa.47.9": [
    { "t": "Rev.18.8-Rev.18.10", "v": 3, "ch": 18, "vs": 8, "ve": 10 },
    { "t": "Rev.22.15", "v": 2, "ch": 22, "vs": 15 },
    { "t": "Rev.18.21-Rev.18.23", "v": 2, "ch": 18, "vs": 21, "ve": 23 },
    { "t": "Rev.9.20-Rev.9.21", "v": 2, "ch": 9, "vs": 20, "ve": 21 },
    { "t": "Rev.21.8", "v": 2, "ch": 21, "vs": 8 }
  ],
  "Isa.47.11": [
    { "t": "Rev.3.3", "v": 3, "ch": 3, "vs": 3 },
    { "t": "Rev.18.9-Rev.18.10", "v": 3, "ch": 18, "vs": 9, "ve": 10 }
  ],
  "Isa.47.12": [
    { "t": "Rev.17.4-Rev.17.6", "v": 2, "ch": 17, "vs": 4, "ve": 6 }
  ],
  "Isa.47.14": [{ "t": "Rev.18.21", "v": 2, "ch": 18, "vs": 21 }],
  "Isa.47.15": [
    { "t": "Rev.18.11-Rev.18.19", "v": 2, "ch": 18, "vs": 11, "ve": 19 }
  ],
  "Isa.48.1": [
    { "t": "Rev.2.9", "v": 2, "ch": 2, "vs": 9 },
    { "t": "Rev.3.9", "v": 2, "ch": 3, "vs": 9 }
  ],
  "Isa.48.2": [
    { "t": "Rev.22.19", "v": 2, "ch": 22, "vs": 19 },
    { "t": "Rev.11.2", "v": 2, "ch": 11, "vs": 2 },
    { "t": "Rev.21.2", "v": 2, "ch": 21, "vs": 2 }
  ],
  "Isa.48.6": [
    { "t": "Rev.4.1", "v": 7, "ch": 4, "vs": 1 },
    { "t": "Rev.6.1-Rev.6.17", "v": 1, "ch": 6, "vs": 1, "ve": 17 },
    { "t": "Rev.1.19", "v": 1, "ch": 1, "vs": 19 },
    { "t": "Rev.5.1-Rev.5.2", "v": 1, "ch": 5, "vs": 1, "ve": 2 }
  ],
  "Isa.48.10": [{ "t": "Rev.3.19", "v": 11, "ch": 3, "vs": 19 }],
  "Isa.48.12": [
    { "t": "Rev.22.13", "v": 5, "ch": 22, "vs": 13 },
    { "t": "Rev.1.8", "v": 5, "ch": 1, "vs": 8 },
    { "t": "Rev.1.17-Rev.1.18", "v": 2, "ch": 1, "vs": 17, "ve": 18 },
    { "t": "Rev.2.8", "v": 2, "ch": 2, "vs": 8 },
    { "t": "Rev.17.14", "v": 2, "ch": 17, "vs": 14 },
    { "t": "Rev.1.11", "v": 2, "ch": 1, "vs": 11 }
  ],
  "Isa.48.20": [
    { "t": "Rev.18.4", "v": 5, "ch": 18, "vs": 4 },
    { "t": "Rev.18.20", "v": 2, "ch": 18, "vs": 20 },
    { "t": "Rev.19.1-Rev.19.6", "v": 2, "ch": 19, "vs": 1, "ve": 6 }
  ],
  "Isa.49.2": [
    { "t": "Rev.1.16", "v": 9, "ch": 1, "vs": 16 },
    { "t": "Rev.2.12", "v": 6, "ch": 2, "vs": 12 },
    { "t": "Rev.19.15", "v": 3, "ch": 19, "vs": 15 }
  ],
  "Isa.49.7": [
    { "t": "Rev.3.7", "v": 2, "ch": 3, "vs": 7 },
    { "t": "Rev.11.15", "v": 2, "ch": 11, "vs": 15 }
  ],
  "Isa.49.10": [
    { "t": "Rev.7.16-Rev.7.17", "v": 10, "ch": 7, "vs": 16, "ve": 17 }
  ],
  "Isa.49.12": [
    { "t": "Rev.11.15", "v": 2, "ch": 11, "vs": 15 },
    { "t": "Rev.7.9", "v": 2, "ch": 7, "vs": 9 }
  ],
  "Isa.49.13": [
    { "t": "Rev.7.9-Rev.7.12", "v": 1, "ch": 7, "vs": 9, "ve": 12 },
    { "t": "Rev.5.8-Rev.5.13", "v": 0, "ch": 5, "vs": 8, "ve": 13 }
  ],
  "Isa.49.16": [
    { "t": "Rev.21.10-Rev.21.21", "v": 2, "ch": 21, "vs": 10, "ve": 21 }
  ],
  "Isa.49.18": [
    { "t": "Rev.22.15", "v": 3, "ch": 22, "vs": 15 },
    { "t": "Rev.21.2", "v": 3, "ch": 21, "vs": 2 }
  ],
  "Isa.49.23": [
    { "t": "Rev.3.9", "v": 18, "ch": 3, "vs": 9 },
    { "t": "Rev.21.24-Rev.21.26", "v": 14, "ch": 21, "vs": 24, "ve": 26 }
  ],
  "Isa.49.25": [{ "t": "Rev.18.20", "v": 19, "ch": 18, "vs": 20 }],
  "Isa.49.26": [
    { "t": "Rev.16.6", "v": 7, "ch": 16, "vs": 6 },
    { "t": "Rev.14.20", "v": 3, "ch": 14, "vs": 20 },
    { "t": "Rev.17.6", "v": 3, "ch": 17, "vs": 6 },
    { "t": "Rev.15.3-Rev.15.4", "v": 2, "ch": 15, "vs": 3, "ve": 4 }
  ],
  "Isa.50.3": [{ "t": "Rev.6.12", "v": 5, "ch": 6, "vs": 12 }],
  "Isa.50.8": [{ "t": "Rev.12.10", "v": 3, "ch": 12, "vs": 10 }],
  "Isa.50.11": [
    { "t": "Rev.19.20", "v": 2, "ch": 19, "vs": 20 },
    { "t": "Rev.20.15", "v": 1, "ch": 20, "vs": 15 }
  ],
  "Isa.51.3": [
    { "t": "Rev.19.1-Rev.19.7", "v": 2, "ch": 19, "vs": 1, "ve": 7 }
  ],
  "Isa.51.6": [
    { "t": "Rev.6.12-Rev.6.14", "v": 24, "ch": 6, "vs": 12, "ve": 14 },
    { "t": "Rev.20.11", "v": 9, "ch": 20, "vs": 11 }
  ],
  "Isa.51.9": [
    { "t": "Rev.11.17", "v": 3, "ch": 11, "vs": 17 },
    { "t": "Rev.12.9", "v": 3, "ch": 12, "vs": 9 }
  ],
  "Isa.51.11": [
    { "t": "Rev.21.4", "v": 44, "ch": 21, "vs": 4 },
    { "t": "Rev.7.17", "v": 36, "ch": 7, "vs": 17 },
    { "t": "Rev.22.3", "v": 15, "ch": 22, "vs": 3 },
    { "t": "Rev.19.1-Rev.19.7", "v": 10, "ch": 19, "vs": 1, "ve": 7 },
    { "t": "Rev.21.1", "v": 7, "ch": 21, "vs": 1 },
    { "t": "Rev.7.9-Rev.7.10", "v": 7, "ch": 7, "vs": 9, "ve": 10 },
    { "t": "Rev.5.9-Rev.5.13", "v": 7, "ch": 5, "vs": 9, "ve": 13 },
    { "t": "Rev.14.1-Rev.14.4", "v": 6, "ch": 14, "vs": 1, "ve": 4 }
  ],
  "Isa.51.13": [
    { "t": "Rev.20.9", "v": 2, "ch": 20, "vs": 9 },
    { "t": "Rev.19.20", "v": 2, "ch": 19, "vs": 20 }
  ],
  "Isa.51.16": [{ "t": "Rev.1.1", "v": 2, "ch": 1, "vs": 1 }],
  "Isa.51.17": [
    { "t": "Rev.14.10", "v": 6, "ch": 14, "vs": 10 },
    { "t": "Rev.18.6", "v": 5, "ch": 18, "vs": 6 },
    { "t": "Rev.16.19", "v": 4, "ch": 16, "vs": 19 }
  ],
  "Isa.51.20": [
    { "t": "Rev.16.9-Rev.16.11", "v": 2, "ch": 16, "vs": 9, "ve": 11 },
    { "t": "Rev.14.10", "v": 2, "ch": 14, "vs": 10 }
  ],
  "Isa.51.23": [
    { "t": "Rev.11.2", "v": 2, "ch": 11, "vs": 2 },
    { "t": "Rev.17.18", "v": 2, "ch": 17, "vs": 18 },
    { "t": "Rev.17.6-Rev.17.8", "v": 2, "ch": 17, "vs": 6, "ve": 8 },
    { "t": "Rev.13.16-Rev.13.17", "v": 2, "ch": 13, "vs": 16, "ve": 17 }
  ],
  "Isa.52.1": [
    { "t": "Rev.21.27", "v": 11, "ch": 21, "vs": 27 },
    { "t": "Rev.21.2", "v": 10, "ch": 21, "vs": 2 },
    { "t": "Rev.19.14", "v": 3, "ch": 19, "vs": 14 },
    { "t": "Rev.19.8", "v": 3, "ch": 19, "vs": 8 }
  ],
  "Isa.52.2": [{ "t": "Rev.18.4", "v": 3, "ch": 18, "vs": 4 }],
  "Isa.52.7": [
    { "t": "Rev.14.6", "v": 7, "ch": 14, "vs": 6 },
    { "t": "Rev.11.15", "v": 5, "ch": 11, "vs": 15 }
  ],
  "Isa.52.8": [
    { "t": "Rev.18.20", "v": 1, "ch": 18, "vs": 20 },
    { "t": "Rev.5.8-Rev.5.10", "v": 1, "ch": 5, "vs": 8, "ve": 10 },
    { "t": "Rev.19.4", "v": 1, "ch": 19, "vs": 4 }
  ],
  "Isa.52.10": [
    { "t": "Rev.14.6", "v": 6, "ch": 14, "vs": 6 },
    { "t": "Rev.15.4", "v": 4, "ch": 15, "vs": 4 },
    { "t": "Rev.11.15-Rev.11.17", "v": 3, "ch": 11, "vs": 15, "ve": 17 }
  ],
  "Isa.52.11": [{ "t": "Rev.18.4", "v": 4, "ch": 18, "vs": 4 }],
  "Isa.52.13": [
    { "t": "Rev.5.6-Rev.5.13", "v": 4, "ch": 5, "vs": 6, "ve": 13 }
  ],
  "Isa.53.10": [{ "t": "Rev.1.18", "v": 5, "ch": 1, "vs": 18 }],
  "Isa.53.11": [
    { "t": "Rev.5.9-Rev.5.10", "v": 6, "ch": 5, "vs": 9, "ve": 10 },
    { "t": "Rev.7.9-Rev.7.17", "v": 2, "ch": 7, "vs": 9, "ve": 17 }
  ],
  "Isa.54.1": [{ "t": "Rev.7.9-Rev.7.10", "v": 5, "ch": 7, "vs": 9, "ve": 10 }],
  "Isa.54.5": [{ "t": "Rev.11.15", "v": 1, "ch": 11, "vs": 15 }],
  "Isa.54.11": [
    { "t": "Rev.12.13-Rev.12.17", "v": 4, "ch": 12, "vs": 13, "ve": 17 },
    { "t": "Rev.21.18-Rev.21.21", "v": 4, "ch": 21, "vs": 18, "ve": 21 },
    { "t": "Rev.11.3-Rev.11.10", "v": 3, "ch": 11, "vs": 3, "ve": 10 }
  ],
  "Isa.54.15": [
    { "t": "Rev.20.8-Rev.20.9", "v": 6, "ch": 20, "vs": 8, "ve": 9 },
    { "t": "Rev.16.14", "v": 3, "ch": 16, "vs": 14 },
    { "t": "Rev.19.19-Rev.19.21", "v": 2, "ch": 19, "vs": 19, "ve": 21 }
  ],
  "Isa.54.17": [{ "t": "Rev.12.10", "v": 34, "ch": 12, "vs": 10 }],
  "Isa.55.1": [
    { "t": "Rev.21.6", "v": 61, "ch": 21, "vs": 6 },
    { "t": "Rev.22.17", "v": 38, "ch": 22, "vs": 17 },
    { "t": "Rev.22.1", "v": 20, "ch": 22, "vs": 1 },
    { "t": "Rev.3.18", "v": 11, "ch": 3, "vs": 18 }
  ],
  "Isa.55.4": [
    { "t": "Rev.1.5", "v": 4, "ch": 1, "vs": 5 },
    { "t": "Rev.3.14", "v": 2, "ch": 3, "vs": 14 }
  ],
  "Isa.55.10": [{ "t": "Rev.11.6", "v": 5, "ch": 11, "vs": 6 }],
  "Isa.55.12": [
    { "t": "Rev.19.1-Rev.19.6", "v": 15, "ch": 19, "vs": 1, "ve": 6 }
  ],
  "Isa.56.2": [{ "t": "Rev.22.14", "v": 3, "ch": 22, "vs": 14 }],
  "Isa.56.5": [
    { "t": "Rev.3.12", "v": 12, "ch": 3, "vs": 12 },
    { "t": "Rev.3.5", "v": 10, "ch": 3, "vs": 5 }
  ],
  "Isa.56.6": [{ "t": "Rev.1.10", "v": 3, "ch": 1, "vs": 10 }],
  "Isa.56.9": [
    { "t": "Rev.19.17-Rev.19.18", "v": 2, "ch": 19, "vs": 17, "ve": 18 }
  ],
  "Isa.56.11": [{ "t": "Rev.22.15", "v": 4, "ch": 22, "vs": 15 }],
  "Isa.57.2": [{ "t": "Rev.14.13", "v": 13, "ch": 14, "vs": 13 }],
  "Isa.57.3": [
    { "t": "Rev.17.1-Rev.17.5", "v": 2, "ch": 17, "vs": 1, "ve": 5 }
  ],
  "Isa.57.5": [
    { "t": "Rev.18.3", "v": 2, "ch": 18, "vs": 3 },
    { "t": "Rev.17.1-Rev.17.5", "v": 2, "ch": 17, "vs": 1, "ve": 5 }
  ],
  "Isa.57.11": [
    { "t": "Rev.21.8", "v": 2, "ch": 21, "vs": 8 },
    { "t": "Rev.22.15", "v": 2, "ch": 22, "vs": 15 }
  ],
  "Isa.57.15": [
    { "t": "Rev.3.7", "v": 11, "ch": 3, "vs": 7 },
    { "t": "Rev.15.4", "v": 10, "ch": 15, "vs": 4 },
    { "t": "Rev.4.8", "v": 8, "ch": 4, "vs": 8 }
  ],
  "Isa.57.18": [{ "t": "Rev.7.17", "v": 11, "ch": 7, "vs": 17 }],
  "Isa.58.1": [
    { "t": "Rev.14.9-Rev.14.10", "v": 10, "ch": 14, "vs": 9, "ve": 10 },
    { "t": "Rev.1.10", "v": 3, "ch": 1, "vs": 10 },
    { "t": "Rev.4.1", "v": 2, "ch": 4, "vs": 1 }
  ],
  "Isa.58.13": [{ "t": "Rev.1.10", "v": 17, "ch": 1, "vs": 10 }],
  "Isa.59.6": [
    { "t": "Rev.3.17-Rev.3.18", "v": 3, "ch": 3, "vs": 17, "ve": 18 }
  ],
  "Isa.59.7": [{ "t": "Rev.17.6", "v": 2, "ch": 17, "vs": 6 }],
  "Isa.59.17": [{ "t": "Rev.19.11", "v": 5, "ch": 19, "vs": 11 }],
  "Isa.59.18": [
    { "t": "Rev.19.15", "v": 2, "ch": 19, "vs": 15 },
    { "t": "Rev.20.12-Rev.20.13", "v": 2, "ch": 20, "vs": 12, "ve": 13 },
    { "t": "Rev.16.19", "v": 2, "ch": 16, "vs": 19 }
  ],
  "Isa.59.19": [
    { "t": "Rev.20.1-Rev.20.3", "v": 6, "ch": 20, "vs": 1, "ve": 3 },
    { "t": "Rev.17.14-Rev.17.15", "v": 6, "ch": 17, "vs": 14, "ve": 15 },
    { "t": "Rev.12.15-Rev.12.17", "v": 6, "ch": 12, "vs": 15, "ve": 17 },
    { "t": "Rev.12.10", "v": 4, "ch": 12, "vs": 10 },
    { "t": "Rev.11.15", "v": 2, "ch": 11, "vs": 15 }
  ],
  "Isa.60.1": [
    { "t": "Rev.22.5", "v": 29, "ch": 22, "vs": 5 },
    { "t": "Rev.21.23", "v": 27, "ch": 21, "vs": 23 }
  ],
  "Isa.60.3": [
    { "t": "Rev.21.24", "v": 10, "ch": 21, "vs": 24 },
    { "t": "Rev.11.15", "v": 4, "ch": 11, "vs": 15 }
  ],
  "Isa.60.5": [{ "t": "Rev.21.26", "v": 2, "ch": 21, "vs": 26 }],
  "Isa.60.6": [
    { "t": "Rev.7.9-Rev.7.12", "v": 4, "ch": 7, "vs": 9, "ve": 12 },
    { "t": "Rev.5.9-Rev.5.10", "v": 4, "ch": 5, "vs": 9, "ve": 10 }
  ],
  "Isa.60.8": [{ "t": "Rev.7.9", "v": 4, "ch": 7, "vs": 9 }],
  "Isa.60.10": [
    { "t": "Rev.21.26", "v": 8, "ch": 21, "vs": 26 },
    { "t": "Rev.21.24", "v": 7, "ch": 21, "vs": 24 }
  ],
  "Isa.60.11": [
    { "t": "Rev.21.25-Rev.21.26", "v": 13, "ch": 21, "vs": 25, "ve": 26 }
  ],
  "Isa.60.12": [
    { "t": "Rev.2.26-Rev.2.27", "v": 3, "ch": 2, "vs": 26, "ve": 27 }
  ],
  "Isa.60.14": [
    { "t": "Rev.3.9", "v": 14, "ch": 3, "vs": 9 },
    { "t": "Rev.3.12", "v": 6, "ch": 3, "vs": 12 },
    { "t": "Rev.14.1", "v": 5, "ch": 14, "vs": 1 }
  ],
  "Isa.60.15": [
    { "t": "Rev.11.15-Rev.11.17", "v": 4, "ch": 11, "vs": 15, "ve": 17 },
    { "t": "Rev.11.2", "v": 4, "ch": 11, "vs": 2 }
  ],
  "Isa.60.18": [
    { "t": "Rev.19.1-Rev.19.6", "v": 4, "ch": 19, "vs": 1, "ve": 6 }
  ],
  "Isa.60.19": [
    { "t": "Rev.21.23", "v": 14, "ch": 21, "vs": 23 },
    { "t": "Rev.22.5", "v": 12, "ch": 22, "vs": 5 }
  ],
  "Isa.60.20": [
    { "t": "Rev.21.4", "v": 20, "ch": 21, "vs": 4 },
    { "t": "Rev.7.15-Rev.7.17", "v": 6, "ch": 7, "vs": 15, "ve": 17 }
  ],
  "Isa.60.21": [
    { "t": "Rev.21.27", "v": 4, "ch": 21, "vs": 27 },
    { "t": "Rev.21.7", "v": 3, "ch": 21, "vs": 7 },
    { "t": "Rev.5.10", "v": 3, "ch": 5, "vs": 10 }
  ],
  "Isa.60.22": [{ "t": "Rev.7.9", "v": 10, "ch": 7, "vs": 9 }],
  "Isa.61.3": [{ "t": "Rev.7.9-Rev.7.14", "v": 8, "ch": 7, "vs": 9, "ve": 14 }],
  "Isa.61.6": [
    { "t": "Rev.20.6", "v": 3, "ch": 20, "vs": 6 },
    { "t": "Rev.5.10", "v": 3, "ch": 5, "vs": 10 },
    { "t": "Rev.1.6", "v": 1, "ch": 1, "vs": 6 }
  ],
  "Isa.61.10": [
    { "t": "Rev.19.7-Rev.19.8", "v": 22, "ch": 19, "vs": 7, "ve": 8 },
    { "t": "Rev.21.2", "v": 11, "ch": 21, "vs": 2 },
    { "t": "Rev.7.9-Rev.7.14", "v": 11, "ch": 7, "vs": 9, "ve": 14 },
    { "t": "Rev.21.9", "v": 3, "ch": 21, "vs": 9 },
    { "t": "Rev.4.4", "v": -2, "ch": 4, "vs": 4 }
  ],
  "Isa.62.2": [{ "t": "Rev.2.17", "v": 9, "ch": 2, "vs": 17 }],
  "Isa.62.4": [
    { "t": "Rev.21.2", "v": 6, "ch": 21, "vs": 2 },
    { "t": "Rev.21.9-Rev.21.10", "v": 5, "ch": 21, "vs": 9, "ve": 10 }
  ],
  "Isa.62.6": [
    { "t": "Rev.4.6-Rev.4.8", "v": 1, "ch": 4, "vs": 6, "ve": 8 },
    { "t": "Rev.6.10", "v": 1, "ch": 6, "vs": 10 }
  ],
  "Isa.62.7": [{ "t": "Rev.11.15", "v": 4, "ch": 11, "vs": 15 }],
  "Isa.62.11": [{ "t": "Rev.22.12", "v": 31, "ch": 22, "vs": 12 }],
  "Isa.62.12": [{ "t": "Rev.5.9", "v": 2, "ch": 5, "vs": 9 }],
  "Isa.63.1": [
    { "t": "Rev.19.13", "v": 12, "ch": 19, "vs": 13 },
    { "t": "Rev.11.17-Rev.11.18", "v": 0, "ch": 11, "vs": 17, "ve": 18 }
  ],
  "Isa.63.2": [
    { "t": "Rev.19.13", "v": 19, "ch": 19, "vs": 13 },
    { "t": "Rev.19.15", "v": 2, "ch": 19, "vs": 15 }
  ],
  "Isa.63.3": [
    { "t": "Rev.19.13-Rev.19.15", "v": 23, "ch": 19, "vs": 13, "ve": 15 },
    { "t": "Rev.14.19-Rev.14.20", "v": 8, "ch": 14, "vs": 19, "ve": 20 }
  ],
  "Isa.63.4": [
    { "t": "Rev.18.20", "v": 5, "ch": 18, "vs": 20 },
    { "t": "Rev.6.9-Rev.6.17", "v": 4, "ch": 6, "vs": 9, "ve": 17 },
    { "t": "Rev.11.13", "v": 4, "ch": 11, "vs": 13 }
  ],
  "Isa.63.6": [
    { "t": "Rev.16.19", "v": 3, "ch": 16, "vs": 19 },
    { "t": "Rev.14.10", "v": 3, "ch": 14, "vs": 10 },
    { "t": "Rev.18.3-Rev.18.6", "v": 2, "ch": 18, "vs": 3, "ve": 6 },
    { "t": "Rev.16.6", "v": 2, "ch": 16, "vs": 6 },
    { "t": "Rev.18.21", "v": 2, "ch": 18, "vs": 21 }
  ],
  "Isa.63.9": [
    { "t": "Rev.1.5", "v": 4, "ch": 1, "vs": 5 },
    { "t": "Rev.5.9", "v": 3, "ch": 5, "vs": 9 }
  ],
  "Isa.63.18": [{ "t": "Rev.11.2", "v": 2, "ch": 11, "vs": 2 }],
  "Isa.64.1": [{ "t": "Rev.20.11", "v": 7, "ch": 20, "vs": 11 }],
  "Isa.64.2": [
    { "t": "Rev.11.11-Rev.11.13", "v": 2, "ch": 11, "vs": 11, "ve": 13 }
  ],
  "Isa.64.4": [
    { "t": "Rev.21.1-Rev.21.4", "v": 4, "ch": 21, "vs": 1, "ve": 4 },
    { "t": "Rev.22.1-Rev.22.5", "v": 4, "ch": 22, "vs": 1, "ve": 5 },
    { "t": "Rev.21.22-Rev.21.24", "v": 3, "ch": 21, "vs": 22, "ve": 24 }
  ],
  "Isa.64.6": [
    { "t": "Rev.3.17-Rev.3.18", "v": 11, "ch": 3, "vs": 17, "ve": 18 },
    { "t": "Rev.7.13", "v": 3, "ch": 7, "vs": 13 }
  ],
  "Isa.64.9": [{ "t": "Rev.20.10", "v": 2, "ch": 20, "vs": 10 }],
  "Isa.64.10": [
    { "t": "Rev.11.1-Rev.11.2", "v": 2, "ch": 11, "vs": 1, "ve": 2 }
  ],
  "Isa.64.12": [{ "t": "Rev.6.10", "v": 2, "ch": 6, "vs": 10 }],
  "Isa.65.6": [{ "t": "Rev.20.12", "v": 2, "ch": 20, "vs": 12 }],
  "Isa.65.11": [
    { "t": "Rev.21.2-Rev.21.3", "v": 1, "ch": 21, "vs": 2, "ve": 3 }
  ],
  "Isa.65.16": [{ "t": "Rev.20.4", "v": 2, "ch": 20, "vs": 4 }],
  "Isa.65.17": [
    { "t": "Rev.21.1-Rev.21.5", "v": 20, "ch": 21, "vs": 1, "ve": 5 }
  ],
  "Isa.65.18": [
    { "t": "Rev.11.15-Rev.11.18", "v": 3, "ch": 11, "vs": 15, "ve": 18 },
    { "t": "Rev.19.1-Rev.19.6", "v": 3, "ch": 19, "vs": 1, "ve": 6 }
  ],
  "Isa.65.19": [
    { "t": "Rev.7.17", "v": 6, "ch": 7, "vs": 17 },
    { "t": "Rev.21.4", "v": 6, "ch": 21, "vs": 4 }
  ],
  "Isa.65.22": [
    { "t": "Rev.20.3-Rev.20.5", "v": -2, "ch": 20, "vs": 3, "ve": 5 }
  ],
  "Isa.65.25": [
    { "t": "Rev.14.1", "v": 3, "ch": 14, "vs": 1 },
    { "t": "Rev.12.7-Rev.12.9", "v": 3, "ch": 12, "vs": 7, "ve": 9 },
    { "t": "Rev.20.2-Rev.20.3", "v": 2, "ch": 20, "vs": 2, "ve": 3 }
  ],
  "Isa.66.7": [
    { "t": "Rev.12.1-Rev.12.5", "v": 7, "ch": 12, "vs": 1, "ve": 5 }
  ],
  "Isa.66.10": [
    { "t": "Rev.11.3-Rev.11.15", "v": 2, "ch": 11, "vs": 3, "ve": 15 }
  ],
  "Isa.66.16": [
    { "t": "Rev.19.11-Rev.19.21", "v": 3, "ch": 19, "vs": 11, "ve": 21 }
  ],
  "Isa.66.18": [
    { "t": "Rev.11.15", "v": 3, "ch": 11, "vs": 15 },
    { "t": "Rev.2.9", "v": 2, "ch": 2, "vs": 9 },
    { "t": "Rev.2.13", "v": 2, "ch": 2, "vs": 13 },
    { "t": "Rev.2.2", "v": 2, "ch": 2, "vs": 2 }
  ],
  "Isa.66.21": [
    { "t": "Rev.1.6", "v": 5, "ch": 1, "vs": 6 },
    { "t": "Rev.20.6", "v": 3, "ch": 20, "vs": 6 },
    { "t": "Rev.5.10", "v": 3, "ch": 5, "vs": 10 }
  ],
  "Isa.66.22": [{ "t": "Rev.21.1", "v": 7, "ch": 21, "vs": 1 }],
  "Isa.66.23": [{ "t": "Rev.15.4", "v": 4, "ch": 15, "vs": 4 }],
  "Isa.66.24": [
    { "t": "Rev.14.10-Rev.14.11", "v": 11, "ch": 14, "vs": 10, "ve": 11 },
    { "t": "Rev.21.8", "v": 9, "ch": 21, "vs": 8 },
    { "t": "Rev.19.17-Rev.19.21", "v": 5, "ch": 19, "vs": 17, "ve": 21 }
  ]
}
