{
  "Jer.1.10": [
    { "t": "Rev.11.3-Rev.11.6", "v": 14, "ch": 11, "vs": 3, "ve": 6 },
    { "t": "Rev.19.19-Rev.19.21", "v": 10, "ch": 19, "vs": 19, "ve": 21 }
  ],
  "Jer.2.3": [{ "t": "Rev.14.4", "v": 5, "ch": 14, "vs": 4 }],
  "Jer.2.13": [
    { "t": "Rev.21.6", "v": 13, "ch": 21, "vs": 6 },
    { "t": "Rev.22.1", "v": 12, "ch": 22, "vs": 1 },
    { "t": "Rev.22.17", "v": 10, "ch": 22, "vs": 17 }
  ],
  "Jer.2.23": [
    { "t": "Rev.3.17-Rev.3.18", "v": 2, "ch": 3, "vs": 17, "ve": 18 }
  ],
  "Jer.2.30": [
    { "t": "Rev.9.20-Rev.9.21", "v": 2, "ch": 9, "vs": 20, "ve": 21 },
    { "t": "Rev.16.9", "v": 2, "ch": 16, "vs": 9 }
  ],
  "Jer.2.31": [
    { "t": "Rev.3.15-Rev.3.17", "v": 2, "ch": 3, "vs": 15, "ve": 17 }
  ],
  "Jer.2.32": [{ "t": "Rev.21.2", "v": 1, "ch": 21, "vs": 2 }],
  "Jer.4.13": [{ "t": "Rev.1.7", "v": 2, "ch": 1, "vs": 7 }],
  "Jer.4.23": [{ "t": "Rev.20.11", "v": 12, "ch": 20, "vs": 11 }],
  "Jer.4.28": [{ "t": "Rev.6.12", "v": 2, "ch": 6, "vs": 12 }],
  "Jer.4.29": [
    { "t": "Rev.6.15-Rev.6.17", "v": 2, "ch": 6, "vs": 15, "ve": 17 }
  ],
  "Jer.4.30": [
    { "t": "Rev.17.13", "v": 2, "ch": 17, "vs": 13 },
    { "t": "Rev.17.2", "v": 2, "ch": 17, "vs": 2 },
    { "t": "Rev.17.4", "v": 2, "ch": 17, "vs": 4 },
    { "t": "Rev.17.16-Rev.17.18", "v": 1, "ch": 17, "vs": 16, "ve": 18 }
  ],
  "Jer.5.6": [{ "t": "Rev.13.2", "v": 3, "ch": 13, "vs": 2 }],
  "Jer.5.14": [
    { "t": "Rev.11.5-Rev.11.6", "v": 6, "ch": 11, "vs": 5, "ve": 6 }
  ],
  "Jer.5.22": [{ "t": "Rev.15.4", "v": 6, "ch": 15, "vs": 4 }],
  "Jer.5.24": [{ "t": "Rev.11.6", "v": 3, "ch": 11, "vs": 6 }],
  "Jer.5.27": [{ "t": "Rev.18.2", "v": 2, "ch": 18, "vs": 2 }],
  "Jer.6.9": [{ "t": "Rev.14.18", "v": 2, "ch": 14, "vs": 18 }],
  "Jer.6.11": [{ "t": "Rev.16.1", "v": 2, "ch": 16, "vs": 1 }],
  "Jer.6.28": [
    { "t": "Rev.19.2", "v": 2, "ch": 19, "vs": 2 },
    { "t": "Rev.11.18", "v": 2, "ch": 11, "vs": 18 }
  ],
  "Jer.7.2": [
    { "t": "Rev.3.22", "v": 3, "ch": 3, "vs": 22 },
    { "t": "Rev.3.13", "v": 1, "ch": 3, "vs": 13 },
    { "t": "Rev.2.29", "v": 1, "ch": 2, "vs": 29 },
    { "t": "Rev.2.17", "v": 1, "ch": 2, "vs": 17 },
    { "t": "Rev.3.6", "v": 1, "ch": 3, "vs": 6 },
    { "t": "Rev.2.11", "v": 1, "ch": 2, "vs": 11 },
    { "t": "Rev.2.7", "v": 1, "ch": 2, "vs": 7 }
  ],
  "Jer.7.9": [
    { "t": "Rev.22.15", "v": 3, "ch": 22, "vs": 15 },
    { "t": "Rev.21.8", "v": 2, "ch": 21, "vs": 8 }
  ],
  "Jer.7.11": [
    { "t": "Rev.2.18-Rev.2.19", "v": 3, "ch": 2, "vs": 18, "ve": 19 }
  ],
  "Jer.7.20": [
    { "t": "Rev.16.1-Rev.16.21", "v": 3, "ch": 16, "vs": 1, "ve": 21 },
    { "t": "Rev.14.10", "v": 2, "ch": 14, "vs": 10 }
  ],
  "Jer.7.33": [
    { "t": "Rev.19.17-Rev.19.18", "v": 3, "ch": 19, "vs": 17, "ve": 18 }
  ],
  "Jer.7.34": [{ "t": "Rev.18.23", "v": 5, "ch": 18, "vs": 23 }],
  "Jer.8.3": [
    { "t": "Rev.9.6", "v": 8, "ch": 9, "vs": 6 },
    { "t": "Rev.6.16", "v": 2, "ch": 6, "vs": 16 }
  ],
  "Jer.8.5": [{ "t": "Rev.2.25", "v": 2, "ch": 2, "vs": 25 }],
  "Jer.8.6": [{ "t": "Rev.9.20", "v": 1, "ch": 9, "vs": 20 }],
  "Jer.8.17": [{ "t": "Rev.9.19", "v": 2, "ch": 9, "vs": 19 }],
  "Jer.8.19": [{ "t": "Rev.2.1", "v": 2, "ch": 2, "vs": 1 }],
  "Jer.9.3": [{ "t": "Rev.12.11", "v": 3, "ch": 12, "vs": 11 }],
  "Jer.9.11": [{ "t": "Rev.18.2", "v": 2, "ch": 18, "vs": 2 }],
  "Jer.9.12": [{ "t": "Rev.1.3", "v": 2, "ch": 1, "vs": 3 }],
  "Jer.9.15": [{ "t": "Rev.8.11", "v": 2, "ch": 8, "vs": 11 }],
  "Jer.10.1": [{ "t": "Rev.2.29", "v": 2, "ch": 2, "vs": 29 }],
  "Jer.10.5": [
    { "t": "Rev.13.14-Rev.13.15", "v": 4, "ch": 13, "vs": 14, "ve": 15 }
  ],
  "Jer.10.7": [
    { "t": "Rev.15.4", "v": 6, "ch": 15, "vs": 4 },
    { "t": "Rev.11.15", "v": 1, "ch": 11, "vs": 15 }
  ],
  "Jer.10.10": [{ "t": "Rev.20.11", "v": 5, "ch": 20, "vs": 11 }],
  "Jer.10.11": [{ "t": "Rev.20.2", "v": 4, "ch": 20, "vs": 2 }],
  "Jer.11.11": [
    { "t": "Rev.6.16-Rev.6.17", "v": 2, "ch": 6, "vs": 16, "ve": 17 }
  ],
  "Jer.11.20": [
    { "t": "Rev.2.23", "v": 5, "ch": 2, "vs": 23 },
    { "t": "Rev.6.9-Rev.6.10", "v": 3, "ch": 6, "vs": 9, "ve": 10 },
    { "t": "Rev.18.20", "v": 3, "ch": 18, "vs": 20 }
  ],
  "Jer.12.9": [
    { "t": "Rev.19.17-Rev.19.18", "v": 4, "ch": 19, "vs": 17, "ve": 18 },
    { "t": "Rev.17.16", "v": 2, "ch": 17, "vs": 16 }
  ],
  "Jer.12.10": [{ "t": "Rev.11.2", "v": 2, "ch": 11, "vs": 2 }],
  "Jer.12.12": [
    { "t": "Rev.19.16-Rev.19.21", "v": 2, "ch": 19, "vs": 16, "ve": 21 },
    { "t": "Rev.6.4", "v": 2, "ch": 6, "vs": 4 }
  ],
  "Jer.13.15": [{ "t": "Rev.2.29", "v": 4, "ch": 2, "vs": 29 }],
  "Jer.13.27": [{ "t": "Rev.8.13", "v": 2, "ch": 8, "vs": 13 }],
  "Jer.14.9": [{ "t": "Rev.21.3", "v": 2, "ch": 21, "vs": 3 }],
  "Jer.14.15": [{ "t": "Rev.19.20", "v": 2, "ch": 19, "vs": 20 }],
  "Jer.14.16": [{ "t": "Rev.16.1", "v": 2, "ch": 16, "vs": 1 }],
  "Jer.14.21": [{ "t": "Rev.11.2", "v": 2, "ch": 11, "vs": 2 }],
  "Jer.15.2": [
    { "t": "Rev.6.3-Rev.6.8", "v": 6, "ch": 6, "vs": 3, "ve": 8 },
    { "t": "Rev.13.10", "v": 6, "ch": 13, "vs": 10 }
  ],
  "Jer.15.3": [
    { "t": "Rev.6.8", "v": 5, "ch": 6, "vs": 8 },
    { "t": "Rev.19.17-Rev.19.18", "v": 3, "ch": 19, "vs": 17, "ve": 18 }
  ],
  "Jer.15.15": [
    { "t": "Rev.6.10", "v": 3, "ch": 6, "vs": 10 },
    { "t": "Rev.18.20", "v": 3, "ch": 18, "vs": 20 }
  ],
  "Jer.15.16": [
    { "t": "Rev.10.9-Rev.10.10", "v": 536, "ch": 10, "vs": 9, "ve": 10 }
  ],
  "Jer.16.4": [
    { "t": "Rev.19.17-Rev.19.18", "v": 3, "ch": 19, "vs": 17, "ve": 18 }
  ],
  "Jer.16.5": [{ "t": "Rev.6.4", "v": 3, "ch": 6, "vs": 4 }],
  "Jer.16.6": [
    { "t": "Rev.6.15", "v": 2, "ch": 6, "vs": 15 },
    { "t": "Rev.20.12", "v": 1, "ch": 20, "vs": 12 }
  ],
  "Jer.16.9": [
    { "t": "Rev.18.22-Rev.18.23", "v": 2, "ch": 18, "vs": 22, "ve": 23 }
  ],
  "Jer.16.16": [
    { "t": "Rev.6.15-Rev.6.17", "v": 4, "ch": 6, "vs": 15, "ve": 17 }
  ],
  "Jer.16.18": [{ "t": "Rev.18.6", "v": 4, "ch": 18, "vs": 6 }],
  "Jer.16.19": [
    { "t": "Rev.7.9-Rev.7.11", "v": 2, "ch": 7, "vs": 9, "ve": 11 },
    { "t": "Rev.11.15", "v": 2, "ch": 11, "vs": 15 }
  ],
  "Jer.17.10": [
    { "t": "Rev.2.23", "v": 25, "ch": 2, "vs": 23 },
    { "t": "Rev.22.12", "v": 15, "ch": 22, "vs": 12 },
    { "t": "Rev.20.12", "v": 10, "ch": 20, "vs": 12 }
  ],
  "Jer.17.12": [{ "t": "Rev.3.21", "v": 4, "ch": 3, "vs": 21 }],
  "Jer.17.13": [
    { "t": "Rev.7.17", "v": 35, "ch": 7, "vs": 17 },
    { "t": "Rev.22.1", "v": 33, "ch": 22, "vs": 1 },
    { "t": "Rev.21.6", "v": 19, "ch": 21, "vs": 6 },
    { "t": "Rev.20.15", "v": 8, "ch": 20, "vs": 15 },
    { "t": "Rev.22.17", "v": 2, "ch": 22, "vs": 17 }
  ],
  "Jer.17.18": [{ "t": "Rev.18.6", "v": 3, "ch": 18, "vs": 6 }],
  "Jer.17.20": [{ "t": "Rev.2.29", "v": 2, "ch": 2, "vs": 29 }],
  "Jer.17.22": [{ "t": "Rev.1.10", "v": 2, "ch": 1, "vs": 10 }],
  "Jer.17.26": [{ "t": "Rev.1.5", "v": 2, "ch": 1, "vs": 5 }],
  "Jer.19.3": [{ "t": "Rev.2.29", "v": 2, "ch": 2, "vs": 29 }],
  "Jer.19.4": [{ "t": "Rev.16.6", "v": 2, "ch": 16, "vs": 6 }],
  "Jer.19.7": [
    { "t": "Rev.19.18-Rev.19.21", "v": 2, "ch": 19, "vs": 18, "ve": 21 }
  ],
  "Jer.19.11": [{ "t": "Rev.2.27", "v": 3, "ch": 2, "vs": 27 }],
  "Jer.20.2": [
    { "t": "Rev.2.10", "v": 2, "ch": 2, "vs": 10 },
    { "t": "Rev.17.6", "v": 2, "ch": 17, "vs": 6 }
  ],
  "Jer.20.12": [
    { "t": "Rev.19.2-Rev.19.3", "v": 3, "ch": 19, "vs": 2, "ve": 3 },
    { "t": "Rev.18.20", "v": 3, "ch": 18, "vs": 20 },
    { "t": "Rev.6.10", "v": 3, "ch": 6, "vs": 10 },
    { "t": "Rev.2.23", "v": 3, "ch": 2, "vs": 23 }
  ],
  "Jer.23.5": [{ "t": "Rev.19.11", "v": 5, "ch": 19, "vs": 11 }],
  "Jer.23.14": [
    { "t": "Rev.19.20", "v": 2, "ch": 19, "vs": 20 },
    { "t": "Rev.22.15", "v": 2, "ch": 22, "vs": 15 },
    { "t": "Rev.21.8", "v": 2, "ch": 21, "vs": 8 },
    { "t": "Rev.11.8", "v": 2, "ch": 11, "vs": 8 }
  ],
  "Jer.23.15": [{ "t": "Rev.8.11", "v": 2, "ch": 8, "vs": 11 }],
  "Jer.23.25": [{ "t": "Rev.2.23", "v": 2, "ch": 2, "vs": 23 }],
  "Jer.23.29": [{ "t": "Rev.11.5", "v": 13, "ch": 11, "vs": 5 }],
  "Jer.23.32": [{ "t": "Rev.19.20", "v": 4, "ch": 19, "vs": 20 }],
  "Jer.24.5": [{ "t": "Rev.3.19", "v": 2, "ch": 3, "vs": 19 }],
  "Jer.25.10": [
    { "t": "Rev.18.22-Rev.18.23", "v": 4, "ch": 18, "vs": 22, "ve": 23 }
  ],
  "Jer.25.12": [
    { "t": "Rev.18.1-Rev.18.24", "v": 2, "ch": 18, "vs": 1, "ve": 24 }
  ],
  "Jer.25.13": [{ "t": "Rev.10.11", "v": 2, "ch": 10, "vs": 11 }],
  "Jer.25.14": [
    { "t": "Rev.18.20-Rev.18.24", "v": 2, "ch": 18, "vs": 20, "ve": 24 }
  ],
  "Jer.25.15": [
    { "t": "Rev.14.10", "v": 4, "ch": 14, "vs": 10 },
    { "t": "Rev.14.19", "v": 2, "ch": 14, "vs": 19 }
  ],
  "Jer.25.16": [
    { "t": "Rev.18.3", "v": 3, "ch": 18, "vs": 3 },
    { "t": "Rev.16.9-Rev.16.11", "v": 3, "ch": 16, "vs": 9, "ve": 11 },
    { "t": "Rev.14.10", "v": 3, "ch": 14, "vs": 10 },
    { "t": "Rev.14.8", "v": 2, "ch": 14, "vs": 8 }
  ],
  "Jer.25.26": [
    { "t": "Rev.18.1-Rev.18.24", "v": 2, "ch": 18, "vs": 1, "ve": 24 }
  ],
  "Jer.25.30": [
    { "t": "Rev.19.15", "v": 2, "ch": 19, "vs": 15 },
    { "t": "Rev.14.18-Rev.14.20", "v": 2, "ch": 14, "vs": 18, "ve": 20 }
  ],
  "Jer.25.33": [
    { "t": "Rev.19.17-Rev.19.21", "v": 2, "ch": 19, "vs": 17, "ve": 21 },
    { "t": "Rev.14.19-Rev.14.20", "v": 2, "ch": 14, "vs": 19, "ve": 20 },
    { "t": "Rev.11.9", "v": 2, "ch": 11, "vs": 9 }
  ],
  "Jer.25.35": [
    { "t": "Rev.6.14-Rev.6.17", "v": 2, "ch": 6, "vs": 14, "ve": 17 },
    { "t": "Rev.19.19-Rev.19.21", "v": 2, "ch": 19, "vs": 19, "ve": 21 }
  ],
  "Jer.26.2": [{ "t": "Rev.22.19", "v": 2, "ch": 22, "vs": 19 }],
  "Jer.26.5": [
    { "t": "Rev.11.18", "v": 3, "ch": 11, "vs": 18 },
    { "t": "Rev.10.7", "v": 3, "ch": 10, "vs": 7 }
  ],
  "Jer.26.8": [{ "t": "Rev.18.24", "v": 1, "ch": 18, "vs": 24 }],
  "Jer.26.15": [{ "t": "Rev.16.6", "v": 2, "ch": 16, "vs": 6 }],
  "Jer.26.19": [
    { "t": "Rev.6.9-Rev.6.10", "v": 2, "ch": 6, "vs": 9, "ve": 10 },
    { "t": "Rev.16.6", "v": 2, "ch": 16, "vs": 6 },
    { "t": "Rev.18.20-Rev.18.24", "v": 2, "ch": 18, "vs": 20, "ve": 24 }
  ],
  "Jer.26.23": [{ "t": "Rev.11.7", "v": 2, "ch": 11, "vs": 7 }],
  "Jer.26.24": [{ "t": "Rev.12.16", "v": 2, "ch": 12, "vs": 16 }],
  "Jer.27.5": [{ "t": "Rev.4.11", "v": 4, "ch": 4, "vs": 11 }],
  "Jer.27.7": [
    { "t": "Rev.13.5-Rev.13.10", "v": 3, "ch": 13, "vs": 5, "ve": 10 },
    { "t": "Rev.14.8", "v": 2, "ch": 14, "vs": 8 },
    { "t": "Rev.18.2-Rev.18.8", "v": 2, "ch": 18, "vs": 2, "ve": 8 },
    { "t": "Rev.16.19", "v": 2, "ch": 16, "vs": 19 },
    { "t": "Rev.14.15-Rev.14.20", "v": 2, "ch": 14, "vs": 15, "ve": 20 },
    { "t": "Rev.17.16-Rev.17.17", "v": 2, "ch": 17, "vs": 16, "ve": 17 }
  ],
  "Jer.27.9": [
    { "t": "Rev.18.23", "v": 2, "ch": 18, "vs": 23 },
    { "t": "Rev.22.15", "v": 2, "ch": 22, "vs": 15 },
    { "t": "Rev.9.21", "v": 2, "ch": 9, "vs": 21 },
    { "t": "Rev.21.8", "v": 2, "ch": 21, "vs": 8 }
  ],
  "Jer.27.15": [
    { "t": "Rev.13.7-Rev.13.8", "v": 2, "ch": 13, "vs": 7, "ve": 8 },
    { "t": "Rev.13.12-Rev.13.14", "v": 2, "ch": 13, "vs": 12, "ve": 14 },
    { "t": "Rev.19.20", "v": 2, "ch": 19, "vs": 20 }
  ],
  "Jer.28.6": [
    { "t": "Rev.1.18", "v": 2, "ch": 1, "vs": 18 },
    { "t": "Rev.5.14", "v": 2, "ch": 5, "vs": 14 },
    { "t": "Rev.22.20-Rev.22.21", "v": 2, "ch": 22, "vs": 20, "ve": 21 },
    { "t": "Rev.3.14", "v": 2, "ch": 3, "vs": 14 },
    { "t": "Rev.19.4", "v": 2, "ch": 19, "vs": 4 }
  ],
  "Jer.28.14": [
    { "t": "Rev.17.12-Rev.17.13", "v": 2, "ch": 17, "vs": 12, "ve": 13 }
  ],
  "Jer.29.1": [{ "t": "Rev.2.1-Rev.2.3", "v": 3, "ch": 2, "vs": 1, "ve": 3 }],
  "Jer.29.8": [
    { "t": "Rev.19.20", "v": 2, "ch": 19, "vs": 20 },
    { "t": "Rev.13.14", "v": 2, "ch": 13, "vs": 14 }
  ],
  "Jer.29.11": [
    { "t": "Rev.14.8-Rev.14.14", "v": 63, "ch": 14, "vs": 8, "ve": 14 }
  ],
  "Jer.29.23": [
    { "t": "Rev.3.14", "v": 2, "ch": 3, "vs": 14 },
    { "t": "Rev.1.5", "v": 2, "ch": 1, "vs": 5 }
  ],
  "Jer.29.26": [{ "t": "Rev.2.10", "v": 2, "ch": 2, "vs": 10 }],
  "Jer.30.2": [
    { "t": "Rev.1.19", "v": 3, "ch": 1, "vs": 19 },
    { "t": "Rev.1.11", "v": 3, "ch": 1, "vs": 11 }
  ],
  "Jer.30.7": [{ "t": "Rev.6.17", "v": 3, "ch": 6, "vs": 17 }],
  "Jer.30.14": [
    { "t": "Rev.17.12-Rev.17.18", "v": 2, "ch": 17, "vs": 12, "ve": 18 }
  ],
  "Jer.30.16": [{ "t": "Rev.13.10", "v": 6, "ch": 13, "vs": 10 }],
  "Jer.30.17": [{ "t": "Rev.22.2", "v": 15, "ch": 22, "vs": 2 }],
  "Jer.30.21": [
    { "t": "Rev.5.9-Rev.5.10", "v": 4, "ch": 5, "vs": 9, "ve": 10 },
    { "t": "Rev.19.16", "v": 3, "ch": 19, "vs": 16 }
  ],
  "Jer.30.22": [{ "t": "Rev.21.3", "v": 6, "ch": 21, "vs": 3 }],
  "Jer.31.4": [
    { "t": "Rev.21.10-Rev.21.27", "v": 4, "ch": 21, "vs": 10, "ve": 27 },
    { "t": "Rev.19.1-Rev.19.8", "v": 1, "ch": 19, "vs": 1, "ve": 8 }
  ],
  "Jer.31.9": [{ "t": "Rev.7.17", "v": 3, "ch": 7, "vs": 17 }],
  "Jer.31.12": [
    { "t": "Rev.7.17", "v": 3, "ch": 7, "vs": 17 },
    { "t": "Rev.21.4", "v": 3, "ch": 21, "vs": 4 }
  ],
  "Jer.31.14": [
    { "t": "Rev.5.10", "v": 4, "ch": 5, "vs": 10 },
    { "t": "Rev.7.16-Rev.7.17", "v": 4, "ch": 7, "vs": 16, "ve": 17 }
  ],
  "Jer.31.18": [{ "t": "Rev.3.19", "v": 4, "ch": 3, "vs": 19 }],
  "Jer.31.33": [
    { "t": "Rev.21.3", "v": 36, "ch": 21, "vs": 3 },
    { "t": "Rev.21.7", "v": 19, "ch": 21, "vs": 7 }
  ],
  "Jer.32.10": [
    { "t": "Rev.7.2", "v": 2, "ch": 7, "vs": 2 },
    { "t": "Rev.9.4", "v": 2, "ch": 9, "vs": 4 }
  ],
  "Jer.32.17": [{ "t": "Rev.4.11", "v": 26, "ch": 4, "vs": 11 }],
  "Jer.32.19": [
    { "t": "Rev.22.12", "v": 4, "ch": 22, "vs": 12 },
    { "t": "Rev.2.23", "v": 4, "ch": 2, "vs": 23 }
  ],
  "Jer.32.38": [{ "t": "Rev.21.7", "v": 6, "ch": 21, "vs": 7 }],
  "Jer.33.2": [
    { "t": "Rev.21.10", "v": 2, "ch": 21, "vs": 10 },
    { "t": "Rev.21.2", "v": 2, "ch": 21, "vs": 2 }
  ],
  "Jer.33.3": [{ "t": "Rev.2.17", "v": 55, "ch": 2, "vs": 17 }],
  "Jer.33.8": [{ "t": "Rev.1.5", "v": 4, "ch": 1, "vs": 5 }],
  "Jer.33.11": [{ "t": "Rev.18.23", "v": 4, "ch": 18, "vs": 23 }],
  "Jer.33.14": [{ "t": "Rev.19.10", "v": 4, "ch": 19, "vs": 10 }],
  "Jer.33.15": [{ "t": "Rev.19.11", "v": 4, "ch": 19, "vs": 11 }],
  "Jer.33.18": [
    { "t": "Rev.1.6", "v": 2, "ch": 1, "vs": 6 },
    { "t": "Rev.5.10", "v": 1, "ch": 5, "vs": 10 }
  ],
  "Jer.33.21": [{ "t": "Rev.5.10", "v": 3, "ch": 5, "vs": 10 }],
  "Jer.33.22": [
    { "t": "Rev.7.9-Rev.7.10", "v": 2, "ch": 7, "vs": 9, "ve": 10 }
  ],
  "Jer.34.17": [{ "t": "Rev.16.6", "v": 2, "ch": 16, "vs": 6 }],
  "Jer.34.20": [
    { "t": "Rev.19.17-Rev.19.21", "v": 4, "ch": 19, "vs": 17, "ve": 21 }
  ],
  "Jer.36.2": [{ "t": "Rev.5.1-Rev.5.9", "v": 2, "ch": 5, "vs": 1, "ve": 9 }],
  "Jer.36.23": [{ "t": "Rev.22.19", "v": 2, "ch": 22, "vs": 19 }],
  "Jer.36.32": [{ "t": "Rev.22.18", "v": 2, "ch": 22, "vs": 18 }],
  "Jer.37.15": [{ "t": "Rev.2.10", "v": 2, "ch": 2, "vs": 10 }],
  "Jer.38.2": [{ "t": "Rev.6.4-Rev.6.8", "v": 2, "ch": 6, "vs": 4, "ve": 8 }],
  "Jer.42.5": [
    { "t": "Rev.3.14", "v": 3, "ch": 3, "vs": 14 },
    { "t": "Rev.1.5", "v": 3, "ch": 1, "vs": 5 }
  ],
  "Jer.42.18": [
    { "t": "Rev.14.10", "v": 2, "ch": 14, "vs": 10 },
    { "t": "Rev.16.2-Rev.16.21", "v": 2, "ch": 16, "vs": 2, "ve": 21 }
  ],
  "Jer.43.9": [{ "t": "Rev.18.21", "v": 2, "ch": 18, "vs": 21 }],
  "Jer.44.4": [
    { "t": "Rev.17.4-Rev.17.5", "v": 2, "ch": 17, "vs": 4, "ve": 5 }
  ],
  "Jer.44.5": [
    { "t": "Rev.2.21-Rev.2.22", "v": 2, "ch": 2, "vs": 21, "ve": 22 }
  ],
  "Jer.44.10": [{ "t": "Rev.15.4", "v": 3, "ch": 15, "vs": 4 }],
  "Jer.44.21": [
    { "t": "Rev.18.5", "v": 2, "ch": 18, "vs": 5 },
    { "t": "Rev.16.19", "v": 2, "ch": 16, "vs": 19 }
  ],
  "Jer.46.5": [
    { "t": "Rev.6.15-Rev.6.17", "v": 2, "ch": 6, "vs": 15, "ve": 17 }
  ],
  "Jer.46.7": [{ "t": "Rev.12.15", "v": 2, "ch": 12, "vs": 15 }],
  "Jer.46.10": [
    { "t": "Rev.19.17-Rev.19.21", "v": 2, "ch": 19, "vs": 17, "ve": 21 }
  ],
  "Jer.46.23": [
    { "t": "Rev.9.2-Rev.9.10", "v": 2, "ch": 9, "vs": 2, "ve": 10 }
  ],
  "Jer.46.28": [{ "t": "Rev.3.19", "v": 5, "ch": 3, "vs": 19 }],
  "Jer.47.2": [
    { "t": "Rev.17.1", "v": 2, "ch": 17, "vs": 1 },
    { "t": "Rev.12.15-Rev.12.16", "v": 2, "ch": 12, "vs": 15, "ve": 16 },
    { "t": "Rev.17.15", "v": 2, "ch": 17, "vs": 15 }
  ],
  "Jer.48.7": [{ "t": "Rev.18.7", "v": 2, "ch": 18, "vs": 7 }],
  "Jer.48.9": [{ "t": "Rev.12.14", "v": 2, "ch": 12, "vs": 14 }],
  "Jer.48.15": [{ "t": "Rev.19.16", "v": 2, "ch": 19, "vs": 16 }],
  "Jer.48.17": [
    { "t": "Rev.18.14-Rev.18.20", "v": 2, "ch": 18, "vs": 14, "ve": 20 }
  ],
  "Jer.48.26": [{ "t": "Rev.16.19", "v": 2, "ch": 16, "vs": 19 }],
  "Jer.48.33": [
    { "t": "Rev.18.22-Rev.18.23", "v": 2, "ch": 18, "vs": 22, "ve": 23 }
  ],
  "Jer.48.37": [{ "t": "Rev.11.3", "v": 2, "ch": 11, "vs": 3 }],
  "Jer.48.38": [{ "t": "Rev.2.27", "v": 2, "ch": 2, "vs": 27 }],
  "Jer.48.39": [
    { "t": "Rev.18.9-Rev.18.10", "v": 2, "ch": 18, "vs": 9, "ve": 10 },
    { "t": "Rev.18.15-Rev.18.16", "v": 2, "ch": 18, "vs": 15, "ve": 16 }
  ],
  "Jer.48.42": [{ "t": "Rev.13.6", "v": 2, "ch": 13, "vs": 6 }],
  "Jer.49.4": [{ "t": "Rev.18.7", "v": 2, "ch": 18, "vs": 7 }],
  "Jer.49.8": [{ "t": "Rev.6.15", "v": 2, "ch": 6, "vs": 15 }],
  "Jer.49.18": [
    { "t": "Rev.18.21-Rev.18.23", "v": 2, "ch": 18, "vs": 21, "ve": 23 }
  ],
  "Jer.49.19": [{ "t": "Rev.6.17", "v": 2, "ch": 6, "vs": 17 }],
  "Jer.49.21": [{ "t": "Rev.18.10", "v": 2, "ch": 18, "vs": 10 }],
  "Jer.49.25": [
    { "t": "Rev.18.10", "v": 2, "ch": 18, "vs": 10 },
    { "t": "Rev.18.16-Rev.18.19", "v": 2, "ch": 18, "vs": 16, "ve": 19 }
  ],
  "Jer.49.33": [
    { "t": "Rev.18.21-Rev.18.22", "v": 2, "ch": 18, "vs": 21, "ve": 22 },
    { "t": "Rev.18.2", "v": 2, "ch": 18, "vs": 2 }
  ],
  "Jer.49.36": [{ "t": "Rev.7.1", "v": 3, "ch": 7, "vs": 1 }],
  "Jer.50.1": [
    { "t": "Rev.18.1-Rev.18.24", "v": 2, "ch": 18, "vs": 1, "ve": 24 }
  ],
  "Jer.50.2": [
    { "t": "Rev.18.2", "v": 2, "ch": 18, "vs": 2 },
    { "t": "Rev.14.6-Rev.14.8", "v": 2, "ch": 14, "vs": 6, "ve": 8 }
  ],
  "Jer.50.3": [
    { "t": "Rev.18.21-Rev.18.23", "v": 2, "ch": 18, "vs": 21, "ve": 23 }
  ],
  "Jer.50.8": [{ "t": "Rev.18.4", "v": 5, "ch": 18, "vs": 4 }],
  "Jer.50.10": [{ "t": "Rev.17.16", "v": 2, "ch": 17, "vs": 16 }],
  "Jer.50.12": [
    { "t": "Rev.17.5", "v": 2, "ch": 17, "vs": 5 },
    { "t": "Rev.18.21-Rev.18.23", "v": 2, "ch": 18, "vs": 21, "ve": 23 }
  ],
  "Jer.50.14": [{ "t": "Rev.17.5", "v": 2, "ch": 17, "vs": 5 }],
  "Jer.50.15": [
    { "t": "Rev.18.6", "v": 4, "ch": 18, "vs": 6 },
    { "t": "Rev.19.2", "v": 2, "ch": 19, "vs": 2 },
    { "t": "Rev.16.6", "v": 2, "ch": 16, "vs": 6 }
  ],
  "Jer.50.23": [{ "t": "Rev.18.16", "v": 2, "ch": 18, "vs": 16 }],
  "Jer.50.24": [
    { "t": "Rev.18.7-Rev.18.8", "v": 2, "ch": 18, "vs": 7, "ve": 8 }
  ],
  "Jer.50.25": [{ "t": "Rev.18.8", "v": 3, "ch": 18, "vs": 8 }],
  "Jer.50.26": [
    { "t": "Rev.18.21-Rev.18.24", "v": 2, "ch": 18, "vs": 21, "ve": 24 },
    { "t": "Rev.19.15", "v": 2, "ch": 19, "vs": 15 },
    { "t": "Rev.14.19", "v": 2, "ch": 14, "vs": 19 }
  ],
  "Jer.50.27": [
    { "t": "Rev.19.17", "v": 2, "ch": 19, "vs": 17 },
    { "t": "Rev.16.17-Rev.16.19", "v": 2, "ch": 16, "vs": 17, "ve": 19 },
    { "t": "Rev.18.10", "v": 2, "ch": 18, "vs": 10 }
  ],
  "Jer.50.29": [
    { "t": "Rev.18.6", "v": 4, "ch": 18, "vs": 6 },
    { "t": "Rev.16.6", "v": 3, "ch": 16, "vs": 6 },
    { "t": "Rev.13.5-Rev.13.6", "v": 3, "ch": 13, "vs": 5, "ve": 6 }
  ],
  "Jer.50.30": [
    { "t": "Rev.6.15", "v": 2, "ch": 6, "vs": 15 },
    { "t": "Rev.19.18", "v": 2, "ch": 19, "vs": 18 }
  ],
  "Jer.50.32": [{ "t": "Rev.18.8", "v": 3, "ch": 18, "vs": 8 }],
  "Jer.50.34": [
    { "t": "Rev.18.8", "v": 3, "ch": 18, "vs": 8 },
    { "t": "Rev.19.1-Rev.19.3", "v": 3, "ch": 19, "vs": 1, "ve": 3 }
  ],
  "Jer.50.36": [
    { "t": "Rev.21.8", "v": 2, "ch": 21, "vs": 8 },
    { "t": "Rev.22.15", "v": 2, "ch": 22, "vs": 15 },
    { "t": "Rev.19.20", "v": 2, "ch": 19, "vs": 20 }
  ],
  "Jer.50.38": [
    { "t": "Rev.16.12", "v": 4, "ch": 16, "vs": 12 },
    { "t": "Rev.17.5", "v": 2, "ch": 17, "vs": 5 },
    { "t": "Rev.17.15-Rev.17.16", "v": 2, "ch": 17, "vs": 15, "ve": 16 }
  ],
  "Jer.50.39": [
    { "t": "Rev.18.2", "v": 4, "ch": 18, "vs": 2 },
    { "t": "Rev.18.21-Rev.18.24", "v": 2, "ch": 18, "vs": 21, "ve": 24 }
  ],
  "Jer.50.40": [
    { "t": "Rev.18.8-Rev.18.9", "v": 2, "ch": 18, "vs": 8, "ve": 9 },
    { "t": "Rev.11.8", "v": 2, "ch": 11, "vs": 8 }
  ],
  "Jer.50.41": [{ "t": "Rev.17.16", "v": 2, "ch": 17, "vs": 16 }],
  "Jer.50.42": [
    { "t": "Rev.19.14-Rev.19.18", "v": 2, "ch": 19, "vs": 14, "ve": 18 },
    { "t": "Rev.16.6", "v": 2, "ch": 16, "vs": 6 }
  ],
  "Jer.50.45": [
    { "t": "Rev.17.16-Rev.17.17", "v": 2, "ch": 17, "vs": 16, "ve": 17 }
  ],
  "Jer.50.46": [
    { "t": "Rev.18.9-Rev.18.19", "v": 3, "ch": 18, "vs": 9, "ve": 19 }
  ],
  "Jer.51.6": [
    { "t": "Rev.16.19", "v": 3, "ch": 16, "vs": 19 },
    { "t": "Rev.18.4-Rev.18.6", "v": 2, "ch": 18, "vs": 4, "ve": 6 }
  ],
  "Jer.51.7": [
    { "t": "Rev.14.8", "v": 6, "ch": 14, "vs": 8 },
    { "t": "Rev.17.4", "v": 5, "ch": 17, "vs": 4 },
    { "t": "Rev.17.2", "v": 3, "ch": 17, "vs": 2 },
    { "t": "Rev.18.3", "v": 3, "ch": 18, "vs": 3 },
    { "t": "Rev.18.23", "v": 2, "ch": 18, "vs": 23 },
    { "t": "Rev.19.2", "v": 2, "ch": 19, "vs": 2 }
  ],
  "Jer.51.8": [
    { "t": "Rev.14.8", "v": 4, "ch": 14, "vs": 8 },
    { "t": "Rev.18.2", "v": 3, "ch": 18, "vs": 2 },
    { "t": "Rev.18.8-Rev.18.11", "v": 2, "ch": 18, "vs": 8, "ve": 11 },
    { "t": "Rev.18.17-Rev.18.19", "v": 2, "ch": 18, "vs": 17, "ve": 19 }
  ],
  "Jer.51.9": [{ "t": "Rev.18.5", "v": 6, "ch": 18, "vs": 5 }],
  "Jer.51.10": [
    { "t": "Rev.14.1-Rev.14.3", "v": 3, "ch": 14, "vs": 1, "ve": 3 },
    { "t": "Rev.19.1-Rev.19.6", "v": 3, "ch": 19, "vs": 1, "ve": 6 }
  ],
  "Jer.51.11": [
    { "t": "Rev.17.16-Rev.17.17", "v": 2, "ch": 17, "vs": 16, "ve": 17 }
  ],
  "Jer.51.13": [
    { "t": "Rev.17.1", "v": 5, "ch": 17, "vs": 1 },
    { "t": "Rev.17.15", "v": 4, "ch": 17, "vs": 15 },
    { "t": "Rev.18.11-Rev.18.17", "v": 2, "ch": 18, "vs": 11, "ve": 17 },
    { "t": "Rev.18.19", "v": 2, "ch": 18, "vs": 19 }
  ],
  "Jer.51.15": [{ "t": "Rev.4.11", "v": 7, "ch": 4, "vs": 11 }],
  "Jer.51.21": [{ "t": "Rev.19.18", "v": 3, "ch": 19, "vs": 18 }],
  "Jer.51.24": [
    { "t": "Rev.18.24", "v": 3, "ch": 18, "vs": 24 },
    { "t": "Rev.18.20", "v": 2, "ch": 18, "vs": 20 },
    { "t": "Rev.6.10", "v": 2, "ch": 6, "vs": 10 },
    { "t": "Rev.19.2-Rev.19.4", "v": 1, "ch": 19, "vs": 2, "ve": 4 }
  ],
  "Jer.51.25": [
    { "t": "Rev.8.8", "v": 7, "ch": 8, "vs": 8 },
    { "t": "Rev.17.1-Rev.17.6", "v": 2, "ch": 17, "vs": 1, "ve": 6 },
    { "t": "Rev.18.9-Rev.18.10", "v": 2, "ch": 18, "vs": 9, "ve": 10 }
  ],
  "Jer.51.26": [
    { "t": "Rev.18.20-Rev.18.24", "v": 2, "ch": 18, "vs": 20, "ve": 24 }
  ],
  "Jer.51.27": [
    { "t": "Rev.9.7-Rev.9.11", "v": 3, "ch": 9, "vs": 7, "ve": 11 }
  ],
  "Jer.51.29": [
    { "t": "Rev.18.2", "v": 2, "ch": 18, "vs": 2 },
    { "t": "Rev.18.21-Rev.18.24", "v": 2, "ch": 18, "vs": 21, "ve": 24 }
  ],
  "Jer.51.30": [{ "t": "Rev.18.10", "v": 2, "ch": 18, "vs": 10 }],
  "Jer.51.33": [
    { "t": "Rev.14.15-Rev.14.20", "v": 2, "ch": 14, "vs": 15, "ve": 20 }
  ],
  "Jer.51.35": [
    { "t": "Rev.18.20", "v": 3, "ch": 18, "vs": 20 },
    { "t": "Rev.16.6", "v": 2, "ch": 16, "vs": 6 },
    { "t": "Rev.18.6", "v": 2, "ch": 18, "vs": 6 },
    { "t": "Rev.6.10", "v": 2, "ch": 6, "vs": 10 }
  ],
  "Jer.51.36": [
    { "t": "Rev.16.12", "v": 3, "ch": 16, "vs": 12 },
    { "t": "Rev.19.1-Rev.19.3", "v": 3, "ch": 19, "vs": 1, "ve": 3 }
  ],
  "Jer.51.37": [
    { "t": "Rev.18.2", "v": 4, "ch": 18, "vs": 2 },
    { "t": "Rev.18.21-Rev.18.23", "v": 2, "ch": 18, "vs": 21, "ve": 23 }
  ],
  "Jer.51.41": [
    { "t": "Rev.18.10-Rev.18.19", "v": 2, "ch": 18, "vs": 10, "ve": 19 }
  ],
  "Jer.51.42": [
    { "t": "Rev.17.15-Rev.17.16", "v": 2, "ch": 17, "vs": 15, "ve": 16 }
  ],
  "Jer.51.44": [
    { "t": "Rev.18.9-Rev.18.19", "v": 2, "ch": 18, "vs": 9, "ve": 19 }
  ],
  "Jer.51.45": [
    { "t": "Rev.18.4", "v": 6, "ch": 18, "vs": 4 },
    { "t": "Rev.14.8-Rev.14.11", "v": 3, "ch": 14, "vs": 8, "ve": 11 }
  ],
  "Jer.51.48": [
    { "t": "Rev.18.20", "v": 5, "ch": 18, "vs": 20 },
    { "t": "Rev.19.1-Rev.19.7", "v": 2, "ch": 19, "vs": 1, "ve": 7 },
    { "t": "Rev.16.4-Rev.16.7", "v": 2, "ch": 16, "vs": 4, "ve": 7 },
    { "t": "Rev.15.1-Rev.15.4", "v": 2, "ch": 15, "vs": 1, "ve": 4 }
  ],
  "Jer.51.49": [
    { "t": "Rev.18.5-Rev.18.6", "v": 1, "ch": 18, "vs": 5, "ve": 6 }
  ],
  "Jer.51.50": [{ "t": "Rev.18.4", "v": 6, "ch": 18, "vs": 4 }],
  "Jer.51.51": [
    { "t": "Rev.11.1-Rev.11.2", "v": 2, "ch": 11, "vs": 1, "ve": 2 }
  ],
  "Jer.51.54": [
    { "t": "Rev.18.17-Rev.18.19", "v": 2, "ch": 18, "vs": 17, "ve": 19 }
  ],
  "Jer.51.55": [
    { "t": "Rev.18.22-Rev.18.23", "v": 2, "ch": 18, "vs": 22, "ve": 23 },
    { "t": "Rev.17.15", "v": 2, "ch": 17, "vs": 15 }
  ],
  "Jer.51.56": [
    { "t": "Rev.17.16", "v": 2, "ch": 17, "vs": 16 },
    { "t": "Rev.18.5-Rev.18.6", "v": 2, "ch": 18, "vs": 5, "ve": 6 },
    { "t": "Rev.18.20", "v": 2, "ch": 18, "vs": 20 },
    { "t": "Rev.19.2", "v": 2, "ch": 19, "vs": 2 }
  ],
  "Jer.51.57": [
    { "t": "Rev.18.6-Rev.18.7", "v": 2, "ch": 18, "vs": 6, "ve": 7 },
    { "t": "Rev.18.9", "v": 2, "ch": 18, "vs": 9 }
  ],
  "Jer.51.60": [
    { "t": "Rev.1.11", "v": 2, "ch": 1, "vs": 11 },
    { "t": "Rev.1.19", "v": 2, "ch": 1, "vs": 19 }
  ],
  "Jer.51.61": [{ "t": "Rev.1.3", "v": 2, "ch": 1, "vs": 3 }],
  "Jer.51.62": [
    { "t": "Rev.18.20-Rev.18.23", "v": 3, "ch": 18, "vs": 20, "ve": 23 }
  ],
  "Jer.51.63": [{ "t": "Rev.18.21", "v": 5, "ch": 18, "vs": 21 }],
  "Jer.51.64": [
    { "t": "Rev.18.21", "v": 3, "ch": 18, "vs": 21 },
    { "t": "Rev.18.2", "v": 2, "ch": 18, "vs": 2 },
    { "t": "Rev.14.8", "v": 2, "ch": 14, "vs": 8 }
  ],
  "Jer.52.19": [{ "t": "Rev.8.3-Rev.8.5", "v": 2, "ch": 8, "vs": 3, "ve": 5 }]
}
