{
  "Lam.1.1": [
    { "t": "Rev.18.16-Rev.18.17", "v": 4, "ch": 18, "vs": 16, "ve": 17 },
    { "t": "Rev.18.7", "v": 2, "ch": 18, "vs": 7 }
  ],
  "Lam.1.2": [
    { "t": "Rev.17.13", "v": 2, "ch": 17, "vs": 13 },
    { "t": "Rev.17.16", "v": 2, "ch": 17, "vs": 16 }
  ],
  "Lam.1.8": [{ "t": "Rev.3.18", "v": 2, "ch": 3, "vs": 18 }],
  "Lam.1.15": [
    { "t": "Rev.19.15", "v": 3, "ch": 19, "vs": 15 },
    { "t": "Rev.14.19-Rev.14.20", "v": 3, "ch": 14, "vs": 19, "ve": 20 }
  ],
  "Lam.1.18": [
    { "t": "Rev.16.5-Rev.16.7", "v": 2, "ch": 16, "vs": 5, "ve": 7 },
    { "t": "Rev.15.3-Rev.15.4", "v": 2, "ch": 15, "vs": 3, "ve": 4 }
  ],
  "Lam.1.21": [{ "t": "Rev.18.6", "v": 2, "ch": 18, "vs": 6 }],
  "Lam.1.22": [{ "t": "Rev.6.10", "v": 3, "ch": 6, "vs": 10 }],
  "Lam.2.1": [{ "t": "Rev.12.7-Rev.12.9", "v": 2, "ch": 12, "vs": 7, "ve": 9 }],
  "Lam.2.10": [{ "t": "Rev.18.19", "v": 2, "ch": 18, "vs": 19 }],
  "Lam.3.11": [{ "t": "Rev.18.19", "v": 2, "ch": 18, "vs": 19 }],
  "Lam.3.39": [{ "t": "Rev.16.9", "v": 1, "ch": 16, "vs": 9 }],
  "Lam.3.57": [
    { "t": "Rev.2.10", "v": 6, "ch": 2, "vs": 10 },
    { "t": "Rev.1.17", "v": 2, "ch": 1, "vs": 17 }
  ],
  "Lam.3.64": [
    { "t": "Rev.18.6", "v": 2, "ch": 18, "vs": 6 },
    { "t": "Rev.6.10", "v": 2, "ch": 6, "vs": 10 }
  ],
  "Lam.4.5": [{ "t": "Rev.18.7-Rev.18.9", "v": 3, "ch": 18, "vs": 7, "ve": 9 }],
  "Lam.4.21": [{ "t": "Rev.16.15", "v": 4, "ch": 16, "vs": 15 }],
  "Lam.5.14": [{ "t": "Rev.18.22", "v": 2, "ch": 18, "vs": 22 }],
  "Lam.5.16": [
    { "t": "Rev.3.11", "v": 2, "ch": 3, "vs": 11 },
    { "t": "Rev.2.10", "v": 1, "ch": 2, "vs": 10 }
  ],
  "Lam.5.19": [
    { "t": "Rev.1.8", "v": 4, "ch": 1, "vs": 8 },
    { "t": "Rev.1.17-Rev.1.18", "v": 2, "ch": 1, "vs": 17, "ve": 18 },
    { "t": "Rev.1.4", "v": 1, "ch": 1, "vs": 4 }
  ]
}
