{
  "Ezek.1.1": [
    { "t": "Rev.19.11", "v": 8, "ch": 19, "vs": 11 },
    { "t": "Rev.4.1", "v": 6, "ch": 4, "vs": 1 }
  ],
  "Ezek.1.4": [{ "t": "Rev.1.15", "v": 2, "ch": 1, "vs": 15 }],
  "Ezek.1.5": [
    { "t": "Rev.4.6-Rev.4.8", "v": 3, "ch": 4, "vs": 6, "ve": 8 },
    { "t": "Rev.6.6", "v": 2, "ch": 6, "vs": 6 }
  ],
  "Ezek.1.6": [{ "t": "Rev.4.7-Rev.4.8", "v": 2, "ch": 4, "vs": 7, "ve": 8 }],
  "Ezek.1.7": [{ "t": "Rev.1.15", "v": 6, "ch": 1, "vs": 15 }],
  "Ezek.1.10": [
    { "t": "Rev.4.7", "v": 7, "ch": 4, "vs": 7 },
    { "t": "Rev.5.5", "v": 2, "ch": 5, "vs": 5 }
  ],
  "Ezek.1.13": [
    { "t": "Rev.4.5", "v": 5, "ch": 4, "vs": 5 },
    { "t": "Rev.10.1", "v": 3, "ch": 10, "vs": 1 },
    { "t": "Rev.18.1", "v": 3, "ch": 18, "vs": 1 }
  ],
  "Ezek.1.15": [{ "t": "Rev.4.7", "v": 3, "ch": 4, "vs": 7 }],
  "Ezek.1.18": [
    { "t": "Rev.4.8", "v": 5, "ch": 4, "vs": 8 },
    { "t": "Rev.4.6", "v": 5, "ch": 4, "vs": 6 }
  ],
  "Ezek.1.22": [
    { "t": "Rev.4.6", "v": 3, "ch": 4, "vs": 6 },
    { "t": "Rev.21.11", "v": 2, "ch": 21, "vs": 11 },
    { "t": "Rev.4.3", "v": 2, "ch": 4, "vs": 3 }
  ],
  "Ezek.1.24": [
    { "t": "Rev.1.15", "v": 31, "ch": 1, "vs": 15 },
    { "t": "Rev.19.6", "v": 24, "ch": 19, "vs": 6 }
  ],
  "Ezek.1.26": [
    { "t": "Rev.1.13", "v": 6, "ch": 1, "vs": 13 },
    { "t": "Rev.4.2-Rev.4.3", "v": 3, "ch": 4, "vs": 2, "ve": 3 },
    { "t": "Rev.20.11", "v": 3, "ch": 20, "vs": 11 },
    { "t": "Rev.14.14", "v": 3, "ch": 14, "vs": 14 },
    { "t": "Rev.5.13", "v": 2, "ch": 5, "vs": 13 },
    { "t": "Rev.3.21", "v": 2, "ch": 3, "vs": 21 }
  ],
  "Ezek.1.27": [
    { "t": "Rev.1.14-Rev.1.16", "v": 3, "ch": 1, "vs": 14, "ve": 16 }
  ],
  "Ezek.1.28": [
    { "t": "Rev.10.1", "v": 11, "ch": 10, "vs": 1 },
    { "t": "Rev.4.3", "v": 6, "ch": 4, "vs": 3 },
    { "t": "Rev.1.17-Rev.1.18", "v": 2, "ch": 1, "vs": 17, "ve": 18 }
  ],
  "Ezek.2.2": [{ "t": "Rev.11.11", "v": 2, "ch": 11, "vs": 11 }],
  "Ezek.2.6": [{ "t": "Rev.9.3-Rev.9.6", "v": 2, "ch": 9, "vs": 3, "ve": 6 }],
  "Ezek.2.8": [{ "t": "Rev.10.9", "v": 10, "ch": 10, "vs": 9 }],
  "Ezek.2.9": [
    { "t": "Rev.10.8-Rev.10.11", "v": 3, "ch": 10, "vs": 8, "ve": 11 },
    { "t": "Rev.5.1-Rev.5.5", "v": 3, "ch": 5, "vs": 1, "ve": 5 }
  ],
  "Ezek.2.10": [
    { "t": "Rev.8.13", "v": 4, "ch": 8, "vs": 13 },
    { "t": "Rev.9.12", "v": 2, "ch": 9, "vs": 12 },
    { "t": "Rev.11.14", "v": 2, "ch": 11, "vs": 14 }
  ],
  "Ezek.3.1": [
    { "t": "Rev.10.9-Rev.10.10", "v": 10, "ch": 10, "vs": 9, "ve": 10 }
  ],
  "Ezek.3.3": [
    { "t": "Rev.10.9-Rev.10.10", "v": 10, "ch": 10, "vs": 9, "ve": 10 }
  ],
  "Ezek.3.12": [
    { "t": "Rev.5.11-Rev.5.14", "v": 2, "ch": 5, "vs": 11, "ve": 14 },
    { "t": "Rev.1.15", "v": 2, "ch": 1, "vs": 15 },
    { "t": "Rev.19.6", "v": 2, "ch": 19, "vs": 6 },
    { "t": "Rev.1.10", "v": 2, "ch": 1, "vs": 10 }
  ],
  "Ezek.3.21": [{ "t": "Rev.3.19", "v": 2, "ch": 3, "vs": 19 }],
  "Ezek.3.23": [
    { "t": "Rev.1.17", "v": 4, "ch": 1, "vs": 17 },
    { "t": "Rev.5.14", "v": 2, "ch": 5, "vs": 14 },
    { "t": "Rev.5.8", "v": 2, "ch": 5, "vs": 8 },
    { "t": "Rev.4.10", "v": 2, "ch": 4, "vs": 10 }
  ],
  "Ezek.3.27": [
    { "t": "Rev.22.10-Rev.22.11", "v": 2, "ch": 22, "vs": 10, "ve": 11 }
  ],
  "Ezek.4.6": [
    { "t": "Rev.11.2-Rev.11.3", "v": 5, "ch": 11, "vs": 2, "ve": 3 },
    { "t": "Rev.13.5", "v": 3, "ch": 13, "vs": 5 },
    { "t": "Rev.9.15", "v": 2, "ch": 9, "vs": 15 },
    { "t": "Rev.12.14", "v": 2, "ch": 12, "vs": 14 }
  ],
  "Ezek.6.11": [
    { "t": "Rev.18.10", "v": 2, "ch": 18, "vs": 10 },
    { "t": "Rev.18.16-Rev.18.19", "v": 2, "ch": 18, "vs": 16, "ve": 19 }
  ],
  "Ezek.7.3": [
    { "t": "Rev.20.12-Rev.20.13", "v": 2, "ch": 20, "vs": 12, "ve": 13 }
  ],
  "Ezek.7.8": [
    { "t": "Rev.14.10", "v": 3, "ch": 14, "vs": 10 },
    { "t": "Rev.16.2-Rev.16.21", "v": 2, "ch": 16, "vs": 2, "ve": 21 }
  ],
  "Ezek.7.9": [{ "t": "Rev.20.13", "v": 3, "ch": 20, "vs": 13 }],
  "Ezek.7.18": [
    { "t": "Rev.6.15-Rev.6.17", "v": 2, "ch": 6, "vs": 15, "ve": 17 }
  ],
  "Ezek.8.2": [
    { "t": "Rev.1.14-Rev.1.15", "v": 3, "ch": 1, "vs": 14, "ve": 15 }
  ],
  "Ezek.8.3": [
    { "t": "Rev.1.10-Rev.1.20", "v": 2, "ch": 1, "vs": 10, "ve": 20 },
    { "t": "Rev.4.2-Rev.4.11", "v": 2, "ch": 4, "vs": 2, "ve": 11 }
  ],
  "Ezek.9.1": [
    { "t": "Rev.14.7", "v": 3, "ch": 14, "vs": 7 },
    { "t": "Rev.1.10-Rev.1.11", "v": 3, "ch": 1, "vs": 10, "ve": 11 }
  ],
  "Ezek.9.2": [{ "t": "Rev.15.6", "v": 3, "ch": 15, "vs": 6 }],
  "Ezek.9.4": [
    { "t": "Rev.9.4", "v": 33, "ch": 9, "vs": 4 },
    { "t": "Rev.14.1", "v": 29, "ch": 14, "vs": 1 },
    { "t": "Rev.7.2-Rev.7.3", "v": 29, "ch": 7, "vs": 2, "ve": 3 },
    { "t": "Rev.20.4", "v": 22, "ch": 20, "vs": 4 },
    { "t": "Rev.13.6-Rev.13.7", "v": 9, "ch": 13, "vs": 6, "ve": 7 }
  ],
  "Ezek.9.6": [
    { "t": "Rev.9.4", "v": 11, "ch": 9, "vs": 4 },
    { "t": "Rev.7.3", "v": 7, "ch": 7, "vs": 3 },
    { "t": "Rev.14.4", "v": 1, "ch": 14, "vs": 4 }
  ],
  "Ezek.9.11": [
    { "t": "Rev.16.2", "v": 2, "ch": 16, "vs": 2 },
    { "t": "Rev.16.17", "v": 2, "ch": 16, "vs": 17 }
  ],
  "Ezek.10.1": [
    { "t": "Rev.1.13", "v": 2, "ch": 1, "vs": 13 },
    { "t": "Rev.4.2-Rev.4.3", "v": 3, "ch": 4, "vs": 2, "ve": 3 }
  ],
  "Ezek.10.2": [{ "t": "Rev.8.5", "v": 5, "ch": 8, "vs": 5 }],
  "Ezek.10.4": [{ "t": "Rev.15.8", "v": 3, "ch": 15, "vs": 8 }],
  "Ezek.10.5": [
    { "t": "Rev.10.3-Rev.10.4", "v": 1, "ch": 10, "vs": 3, "ve": 4 }
  ],
  "Ezek.10.9": [{ "t": "Rev.21.20", "v": 5, "ch": 21, "vs": 20 }],
  "Ezek.10.12": [
    { "t": "Rev.4.6", "v": 4, "ch": 4, "vs": 6 },
    { "t": "Rev.4.8", "v": 4, "ch": 4, "vs": 8 }
  ],
  "Ezek.10.14": [{ "t": "Rev.4.7", "v": 4, "ch": 4, "vs": 7 }],
  "Ezek.10.17": [{ "t": "Rev.11.11", "v": 2, "ch": 11, "vs": 11 }],
  "Ezek.10.21": [{ "t": "Rev.4.7", "v": 2, "ch": 4, "vs": 7 }],
  "Ezek.11.1": [{ "t": "Rev.1.10", "v": 2, "ch": 1, "vs": 10 }],
  "Ezek.11.5": [{ "t": "Rev.2.23", "v": 2, "ch": 2, "vs": 23 }],
  "Ezek.12.28": [{ "t": "Rev.3.3", "v": 1, "ch": 3, "vs": 3 }],
  "Ezek.13.4": [
    { "t": "Rev.19.20", "v": 3, "ch": 19, "vs": 20 },
    { "t": "Rev.13.11-Rev.13.14", "v": 2, "ch": 13, "vs": 11, "ve": 14 }
  ],
  "Ezek.13.5": [
    { "t": "Rev.20.8-Rev.20.9", "v": 3, "ch": 20, "vs": 8, "ve": 9 },
    { "t": "Rev.6.17", "v": 3, "ch": 6, "vs": 17 },
    { "t": "Rev.16.14", "v": 3, "ch": 16, "vs": 14 }
  ],
  "Ezek.13.9": [
    { "t": "Rev.20.15", "v": 2, "ch": 20, "vs": 15 },
    { "t": "Rev.19.20", "v": 2, "ch": 19, "vs": 20 },
    { "t": "Rev.13.8", "v": 2, "ch": 13, "vs": 8 },
    { "t": "Rev.20.12", "v": 2, "ch": 20, "vs": 12 }
  ],
  "Ezek.13.10": [{ "t": "Rev.2.20", "v": 2, "ch": 2, "vs": 20 }],
  "Ezek.13.13": [
    { "t": "Rev.11.19", "v": 4, "ch": 11, "vs": 19 },
    { "t": "Rev.16.21", "v": 4, "ch": 16, "vs": 21 },
    { "t": "Rev.8.7", "v": 2, "ch": 8, "vs": 7 }
  ],
  "Ezek.13.17": [{ "t": "Rev.2.20", "v": 4, "ch": 2, "vs": 20 }],
  "Ezek.13.23": [
    { "t": "Rev.12.11", "v": 3, "ch": 12, "vs": 11 },
    { "t": "Rev.12.9", "v": 3, "ch": 12, "vs": 9 },
    { "t": "Rev.13.8", "v": 2, "ch": 13, "vs": 8 },
    { "t": "Rev.15.2", "v": 2, "ch": 15, "vs": 2 },
    { "t": "Rev.13.5", "v": 2, "ch": 13, "vs": 5 }
  ],
  "Ezek.14.3": [{ "t": "Rev.2.14", "v": 3, "ch": 2, "vs": 14 }],
  "Ezek.14.10": [
    { "t": "Rev.19.19-Rev.19.21", "v": 3, "ch": 19, "vs": 19, "ve": 21 }
  ],
  "Ezek.14.11": [{ "t": "Rev.21.7", "v": 3, "ch": 21, "vs": 7 }],
  "Ezek.14.19": [
    { "t": "Rev.16.3-Rev.16.6", "v": 2, "ch": 16, "vs": 3, "ve": 6 }
  ],
  "Ezek.14.21": [{ "t": "Rev.6.4-Rev.6.8", "v": 1, "ch": 6, "vs": 4, "ve": 8 }],
  "Ezek.14.23": [
    { "t": "Rev.16.6", "v": 2, "ch": 16, "vs": 6 },
    { "t": "Rev.15.4", "v": 2, "ch": 15, "vs": 4 }
  ],
  "Ezek.16.6": [{ "t": "Rev.14.20", "v": 2, "ch": 14, "vs": 20 }],
  "Ezek.16.7": [
    { "t": "Rev.3.17-Rev.3.18", "v": 1, "ch": 3, "vs": 17, "ve": 18 }
  ],
  "Ezek.16.9": [{ "t": "Rev.1.5-Rev.1.6", "v": 2, "ch": 1, "vs": 5, "ve": 6 }],
  "Ezek.16.10": [
    { "t": "Rev.19.8", "v": 3, "ch": 19, "vs": 8 },
    { "t": "Rev.18.12", "v": 2, "ch": 18, "vs": 12 },
    { "t": "Rev.21.2", "v": 2, "ch": 21, "vs": 2 },
    { "t": "Rev.7.9-Rev.7.14", "v": 2, "ch": 7, "vs": 9, "ve": 14 }
  ],
  "Ezek.16.11": [
    { "t": "Rev.4.10", "v": 2, "ch": 4, "vs": 10 },
    { "t": "Rev.2.10", "v": 2, "ch": 2, "vs": 10 },
    { "t": "Rev.4.4", "v": 2, "ch": 4, "vs": 4 }
  ],
  "Ezek.16.15": [{ "t": "Rev.17.5", "v": 2, "ch": 17, "vs": 5 }],
  "Ezek.16.23": [
    { "t": "Rev.12.12", "v": 2, "ch": 12, "vs": 12 },
    { "t": "Rev.8.13", "v": 2, "ch": 8, "vs": 13 }
  ],
  "Ezek.16.25": [
    { "t": "Rev.17.1-Rev.17.5", "v": 2, "ch": 17, "vs": 1, "ve": 5 },
    { "t": "Rev.17.12-Rev.17.13", "v": 2, "ch": 17, "vs": 12, "ve": 13 },
    { "t": "Rev.17.16", "v": 2, "ch": 17, "vs": 16 }
  ],
  "Ezek.16.27": [{ "t": "Rev.17.16", "v": 2, "ch": 17, "vs": 16 }],
  "Ezek.16.30": [
    { "t": "Rev.17.1-Rev.17.6", "v": 2, "ch": 17, "vs": 1, "ve": 6 }
  ],
  "Ezek.16.35": [{ "t": "Rev.17.5", "v": 2, "ch": 17, "vs": 5 }],
  "Ezek.16.36": [{ "t": "Rev.3.18", "v": 2, "ch": 3, "vs": 18 }],
  "Ezek.16.37": [{ "t": "Rev.17.16", "v": 3, "ch": 17, "vs": 16 }],
  "Ezek.16.38": [{ "t": "Rev.16.6", "v": 2, "ch": 16, "vs": 6 }],
  "Ezek.16.46": [{ "t": "Rev.11.8", "v": 2, "ch": 11, "vs": 8 }],
  "Ezek.16.50": [{ "t": "Rev.18.9", "v": 2, "ch": 18, "vs": 9 }],
  "Ezek.17.4": [
    { "t": "Rev.18.11-Rev.18.19", "v": 2, "ch": 18, "vs": 11, "ve": 19 },
    { "t": "Rev.18.3", "v": 2, "ch": 18, "vs": 3 }
  ],
  "Ezek.17.23": [{ "t": "Rev.11.15", "v": 2, "ch": 11, "vs": 15 }],
  "Ezek.18.5": [{ "t": "Rev.22.14", "v": 2, "ch": 22, "vs": 14 }],
  "Ezek.18.11": [{ "t": "Rev.22.14", "v": 2, "ch": 22, "vs": 14 }],
  "Ezek.18.20": [
    { "t": "Rev.22.12-Rev.22.15", "v": 13, "ch": 22, "vs": 12, "ve": 15 },
    { "t": "Rev.20.12", "v": 12, "ch": 20, "vs": 12 },
    { "t": "Rev.2.23", "v": 10, "ch": 2, "vs": 23 }
  ],
  "Ezek.18.24": [
    { "t": "Rev.3.11", "v": 4, "ch": 3, "vs": 11 },
    { "t": "Rev.2.10", "v": 4, "ch": 2, "vs": 10 }
  ],
  "Ezek.18.30": [
    { "t": "Rev.20.12", "v": 3, "ch": 20, "vs": 12 },
    { "t": "Rev.2.5", "v": 3, "ch": 2, "vs": 5 },
    { "t": "Rev.22.12", "v": 3, "ch": 22, "vs": 12 },
    { "t": "Rev.2.21-Rev.2.23", "v": 3, "ch": 2, "vs": 21, "ve": 23 },
    { "t": "Rev.2.16", "v": 3, "ch": 2, "vs": 16 }
  ],
  "Ezek.20.5": [{ "t": "Rev.10.5", "v": 2, "ch": 10, "vs": 5 }],
  "Ezek.20.21": [{ "t": "Rev.16.1", "v": 2, "ch": 16, "vs": 1 }],
  "Ezek.20.23": [
    { "t": "Rev.10.5-Rev.10.6", "v": 2, "ch": 10, "vs": 5, "ve": 6 }
  ],
  "Ezek.20.27": [{ "t": "Rev.13.5", "v": 2, "ch": 13, "vs": 5 }],
  "Ezek.20.32": [{ "t": "Rev.9.20", "v": 3, "ch": 9, "vs": 20 }],
  "Ezek.20.35": [{ "t": "Rev.12.14", "v": 2, "ch": 12, "vs": 14 }],
  "Ezek.20.39": [
    { "t": "Rev.3.15-Rev.3.16", "v": 2, "ch": 3, "vs": 15, "ve": 16 }
  ],
  "Ezek.20.40": [
    { "t": "Rev.21.10", "v": 2, "ch": 21, "vs": 10 },
    { "t": "Rev.12.1", "v": 2, "ch": 12, "vs": 1 }
  ],
  "Ezek.21.10": [{ "t": "Rev.2.27", "v": 2, "ch": 2, "vs": 27 }],
  "Ezek.21.23": [{ "t": "Rev.16.19", "v": 2, "ch": 16, "vs": 19 }],
  "Ezek.21.27": [
    { "t": "Rev.19.11-Rev.19.16", "v": 7, "ch": 19, "vs": 11, "ve": 16 }
  ],
  "Ezek.22.9": [
    { "t": "Rev.12.9-Rev.12.10", "v": 2, "ch": 12, "vs": 9, "ve": 10 }
  ],
  "Ezek.22.22": [{ "t": "Rev.16.1", "v": 2, "ch": 16, "vs": 1 }],
  "Ezek.22.25": [
    { "t": "Rev.17.6", "v": 2, "ch": 17, "vs": 6 },
    { "t": "Rev.13.11", "v": 2, "ch": 13, "vs": 11 },
    { "t": "Rev.18.13", "v": 2, "ch": 18, "vs": 13 },
    { "t": "Rev.13.15", "v": 2, "ch": 13, "vs": 15 }
  ],
  "Ezek.23.9": [
    { "t": "Rev.17.16", "v": 2, "ch": 17, "vs": 16 },
    { "t": "Rev.17.12-Rev.17.13", "v": 2, "ch": 17, "vs": 12, "ve": 13 }
  ],
  "Ezek.23.22": [{ "t": "Rev.17.16", "v": 2, "ch": 17, "vs": 16 }],
  "Ezek.23.25": [{ "t": "Rev.18.8", "v": 2, "ch": 18, "vs": 8 }],
  "Ezek.23.26": [
    { "t": "Rev.17.16", "v": 2, "ch": 17, "vs": 16 },
    { "t": "Rev.18.14-Rev.18.17", "v": 2, "ch": 18, "vs": 14, "ve": 17 }
  ],
  "Ezek.23.32": [
    { "t": "Rev.16.19", "v": 2, "ch": 16, "vs": 19 },
    { "t": "Rev.18.6", "v": 2, "ch": 18, "vs": 6 }
  ],
  "Ezek.23.34": [{ "t": "Rev.18.7", "v": 2, "ch": 18, "vs": 7 }],
  "Ezek.23.42": [{ "t": "Rev.12.3", "v": 2, "ch": 12, "vs": 3 }],
  "Ezek.24.5": [{ "t": "Rev.19.20", "v": 2, "ch": 19, "vs": 20 }],
  "Ezek.24.6": [
    { "t": "Rev.18.24", "v": 2, "ch": 18, "vs": 24 },
    { "t": "Rev.11.7-Rev.11.8", "v": 2, "ch": 11, "vs": 7, "ve": 8 },
    { "t": "Rev.17.6", "v": 2, "ch": 17, "vs": 6 }
  ],
  "Ezek.24.8": [
    { "t": "Rev.18.16", "v": 2, "ch": 18, "vs": 16 },
    { "t": "Rev.17.1-Rev.17.6", "v": 2, "ch": 17, "vs": 1, "ve": 6 },
    { "t": "Rev.18.5-Rev.18.10", "v": 2, "ch": 18, "vs": 5, "ve": 10 }
  ],
  "Ezek.24.9": [
    { "t": "Rev.14.20", "v": 2, "ch": 14, "vs": 20 },
    { "t": "Rev.16.6", "v": 2, "ch": 16, "vs": 6 },
    { "t": "Rev.21.8", "v": 2, "ch": 21, "vs": 8 },
    { "t": "Rev.16.19", "v": 2, "ch": 16, "vs": 19 }
  ],
  "Ezek.24.13": [{ "t": "Rev.22.11", "v": 3, "ch": 22, "vs": 11 }],
  "Ezek.25.14": [
    { "t": "Rev.6.16-Rev.6.17", "v": 2, "ch": 6, "vs": 16, "ve": 17 }
  ],
  "Ezek.26.12": [
    { "t": "Rev.18.11-Rev.18.13", "v": 2, "ch": 18, "vs": 11, "ve": 13 }
  ],
  "Ezek.26.13": [
    { "t": "Rev.18.22-Rev.18.23", "v": 2, "ch": 18, "vs": 22, "ve": 23 }
  ],
  "Ezek.26.16": [
    { "t": "Rev.18.11-Rev.18.19", "v": 2, "ch": 18, "vs": 11, "ve": 19 }
  ],
  "Ezek.26.17": [
    { "t": "Rev.18.9-Rev.18.10", "v": 2, "ch": 18, "vs": 9, "ve": 10 },
    { "t": "Rev.18.16-Rev.18.19", "v": 2, "ch": 18, "vs": 16, "ve": 19 }
  ],
  "Ezek.26.19": [{ "t": "Rev.17.15", "v": 2, "ch": 17, "vs": 15 }],
  "Ezek.26.21": [{ "t": "Rev.18.21", "v": 4, "ch": 18, "vs": 21 }],
  "Ezek.27.3": [
    { "t": "Rev.18.11-Rev.18.15", "v": 2, "ch": 18, "vs": 11, "ve": 15 },
    { "t": "Rev.18.3", "v": 2, "ch": 18, "vs": 3 }
  ],
  "Ezek.27.13": [{ "t": "Rev.18.13", "v": 4, "ch": 18, "vs": 13 }],
  "Ezek.27.15": [{ "t": "Rev.18.12", "v": 4, "ch": 18, "vs": 12 }],
  "Ezek.27.26": [{ "t": "Rev.17.15", "v": 2, "ch": 17, "vs": 15 }],
  "Ezek.27.27": [
    { "t": "Rev.18.11-Rev.18.24", "v": 2, "ch": 18, "vs": 11, "ve": 24 }
  ],
  "Ezek.27.29": [
    { "t": "Rev.18.17-Rev.18.24", "v": 2, "ch": 18, "vs": 17, "ve": 24 }
  ],
  "Ezek.27.30": [
    { "t": "Rev.18.9-Rev.18.19", "v": 2, "ch": 18, "vs": 9, "ve": 19 }
  ],
  "Ezek.27.32": [{ "t": "Rev.18.18", "v": 3, "ch": 18, "vs": 18 }],
  "Ezek.27.33": [
    { "t": "Rev.18.19", "v": 3, "ch": 18, "vs": 19 },
    { "t": "Rev.18.3", "v": 2, "ch": 18, "vs": 3 },
    { "t": "Rev.18.12-Rev.18.15", "v": 2, "ch": 18, "vs": 12, "ve": 15 }
  ],
  "Ezek.27.35": [
    { "t": "Rev.18.9-Rev.18.10", "v": 2, "ch": 18, "vs": 9, "ve": 10 }
  ],
  "Ezek.28.2": [{ "t": "Rev.17.3", "v": 2, "ch": 17, "vs": 3 }],
  "Ezek.28.13": [
    { "t": "Rev.21.19-Rev.21.20", "v": 3, "ch": 21, "vs": 19, "ve": 20 },
    { "t": "Rev.2.7", "v": 2, "ch": 2, "vs": 7 },
    { "t": "Rev.17.4", "v": 2, "ch": 17, "vs": 4 }
  ],
  "Ezek.28.14": [
    { "t": "Rev.18.16", "v": 3, "ch": 18, "vs": 16 },
    { "t": "Rev.9.17", "v": 2, "ch": 9, "vs": 17 }
  ],
  "Ezek.28.16": [{ "t": "Rev.12.9", "v": 2, "ch": 12, "vs": 9 }],
  "Ezek.28.18": [{ "t": "Rev.18.8", "v": 4, "ch": 18, "vs": 8 }],
  "Ezek.28.19": [
    { "t": "Rev.18.15-Rev.18.19", "v": 3, "ch": 18, "vs": 15, "ve": 19 },
    { "t": "Rev.18.21", "v": 3, "ch": 18, "vs": 21 },
    { "t": "Rev.18.9-Rev.18.10", "v": 2, "ch": 18, "vs": 9, "ve": 10 }
  ],
  "Ezek.28.22": [
    { "t": "Rev.19.1-Rev.19.2", "v": 2, "ch": 19, "vs": 1, "ve": 2 }
  ],
  "Ezek.28.24": [{ "t": "Rev.21.4", "v": 2, "ch": 21, "vs": 4 }],
  "Ezek.29.3": [
    { "t": "Rev.12.3-Rev.12.4", "v": 2, "ch": 12, "vs": 3, "ve": 4 },
    { "t": "Rev.20.2", "v": 1, "ch": 20, "vs": 2 },
    { "t": "Rev.16.13", "v": 1, "ch": 16, "vs": 13 },
    { "t": "Rev.13.11", "v": 1, "ch": 13, "vs": 11 },
    { "t": "Rev.12.16-Rev.12.17", "v": 1, "ch": 12, "vs": 16, "ve": 17 },
    { "t": "Rev.13.2", "v": 1, "ch": 13, "vs": 2 },
    { "t": "Rev.13.4", "v": 1, "ch": 13, "vs": 4 }
  ],
  "Ezek.29.5": [
    { "t": "Rev.19.17-Rev.19.18", "v": 2, "ch": 19, "vs": 17, "ve": 18 }
  ],
  "Ezek.29.16": [{ "t": "Rev.16.19", "v": 2, "ch": 16, "vs": 19 }],
  "Ezek.30.2": [{ "t": "Rev.18.10", "v": 2, "ch": 18, "vs": 10 }],
  "Ezek.30.3": [
    { "t": "Rev.6.17", "v": 2, "ch": 6, "vs": 17 },
    { "t": "Rev.19.13-Rev.19.21", "v": 2, "ch": 19, "vs": 13, "ve": 21 }
  ],
  "Ezek.30.4": [
    { "t": "Rev.18.9-Rev.18.10", "v": 2, "ch": 18, "vs": 9, "ve": 10 }
  ],
  "Ezek.30.12": [{ "t": "Rev.16.12", "v": 2, "ch": 16, "vs": 12 }],
  "Ezek.30.15": [{ "t": "Rev.16.1", "v": 2, "ch": 16, "vs": 1 }],
  "Ezek.30.19": [{ "t": "Rev.17.1", "v": 3, "ch": 17, "vs": 1 }],
  "Ezek.30.21": [{ "t": "Rev.18.21", "v": 2, "ch": 18, "vs": 21 }],
  "Ezek.31.2": [{ "t": "Rev.10.11", "v": 2, "ch": 10, "vs": 11 }],
  "Ezek.31.4": [
    { "t": "Rev.17.1", "v": 3, "ch": 17, "vs": 1 },
    { "t": "Rev.17.15", "v": 3, "ch": 17, "vs": 15 }
  ],
  "Ezek.31.12": [{ "t": "Rev.17.16", "v": 2, "ch": 17, "vs": 16 }],
  "Ezek.31.13": [
    { "t": "Rev.19.17-Rev.19.18", "v": 2, "ch": 19, "vs": 17, "ve": 18 }
  ],
  "Ezek.31.15": [
    { "t": "Rev.18.18-Rev.18.19", "v": 2, "ch": 18, "vs": 18, "ve": 19 },
    { "t": "Rev.18.9-Rev.18.11", "v": 2, "ch": 18, "vs": 9, "ve": 11 }
  ],
  "Ezek.31.16": [
    { "t": "Rev.11.13", "v": 2, "ch": 11, "vs": 13 },
    { "t": "Rev.18.9-Rev.18.24", "v": 2, "ch": 18, "vs": 9, "ve": 24 }
  ],
  "Ezek.32.4": [
    { "t": "Rev.19.17-Rev.19.18", "v": 2, "ch": 19, "vs": 17, "ve": 18 }
  ],
  "Ezek.32.6": [
    { "t": "Rev.14.20", "v": 3, "ch": 14, "vs": 20 },
    { "t": "Rev.16.6", "v": 2, "ch": 16, "vs": 6 }
  ],
  "Ezek.32.7": [
    { "t": "Rev.6.12-Rev.6.13", "v": 3, "ch": 6, "vs": 12, "ve": 13 },
    { "t": "Rev.8.12", "v": 3, "ch": 8, "vs": 12 }
  ],
  "Ezek.32.9": [
    { "t": "Rev.18.10-Rev.18.15", "v": 3, "ch": 18, "vs": 10, "ve": 15 },
    { "t": "Rev.11.18", "v": 2, "ch": 11, "vs": 18 }
  ],
  "Ezek.32.10": [{ "t": "Rev.18.10", "v": 2, "ch": 18, "vs": 10 }],
  "Ezek.32.25": [{ "t": "Rev.2.22", "v": 2, "ch": 2, "vs": 22 }],
  "Ezek.32.32": [
    { "t": "Rev.6.15-Rev.6.17", "v": 2, "ch": 6, "vs": 15, "ve": 17 }
  ],
  "Ezek.33.15": [
    { "t": "Rev.22.12-Rev.22.14", "v": 2, "ch": 22, "vs": 12, "ve": 14 }
  ],
  "Ezek.33.20": [
    { "t": "Rev.22.12", "v": 2, "ch": 22, "vs": 12 },
    { "t": "Rev.20.12-Rev.20.15", "v": 2, "ch": 20, "vs": 12, "ve": 15 }
  ],
  "Ezek.33.26": [
    { "t": "Rev.21.27", "v": 2, "ch": 21, "vs": 27 },
    { "t": "Rev.21.8", "v": 2, "ch": 21, "vs": 8 }
  ],
  "Ezek.34.4": [
    { "t": "Rev.17.5-Rev.17.6", "v": 5, "ch": 17, "vs": 5, "ve": 6 },
    { "t": "Rev.13.14-Rev.13.17", "v": 4, "ch": 13, "vs": 14, "ve": 17 }
  ],
  "Ezek.34.14": [{ "t": "Rev.7.16", "v": 3, "ch": 7, "vs": 16 }],
  "Ezek.34.23": [{ "t": "Rev.22.16", "v": 6, "ch": 22, "vs": 16 }],
  "Ezek.34.24": [
    { "t": "Rev.21.3", "v": 4, "ch": 21, "vs": 3 },
    { "t": "Rev.19.13-Rev.19.16", "v": 2, "ch": 19, "vs": 13, "ve": 16 }
  ],
  "Ezek.34.29": [{ "t": "Rev.7.16", "v": 2, "ch": 7, "vs": 16 }],
  "Ezek.35.6": [
    { "t": "Rev.18.24", "v": 3, "ch": 18, "vs": 24 },
    { "t": "Rev.19.2-Rev.19.3", "v": 2, "ch": 19, "vs": 2, "ve": 3 },
    { "t": "Rev.18.6", "v": 2, "ch": 18, "vs": 6 },
    { "t": "Rev.16.5-Rev.16.7", "v": 2, "ch": 16, "vs": 5, "ve": 7 }
  ],
  "Ezek.35.13": [
    { "t": "Rev.13.5-Rev.13.6", "v": 2, "ch": 13, "vs": 5, "ve": 6 }
  ],
  "Ezek.36.7": [
    { "t": "Rev.10.5-Rev.10.6", "v": 2, "ch": 10, "vs": 5, "ve": 6 }
  ],
  "Ezek.36.18": [
    { "t": "Rev.16.1-Rev.16.21", "v": 2, "ch": 16, "vs": 1, "ve": 21 },
    { "t": "Rev.14.10", "v": 2, "ch": 14, "vs": 10 }
  ],
  "Ezek.36.19": [
    { "t": "Rev.20.12-Rev.20.15", "v": 2, "ch": 20, "vs": 12, "ve": 15 }
  ],
  "Ezek.36.25": [
    { "t": "Rev.7.14", "v": 6, "ch": 7, "vs": 14 },
    { "t": "Rev.1.5", "v": 4, "ch": 1, "vs": 5 }
  ],
  "Ezek.36.26": [{ "t": "Rev.21.5", "v": 35, "ch": 21, "vs": 5 }],
  "Ezek.36.28": [
    { "t": "Rev.21.7", "v": 3, "ch": 21, "vs": 7 },
    { "t": "Rev.21.3", "v": 2, "ch": 21, "vs": 3 }
  ],
  "Ezek.36.38": [{ "t": "Rev.7.4-Rev.7.9", "v": 2, "ch": 7, "vs": 4, "ve": 9 }],
  "Ezek.37.1": [{ "t": "Rev.1.10", "v": 4, "ch": 1, "vs": 10 }],
  "Ezek.37.10": [
    { "t": "Rev.11.11", "v": 7, "ch": 11, "vs": 11 },
    { "t": "Rev.20.4-Rev.20.5", "v": 1, "ch": 20, "vs": 4, "ve": 5 }
  ],
  "Ezek.37.12": [{ "t": "Rev.20.13", "v": 4, "ch": 20, "vs": 13 }],
  "Ezek.37.22": [{ "t": "Rev.11.15", "v": 2, "ch": 11, "vs": 15 }],
  "Ezek.37.23": [
    { "t": "Rev.21.3-Rev.21.4", "v": 8, "ch": 21, "vs": 3, "ve": 4 },
    { "t": "Rev.21.7", "v": 6, "ch": 21, "vs": 7 }
  ],
  "Ezek.37.27": [
    { "t": "Rev.21.3", "v": 6, "ch": 21, "vs": 3 },
    { "t": "Rev.21.22", "v": 2, "ch": 21, "vs": 22 }
  ],
  "Ezek.38.2": [
    { "t": "Rev.20.8-Rev.20.9", "v": 3, "ch": 20, "vs": 8, "ve": 9 }
  ],
  "Ezek.38.15": [
    { "t": "Rev.20.8", "v": 4, "ch": 20, "vs": 8 },
    { "t": "Rev.16.14", "v": 3, "ch": 16, "vs": 14 },
    { "t": "Rev.16.16", "v": 3, "ch": 16, "vs": 16 }
  ],
  "Ezek.38.19": [
    { "t": "Rev.16.20", "v": 3, "ch": 16, "vs": 20 },
    { "t": "Rev.11.13", "v": 3, "ch": 11, "vs": 13 },
    { "t": "Rev.16.18", "v": 3, "ch": 16, "vs": 18 }
  ],
  "Ezek.38.20": [
    { "t": "Rev.6.12-Rev.6.13", "v": 3, "ch": 6, "vs": 12, "ve": 13 }
  ],
  "Ezek.38.22": [{ "t": "Rev.16.21", "v": 5, "ch": 16, "vs": 21 }],
  "Ezek.38.23": [
    { "t": "Rev.19.1-Rev.19.6", "v": 5, "ch": 19, "vs": 1, "ve": 6 },
    { "t": "Rev.15.3-Rev.15.4", "v": 3, "ch": 15, "vs": 3, "ve": 4 }
  ],
  "Ezek.39.4": [
    { "t": "Rev.19.17-Rev.19.21", "v": 3, "ch": 19, "vs": 17, "ve": 21 }
  ],
  "Ezek.39.8": [
    { "t": "Rev.21.6", "v": 2, "ch": 21, "vs": 6 },
    { "t": "Rev.16.17", "v": 2, "ch": 16, "vs": 17 }
  ],
  "Ezek.39.10": [
    { "t": "Rev.18.6", "v": 2, "ch": 18, "vs": 6 },
    { "t": "Rev.13.10", "v": 2, "ch": 13, "vs": 10 }
  ],
  "Ezek.39.17": [
    { "t": "Rev.19.17-Rev.19.18", "v": 9, "ch": 19, "vs": 17, "ve": 18 }
  ],
  "Ezek.39.18": [
    { "t": "Rev.19.17-Rev.19.18", "v": 3, "ch": 19, "vs": 17, "ve": 18 },
    { "t": "Rev.19.21", "v": 3, "ch": 19, "vs": 21 }
  ],
  "Ezek.39.20": [{ "t": "Rev.19.18", "v": 5, "ch": 19, "vs": 18 }],
  "Ezek.40.1": [{ "t": "Rev.1.10", "v": 2, "ch": 1, "vs": 10 }],
  "Ezek.40.2": [
    { "t": "Rev.21.10-Rev.21.23", "v": 2, "ch": 21, "vs": 10, "ve": 23 }
  ],
  "Ezek.40.3": [
    { "t": "Rev.11.1", "v": 6, "ch": 11, "vs": 1 },
    { "t": "Rev.1.15", "v": 5, "ch": 1, "vs": 15 },
    { "t": "Rev.21.15", "v": 5, "ch": 21, "vs": 15 }
  ],
  "Ezek.40.5": [{ "t": "Rev.21.12", "v": 2, "ch": 21, "vs": 12 }],
  "Ezek.40.16": [{ "t": "Rev.7.9", "v": 2, "ch": 7, "vs": 9 }],
  "Ezek.40.17": [{ "t": "Rev.11.2", "v": 5, "ch": 11, "vs": 2 }],
  "Ezek.40.22": [{ "t": "Rev.7.9", "v": 2, "ch": 7, "vs": 9 }],
  "Ezek.40.45": [{ "t": "Rev.1.6", "v": 2, "ch": 1, "vs": 6 }],
  "Ezek.40.49": [{ "t": "Rev.3.12", "v": 3, "ch": 3, "vs": 12 }],
  "Ezek.41.1": [
    { "t": "Rev.21.3", "v": 2, "ch": 21, "vs": 3 },
    { "t": "Rev.3.12", "v": 2, "ch": 3, "vs": 12 },
    { "t": "Rev.11.1-Rev.11.2", "v": 2, "ch": 11, "vs": 1, "ve": 2 },
    { "t": "Rev.21.15", "v": 2, "ch": 21, "vs": 15 }
  ],
  "Ezek.41.4": [{ "t": "Rev.21.16", "v": 2, "ch": 21, "vs": 16 }],
  "Ezek.41.8": [{ "t": "Rev.21.16", "v": 2, "ch": 21, "vs": 16 }],
  "Ezek.41.12": [
    { "t": "Rev.21.27", "v": 2, "ch": 21, "vs": 27 },
    { "t": "Rev.22.14-Rev.22.15", "v": 2, "ch": 22, "vs": 14, "ve": 15 }
  ],
  "Ezek.41.18": [
    { "t": "Rev.4.7-Rev.4.9", "v": 2, "ch": 4, "vs": 7, "ve": 9 },
    { "t": "Rev.7.9", "v": 2, "ch": 7, "vs": 9 }
  ],
  "Ezek.41.22": [
    { "t": "Rev.8.3", "v": 3, "ch": 8, "vs": 3 },
    { "t": "Rev.3.20", "v": 2, "ch": 3, "vs": 20 }
  ],
  "Ezek.42.1": [{ "t": "Rev.11.2", "v": 2, "ch": 11, "vs": 2 }],
  "Ezek.42.16": [
    { "t": "Rev.11.1-Rev.11.2", "v": 2, "ch": 11, "vs": 1, "ve": 2 }
  ],
  "Ezek.42.20": [
    { "t": "Rev.21.10-Rev.21.27", "v": 2, "ch": 21, "vs": 10, "ve": 27 }
  ],
  "Ezek.43.2": [
    { "t": "Rev.18.1", "v": 8, "ch": 18, "vs": 1 },
    { "t": "Rev.1.15", "v": 4, "ch": 1, "vs": 15 },
    { "t": "Rev.14.2", "v": 3, "ch": 14, "vs": 2 },
    { "t": "Rev.21.23", "v": 3, "ch": 21, "vs": 23 },
    { "t": "Rev.19.6", "v": 2, "ch": 19, "vs": 6 },
    { "t": "Rev.19.1", "v": 2, "ch": 19, "vs": 1 }
  ],
  "Ezek.43.3": [
    { "t": "Rev.11.3-Rev.11.6", "v": 2, "ch": 11, "vs": 3, "ve": 6 }
  ],
  "Ezek.43.6": [{ "t": "Rev.16.1", "v": 2, "ch": 16, "vs": 1 }],
  "Ezek.43.7": [
    { "t": "Rev.22.3", "v": 3, "ch": 22, "vs": 3 },
    { "t": "Rev.21.2-Rev.21.3", "v": 2, "ch": 21, "vs": 2, "ve": 3 }
  ],
  "Ezek.43.12": [{ "t": "Rev.21.27", "v": 4, "ch": 21, "vs": 27 }],
  "Ezek.44.3": [{ "t": "Rev.3.20", "v": 2, "ch": 3, "vs": 20 }],
  "Ezek.44.4": [{ "t": "Rev.1.17", "v": 5, "ch": 1, "vs": 17 }],
  "Ezek.44.12": [
    { "t": "Rev.10.5-Rev.10.6", "v": 2, "ch": 10, "vs": 5, "ve": 6 }
  ],
  "Ezek.44.15": [
    { "t": "Rev.2.1", "v": 2, "ch": 2, "vs": 1 },
    { "t": "Rev.2.12", "v": 2, "ch": 2, "vs": 12 },
    { "t": "Rev.3.22", "v": 2, "ch": 3, "vs": 22 },
    { "t": "Rev.3.7", "v": 2, "ch": 3, "vs": 7 },
    { "t": "Rev.3.1", "v": 2, "ch": 3, "vs": 1 },
    { "t": "Rev.2.18", "v": 2, "ch": 2, "vs": 18 },
    { "t": "Rev.2.8", "v": 2, "ch": 2, "vs": 8 },
    { "t": "Rev.3.14", "v": 2, "ch": 3, "vs": 14 }
  ],
  "Ezek.44.16": [{ "t": "Rev.1.6", "v": 2, "ch": 1, "vs": 6 }],
  "Ezek.44.17": [
    { "t": "Rev.19.8", "v": 4, "ch": 19, "vs": 8 },
    { "t": "Rev.4.4", "v": 2, "ch": 4, "vs": 4 }
  ],
  "Ezek.45.8": [
    { "t": "Rev.19.11-Rev.19.16", "v": 1, "ch": 19, "vs": 11, "ve": 16 }
  ],
  "Ezek.46.10": [{ "t": "Rev.2.1", "v": 2, "ch": 2, "vs": 1 }],
  "Ezek.46.13": [{ "t": "Rev.13.8", "v": 2, "ch": 13, "vs": 8 }],
  "Ezek.47.1": [
    { "t": "Rev.22.1", "v": 14, "ch": 22, "vs": 1 },
    { "t": "Rev.22.17", "v": 6, "ch": 22, "vs": 17 }
  ],
  "Ezek.47.3": [
    { "t": "Rev.11.1", "v": 3, "ch": 11, "vs": 1 },
    { "t": "Rev.21.15", "v": 3, "ch": 21, "vs": 15 }
  ],
  "Ezek.47.5": [
    { "t": "Rev.7.9", "v": 2, "ch": 7, "vs": 9 },
    { "t": "Rev.11.15", "v": 2, "ch": 11, "vs": 15 },
    { "t": "Rev.20.2-Rev.20.4", "v": 2, "ch": 20, "vs": 2, "ve": 4 }
  ],
  "Ezek.47.7": [{ "t": "Rev.22.2", "v": 4, "ch": 22, "vs": 2 }],
  "Ezek.47.11": [
    { "t": "Rev.22.11", "v": 3, "ch": 22, "vs": 11 },
    { "t": "Rev.21.8", "v": 2, "ch": 21, "vs": 8 }
  ],
  "Ezek.47.12": [{ "t": "Rev.22.2", "v": 21, "ch": 22, "vs": 2 }],
  "Ezek.47.22": [
    { "t": "Rev.7.9-Rev.7.10", "v": 2, "ch": 7, "vs": 9, "ve": 10 }
  ],
  "Ezek.48.1": [{ "t": "Rev.7.4-Rev.7.8", "v": 2, "ch": 7, "vs": 4, "ve": 8 }],
  "Ezek.48.8": [
    { "t": "Rev.22.3", "v": 2, "ch": 22, "vs": 3 },
    { "t": "Rev.21.3", "v": 2, "ch": 21, "vs": 3 },
    { "t": "Rev.21.22", "v": 2, "ch": 21, "vs": 22 }
  ],
  "Ezek.48.11": [{ "t": "Rev.2.10", "v": 2, "ch": 2, "vs": 10 }],
  "Ezek.48.16": [{ "t": "Rev.21.16", "v": 3, "ch": 21, "vs": 16 }],
  "Ezek.48.20": [{ "t": "Rev.21.16", "v": 2, "ch": 21, "vs": 16 }],
  "Ezek.48.30": [{ "t": "Rev.21.16", "v": 2, "ch": 21, "vs": 16 }],
  "Ezek.48.31": [
    { "t": "Rev.21.12-Rev.21.13", "v": 4, "ch": 21, "vs": 12, "ve": 13 },
    { "t": "Rev.21.21", "v": 2, "ch": 21, "vs": 21 },
    { "t": "Rev.21.25", "v": 2, "ch": 21, "vs": 25 }
  ],
  "Ezek.48.35": [
    { "t": "Rev.21.3", "v": 12, "ch": 21, "vs": 3 },
    { "t": "Rev.22.3", "v": 7, "ch": 22, "vs": 3 }
  ]
}
