{
  "Dan.2.11": [{ "t": "Rev.21.3", "v": 2, "ch": 21, "vs": 3 }],
  "Dan.2.20": [{ "t": "Rev.5.12", "v": 5, "ch": 5, "vs": 12 }],
  "Dan.2.21": [{ "t": "Rev.19.16", "v": 2, "ch": 19, "vs": 16 }],
  "Dan.2.23": [
    { "t": "Rev.1.1", "v": 3, "ch": 1, "vs": 1 },
    { "t": "Rev.5.5", "v": 3, "ch": 5, "vs": 5 }
  ],
  "Dan.2.32": [{ "t": "Rev.17.4", "v": 2, "ch": 17, "vs": 4 }],
  "Dan.2.34": [
    { "t": "Rev.17.14", "v": 3, "ch": 17, "vs": 14 },
    { "t": "Rev.19.11-Rev.19.21", "v": 3, "ch": 19, "vs": 11, "ve": 21 },
    { "t": "Rev.11.15", "v": 3, "ch": 11, "vs": 15 }
  ],
  "Dan.2.35": [
    { "t": "Rev.20.11", "v": 4, "ch": 20, "vs": 11 },
    { "t": "Rev.11.15", "v": 2, "ch": 11, "vs": 15 },
    { "t": "Rev.12.8", "v": 2, "ch": 12, "vs": 8 },
    { "t": "Rev.20.2-Rev.20.3", "v": 2, "ch": 20, "vs": 2, "ve": 3 }
  ],
  "Dan.2.37": [
    { "t": "Rev.1.5", "v": 2, "ch": 1, "vs": 5 },
    { "t": "Rev.17.14", "v": 2, "ch": 17, "vs": 14 },
    { "t": "Rev.5.12", "v": 2, "ch": 5, "vs": 12 },
    { "t": "Rev.4.11", "v": 2, "ch": 4, "vs": 11 },
    { "t": "Rev.19.16", "v": 1, "ch": 19, "vs": 16 }
  ],
  "Dan.2.41": [
    { "t": "Rev.17.12", "v": 3, "ch": 17, "vs": 12 },
    { "t": "Rev.13.1", "v": 2, "ch": 13, "vs": 1 },
    { "t": "Rev.12.3", "v": 2, "ch": 12, "vs": 3 }
  ],
  "Dan.2.42": [{ "t": "Rev.13.1", "v": 2, "ch": 13, "vs": 1 }],
  "Dan.2.44": [
    { "t": "Rev.11.15", "v": 10, "ch": 11, "vs": 15 },
    { "t": "Rev.19.15-Rev.19.20", "v": 5, "ch": 19, "vs": 15, "ve": 20 },
    { "t": "Rev.2.27", "v": 4, "ch": 2, "vs": 27 }
  ],
  "Dan.2.45": [
    { "t": "Rev.1.19", "v": 2, "ch": 1, "vs": 19 },
    { "t": "Rev.4.1", "v": 2, "ch": 4, "vs": 1 },
    { "t": "Rev.19.17", "v": 2, "ch": 19, "vs": 17 }
  ],
  "Dan.2.46": [
    { "t": "Rev.22.8", "v": 3, "ch": 22, "vs": 8 },
    { "t": "Rev.19.10", "v": 3, "ch": 19, "vs": 10 },
    { "t": "Rev.11.16", "v": 2, "ch": 11, "vs": 16 }
  ],
  "Dan.2.47": [
    { "t": "Rev.1.5", "v": 3, "ch": 1, "vs": 5 },
    { "t": "Rev.17.14", "v": 3, "ch": 17, "vs": 14 },
    { "t": "Rev.19.16", "v": 3, "ch": 19, "vs": 16 }
  ],
  "Dan.3.1": [{ "t": "Rev.9.20", "v": 2, "ch": 9, "vs": 20 }],
  "Dan.3.2": [{ "t": "Rev.17.2", "v": 2, "ch": 17, "vs": 2 }],
  "Dan.3.3": [
    { "t": "Rev.17.17", "v": 5, "ch": 17, "vs": 17 },
    { "t": "Rev.17.13", "v": 4, "ch": 17, "vs": 13 },
    { "t": "Rev.13.13-Rev.13.16", "v": 3, "ch": 13, "vs": 13, "ve": 16 }
  ],
  "Dan.3.6": [
    { "t": "Rev.9.2", "v": 3, "ch": 9, "vs": 2 },
    { "t": "Rev.14.11", "v": 3, "ch": 14, "vs": 11 },
    { "t": "Rev.13.15-Rev.13.17", "v": 2, "ch": 13, "vs": 15, "ve": 17 }
  ],
  "Dan.3.7": [
    { "t": "Rev.13.3", "v": 2, "ch": 13, "vs": 3 },
    { "t": "Rev.19.20", "v": 2, "ch": 19, "vs": 20 },
    { "t": "Rev.12.9", "v": 2, "ch": 12, "vs": 9 },
    { "t": "Rev.13.14", "v": 2, "ch": 13, "vs": 14 },
    { "t": "Rev.13.8", "v": 2, "ch": 13, "vs": 8 },
    { "t": "Rev.17.8", "v": 2, "ch": 17, "vs": 8 }
  ],
  "Dan.3.10": [
    { "t": "Rev.13.16-Rev.13.17", "v": 2, "ch": 13, "vs": 16, "ve": 17 }
  ],
  "Dan.3.18": [
    { "t": "Rev.2.10-Rev.2.11", "v": 10, "ch": 2, "vs": 10, "ve": 11 },
    { "t": "Rev.12.11", "v": 6, "ch": 12, "vs": 11 }
  ],
  "Dan.3.26": [{ "t": "Rev.19.5", "v": 3, "ch": 19, "vs": 5 }],
  "Dan.3.28": [{ "t": "Rev.12.11", "v": 7, "ch": 12, "vs": 11 }],
  "Dan.4.3": [{ "t": "Rev.11.15", "v": 4, "ch": 11, "vs": 15 }],
  "Dan.4.13": [{ "t": "Rev.14.10", "v": 2, "ch": 14, "vs": 10 }],
  "Dan.4.14": [
    { "t": "Rev.18.2", "v": 2, "ch": 18, "vs": 2 },
    { "t": "Rev.10.3", "v": 2, "ch": 10, "vs": 3 }
  ],
  "Dan.4.16": [{ "t": "Rev.12.14", "v": 3, "ch": 12, "vs": 14 }],
  "Dan.4.17": [{ "t": "Rev.4.8", "v": 1, "ch": 4, "vs": 8 }],
  "Dan.4.22": [{ "t": "Rev.18.5", "v": 2, "ch": 18, "vs": 5 }],
  "Dan.4.29": [{ "t": "Rev.2.21", "v": 2, "ch": 2, "vs": 21 }],
  "Dan.4.30": [
    { "t": "Rev.17.5", "v": 4, "ch": 17, "vs": 5 },
    { "t": "Rev.18.10", "v": 4, "ch": 18, "vs": 10 },
    { "t": "Rev.16.19", "v": 3, "ch": 16, "vs": 19 },
    { "t": "Rev.18.21", "v": 2, "ch": 18, "vs": 21 },
    { "t": "Rev.21.24-Rev.21.26", "v": 1, "ch": 21, "vs": 24, "ve": 26 }
  ],
  "Dan.4.31": [{ "t": "Rev.16.7", "v": 3, "ch": 16, "vs": 7 }],
  "Dan.4.34": [
    { "t": "Rev.4.10", "v": 9, "ch": 4, "vs": 10 },
    { "t": "Rev.11.15", "v": 3, "ch": 11, "vs": 15 },
    { "t": "Rev.10.6", "v": 2, "ch": 10, "vs": 6 }
  ],
  "Dan.4.37": [
    { "t": "Rev.15.3", "v": 2, "ch": 15, "vs": 3 },
    { "t": "Rev.19.1-Rev.19.2", "v": 1, "ch": 19, "vs": 1, "ve": 2 },
    { "t": "Rev.16.7", "v": 1, "ch": 16, "vs": 7 }
  ],
  "Dan.5.4": [
    { "t": "Rev.9.20-Rev.9.21", "v": 4, "ch": 9, "vs": 20, "ve": 21 }
  ],
  "Dan.5.5": [
    { "t": "Rev.20.12-Rev.20.15", "v": 3, "ch": 20, "vs": 12, "ve": 15 }
  ],
  "Dan.5.9": [{ "t": "Rev.6.15", "v": 2, "ch": 6, "vs": 15 }],
  "Dan.5.11": [{ "t": "Rev.3.9", "v": 2, "ch": 3, "vs": 9 }],
  "Dan.5.23": [
    { "t": "Rev.13.5-Rev.13.6", "v": 2, "ch": 13, "vs": 5, "ve": 6 }
  ],
  "Dan.6.10": [
    { "t": "Rev.2.10", "v": 2, "ch": 2, "vs": 10 },
    { "t": "Rev.2.13", "v": 1, "ch": 2, "vs": 13 }
  ],
  "Dan.6.18": [{ "t": "Rev.18.22", "v": 2, "ch": 18, "vs": 22 }],
  "Dan.6.26": [
    { "t": "Rev.11.15", "v": 4, "ch": 11, "vs": 15 },
    { "t": "Rev.5.14", "v": 4, "ch": 5, "vs": 14 },
    { "t": "Rev.4.10", "v": 4, "ch": 4, "vs": 10 }
  ],
  "Dan.7.1": [
    { "t": "Rev.1.19", "v": 3, "ch": 1, "vs": 19 },
    { "t": "Rev.10.4", "v": 2, "ch": 10, "vs": 4 }
  ],
  "Dan.7.2": [
    { "t": "Rev.7.1", "v": 10, "ch": 7, "vs": 1 },
    { "t": "Rev.17.15", "v": 2, "ch": 17, "vs": 15 }
  ],
  "Dan.7.3": [{ "t": "Rev.13.1", "v": 7, "ch": 13, "vs": 1 }],
  "Dan.7.6": [{ "t": "Rev.13.2", "v": 7, "ch": 13, "vs": 2 }],
  "Dan.7.7": [
    { "t": "Rev.13.1", "v": 11, "ch": 13, "vs": 1 },
    { "t": "Rev.12.3", "v": 10, "ch": 12, "vs": 3 },
    { "t": "Rev.17.12", "v": 8, "ch": 17, "vs": 12 },
    { "t": "Rev.17.7", "v": 4, "ch": 17, "vs": 7 }
  ],
  "Dan.7.8": [
    { "t": "Rev.13.5-Rev.13.6", "v": 8, "ch": 13, "vs": 5, "ve": 6 },
    { "t": "Rev.13.1", "v": 5, "ch": 13, "vs": 1 },
    { "t": "Rev.9.7", "v": 3, "ch": 9, "vs": 7 },
    { "t": "Rev.13.11-Rev.13.13", "v": 3, "ch": 13, "vs": 11, "ve": 13 }
  ],
  "Dan.7.9": [
    { "t": "Rev.1.14", "v": 16, "ch": 1, "vs": 14 },
    { "t": "Rev.19.18-Rev.20.4", "v": 5, "ch": 19, "vs": 18, "ve": 4 }
  ],
  "Dan.7.10": [
    { "t": "Rev.5.11", "v": 8, "ch": 5, "vs": 11 },
    { "t": "Rev.20.11-Rev.20.15", "v": 7, "ch": 20, "vs": 11, "ve": 15 }
  ],
  "Dan.7.11": [
    { "t": "Rev.19.20", "v": 6, "ch": 19, "vs": 20 },
    { "t": "Rev.20.10", "v": 5, "ch": 20, "vs": 10 },
    { "t": "Rev.18.8", "v": 3, "ch": 18, "vs": 8 },
    { "t": "Rev.20.4", "v": 2, "ch": 20, "vs": 4 },
    { "t": "Rev.13.5-Rev.13.6", "v": 2, "ch": 13, "vs": 5, "ve": 6 },
    { "t": "Rev.20.12", "v": 2, "ch": 20, "vs": 12 }
  ],
  "Dan.7.13": [
    { "t": "Rev.1.7", "v": 68, "ch": 1, "vs": 7 },
    { "t": "Rev.14.14", "v": 51, "ch": 14, "vs": 14 },
    { "t": "Rev.1.13", "v": 21, "ch": 1, "vs": 13 },
    { "t": "Rev.1.18", "v": 17, "ch": 1, "vs": 18 }
  ],
  "Dan.7.14": [
    { "t": "Rev.11.15", "v": 17, "ch": 11, "vs": 15 },
    { "t": "Rev.17.14", "v": 6, "ch": 17, "vs": 14 },
    { "t": "Rev.3.21", "v": 4, "ch": 3, "vs": 21 }
  ],
  "Dan.7.15": [
    { "t": "Rev.10.9-Rev.10.11", "v": 1, "ch": 10, "vs": 9, "ve": 11 }
  ],
  "Dan.7.16": [
    { "t": "Rev.7.13-Rev.7.14", "v": 4, "ch": 7, "vs": 13, "ve": 14 },
    { "t": "Rev.5.5", "v": 3, "ch": 5, "vs": 5 }
  ],
  "Dan.7.17": [
    { "t": "Rev.13.1", "v": 2, "ch": 13, "vs": 1 },
    { "t": "Rev.13.11", "v": 2, "ch": 13, "vs": 11 }
  ],
  "Dan.7.18": [
    { "t": "Rev.5.10", "v": 8, "ch": 5, "vs": 10 },
    { "t": "Rev.20.4", "v": 7, "ch": 20, "vs": 4 },
    { "t": "Rev.2.26-Rev.2.27", "v": 5, "ch": 2, "vs": 26, "ve": 27 },
    { "t": "Rev.3.21", "v": 2, "ch": 3, "vs": 21 }
  ],
  "Dan.7.21": [
    { "t": "Rev.13.7", "v": 33, "ch": 13, "vs": 7 },
    { "t": "Rev.17.14", "v": 5, "ch": 17, "vs": 14 },
    { "t": "Rev.13.5-Rev.13.18", "v": 5, "ch": 13, "vs": 5, "ve": 18 },
    { "t": "Rev.12.3-Rev.12.4", "v": 3, "ch": 12, "vs": 3, "ve": 4 },
    { "t": "Rev.17.6", "v": 3, "ch": 17, "vs": 6 },
    { "t": "Rev.19.19", "v": 2, "ch": 19, "vs": 19 },
    { "t": "Rev.11.7-Rev.11.9", "v": 2, "ch": 11, "vs": 7, "ve": 9 }
  ],
  "Dan.7.22": [
    { "t": "Rev.20.4", "v": 4, "ch": 20, "vs": 4 },
    { "t": "Rev.5.10", "v": 4, "ch": 5, "vs": 10 },
    { "t": "Rev.11.11-Rev.11.18", "v": 3, "ch": 11, "vs": 11, "ve": 18 },
    { "t": "Rev.20.9-Rev.20.15", "v": 3, "ch": 20, "vs": 9, "ve": 15 },
    { "t": "Rev.19.11-Rev.19.21", "v": 3, "ch": 19, "vs": 11, "ve": 21 },
    { "t": "Rev.14.8-Rev.14.20", "v": 3, "ch": 14, "vs": 8, "ve": 20 },
    { "t": "Rev.1.6", "v": 2, "ch": 1, "vs": 6 },
    { "t": "Rev.3.21", "v": 2, "ch": 3, "vs": 21 }
  ],
  "Dan.7.24": [
    { "t": "Rev.13.1", "v": 3, "ch": 13, "vs": 1 },
    { "t": "Rev.17.3", "v": 2, "ch": 17, "vs": 3 },
    { "t": "Rev.17.16-Rev.17.18", "v": 2, "ch": 17, "vs": 16, "ve": 18 },
    { "t": "Rev.17.12-Rev.17.13", "v": 2, "ch": 17, "vs": 12, "ve": 13 },
    { "t": "Rev.12.3", "v": 2, "ch": 12, "vs": 3 }
  ],
  "Dan.7.25": [
    { "t": "Rev.12.14", "v": 19, "ch": 12, "vs": 14 },
    { "t": "Rev.13.5-Rev.13.11", "v": 15, "ch": 13, "vs": 5, "ve": 11 },
    { "t": "Rev.12.6", "v": 13, "ch": 12, "vs": 6 },
    { "t": "Rev.18.24", "v": 7, "ch": 18, "vs": 24 },
    { "t": "Rev.11.2-Rev.11.3", "v": 7, "ch": 11, "vs": 2, "ve": 3 },
    { "t": "Rev.13.15-Rev.13.17", "v": 5, "ch": 13, "vs": 15, "ve": 17 },
    { "t": "Rev.17.6", "v": 3, "ch": 17, "vs": 6 },
    { "t": "Rev.14.12", "v": 2, "ch": 14, "vs": 12 },
    { "t": "Rev.6.9-Rev.6.10", "v": 2, "ch": 6, "vs": 9, "ve": 10 },
    { "t": "Rev.11.7-Rev.11.10", "v": 2, "ch": 11, "vs": 7, "ve": 10 },
    { "t": "Rev.16.6", "v": 1, "ch": 16, "vs": 6 }
  ],
  "Dan.7.26": [
    { "t": "Rev.20.10-Rev.20.11", "v": 3, "ch": 20, "vs": 10, "ve": 11 },
    { "t": "Rev.11.13", "v": 2, "ch": 11, "vs": 13 }
  ],
  "Dan.7.27": [
    { "t": "Rev.11.15", "v": 15, "ch": 11, "vs": 15 },
    { "t": "Rev.19.16", "v": 7, "ch": 19, "vs": 16 },
    { "t": "Rev.17.14", "v": 6, "ch": 17, "vs": 14 },
    { "t": "Rev.22.5", "v": 5, "ch": 22, "vs": 5 },
    { "t": "Rev.5.10", "v": 10, "ch": 5, "vs": 10 }
  ],
  "Dan.8.8": [{ "t": "Rev.7.1", "v": 4, "ch": 7, "vs": 1 }],
  "Dan.8.10": [{ "t": "Rev.12.4", "v": 5, "ch": 12, "vs": 4 }],
  "Dan.8.11": [
    { "t": "Rev.13.5-Rev.13.7", "v": 5, "ch": 13, "vs": 5, "ve": 7 },
    { "t": "Rev.17.14", "v": 3, "ch": 17, "vs": 14 },
    { "t": "Rev.19.13-Rev.19.16", "v": 2, "ch": 19, "vs": 13, "ve": 16 }
  ],
  "Dan.8.12": [
    { "t": "Rev.13.11-Rev.13.17", "v": 3, "ch": 13, "vs": 11, "ve": 17 },
    { "t": "Rev.13.7", "v": 3, "ch": 13, "vs": 7 }
  ],
  "Dan.8.13": [
    { "t": "Rev.11.2", "v": 6, "ch": 11, "vs": 2 },
    { "t": "Rev.6.10", "v": 5, "ch": 6, "vs": 10 }
  ],
  "Dan.8.14": [
    { "t": "Rev.11.2-Rev.11.3", "v": 8, "ch": 11, "vs": 2, "ve": 3 },
    { "t": "Rev.12.14", "v": 4, "ch": 12, "vs": 14 },
    { "t": "Rev.11.15", "v": 2, "ch": 11, "vs": 15 },
    { "t": "Rev.13.5", "v": 1, "ch": 13, "vs": 5 }
  ],
  "Dan.8.15": [
    { "t": "Rev.1.13", "v": 3, "ch": 1, "vs": 13 },
    { "t": "Rev.13.18", "v": 2, "ch": 13, "vs": 18 }
  ],
  "Dan.8.16": [
    { "t": "Rev.22.16", "v": 3, "ch": 22, "vs": 16 },
    { "t": "Rev.1.12", "v": 1, "ch": 1, "vs": 12 }
  ],
  "Dan.8.17": [
    { "t": "Rev.1.17", "v": 4, "ch": 1, "vs": 17 },
    { "t": "Rev.22.8", "v": 3, "ch": 22, "vs": 8 },
    { "t": "Rev.19.9-Rev.19.10", "v": 2, "ch": 19, "vs": 9, "ve": 10 }
  ],
  "Dan.8.19": [
    { "t": "Rev.17.17", "v": 4, "ch": 17, "vs": 17 },
    { "t": "Rev.11.18", "v": 2, "ch": 11, "vs": 18 },
    { "t": "Rev.1.1", "v": 2, "ch": 1, "vs": 1 },
    { "t": "Rev.10.7", "v": 2, "ch": 10, "vs": 7 },
    { "t": "Rev.15.1", "v": 2, "ch": 15, "vs": 1 }
  ],
  "Dan.8.23": [
    { "t": "Rev.13.11-Rev.13.14", "v": 9, "ch": 13, "vs": 11, "ve": 14 },
    { "t": "Rev.19.20", "v": 6, "ch": 19, "vs": 20 }
  ],
  "Dan.8.24": [
    { "t": "Rev.17.17", "v": 3, "ch": 17, "vs": 17 },
    { "t": "Rev.13.3-Rev.13.10", "v": 3, "ch": 13, "vs": 3, "ve": 10 },
    { "t": "Rev.17.12-Rev.17.13", "v": 2, "ch": 17, "vs": 12, "ve": 13 },
    { "t": "Rev.17.6", "v": 2, "ch": 17, "vs": 6 },
    { "t": "Rev.19.2", "v": 2, "ch": 19, "vs": 2 },
    { "t": "Rev.16.6", "v": 1, "ch": 16, "vs": 6 }
  ],
  "Dan.8.25": [
    { "t": "Rev.17.14", "v": 4, "ch": 17, "vs": 14 },
    { "t": "Rev.19.19-Rev.19.21", "v": 3, "ch": 19, "vs": 19, "ve": 21 },
    { "t": "Rev.19.16", "v": 0, "ch": 19, "vs": 16 }
  ],
  "Dan.8.26": [
    { "t": "Rev.22.10", "v": 5, "ch": 22, "vs": 10 },
    { "t": "Rev.10.4", "v": 4, "ch": 10, "vs": 4 }
  ],
  "Dan.9.2": [{ "t": "Rev.1.3", "v": 7, "ch": 1, "vs": 3 }],
  "Dan.9.17": [{ "t": "Rev.21.23", "v": 2, "ch": 21, "vs": 23 }],
  "Dan.9.20": [
    { "t": "Rev.21.10", "v": 2, "ch": 21, "vs": 10 },
    { "t": "Rev.21.2", "v": 2, "ch": 21, "vs": 2 }
  ],
  "Dan.9.22": [{ "t": "Rev.4.1", "v": 2, "ch": 4, "vs": 1 }],
  "Dan.9.24": [
    { "t": "Rev.14.6", "v": 4, "ch": 14, "vs": 6 },
    { "t": "Rev.3.7", "v": 3, "ch": 3, "vs": 7 }
  ],
  "Dan.9.25": [
    { "t": "Rev.19.16", "v": 3, "ch": 19, "vs": 16 },
    { "t": "Rev.1.5", "v": 3, "ch": 1, "vs": 5 }
  ],
  "Dan.10.1": [{ "t": "Rev.19.9", "v": 3, "ch": 19, "vs": 9 }],
  "Dan.10.2": [{ "t": "Rev.11.5", "v": 2, "ch": 11, "vs": 5 }],
  "Dan.10.5": [
    { "t": "Rev.1.13-Rev.1.15", "v": 6, "ch": 1, "vs": 13, "ve": 15 },
    { "t": "Rev.15.6-Rev.15.7", "v": 4, "ch": 15, "vs": 6, "ve": 7 }
  ],
  "Dan.10.6": [
    { "t": "Rev.19.12", "v": 8, "ch": 19, "vs": 12 },
    { "t": "Rev.1.13-Rev.1.17", "v": 5, "ch": 1, "vs": 13, "ve": 17 },
    { "t": "Rev.10.3-Rev.10.4", "v": 5, "ch": 10, "vs": 3, "ve": 4 },
    { "t": "Rev.1.14-Rev.1.16", "v": 34, "ch": 1, "vs": 14, "ve": 16 },
    { "t": "Rev.21.20", "v": 3, "ch": 21, "vs": 20 },
    { "t": "Rev.10.1", "v": 3, "ch": 10, "vs": 1 }
  ],
  "Dan.10.8": [{ "t": "Rev.1.17", "v": 3, "ch": 1, "vs": 17 }],
  "Dan.10.10": [{ "t": "Rev.1.17", "v": 4, "ch": 1, "vs": 17 }],
  "Dan.10.12": [{ "t": "Rev.1.17", "v": 5, "ch": 1, "vs": 17 }],
  "Dan.10.13": [{ "t": "Rev.12.7", "v": 8, "ch": 12, "vs": 7 }],
  "Dan.10.16": [{ "t": "Rev.1.13", "v": 3, "ch": 1, "vs": 13 }],
  "Dan.10.19": [{ "t": "Rev.1.17", "v": 5, "ch": 1, "vs": 17 }],
  "Dan.10.21": [
    { "t": "Rev.12.7", "v": 6, "ch": 12, "vs": 7 },
    { "t": "Rev.1.1", "v": 3, "ch": 1, "vs": 1 }
  ],
  "Dan.11.2": [{ "t": "Rev.21.5", "v": 3, "ch": 21, "vs": 5 }],
  "Dan.11.14": [{ "t": "Rev.17.17", "v": 2, "ch": 17, "vs": 17 }],
  "Dan.11.22": [
    { "t": "Rev.12.15-Rev.12.16", "v": 2, "ch": 12, "vs": 15, "ve": 16 }
  ],
  "Dan.11.30": [{ "t": "Rev.12.12", "v": 2, "ch": 12, "vs": 12 }],
  "Dan.11.31": [{ "t": "Rev.17.12", "v": 2, "ch": 17, "vs": 12 }],
  "Dan.11.32": [
    { "t": "Rev.13.12-Rev.13.15", "v": 5, "ch": 13, "vs": 12, "ve": 15 },
    { "t": "Rev.7.9-Rev.7.10", "v": 3, "ch": 7, "vs": 9, "ve": 10 },
    { "t": "Rev.6.11", "v": 2, "ch": 6, "vs": 11 },
    { "t": "Rev.12.7-Rev.12.11", "v": 2, "ch": 12, "vs": 7, "ve": 11 }
  ],
  "Dan.11.33": [
    { "t": "Rev.17.6", "v": 3, "ch": 17, "vs": 6 },
    { "t": "Rev.13.7-Rev.13.10", "v": 3, "ch": 13, "vs": 7, "ve": 10 },
    { "t": "Rev.2.13", "v": 2, "ch": 2, "vs": 13 },
    { "t": "Rev.1.9", "v": 2, "ch": 1, "vs": 9 },
    { "t": "Rev.6.9", "v": 2, "ch": 6, "vs": 9 },
    { "t": "Rev.7.14", "v": 2, "ch": 7, "vs": 14 }
  ],
  "Dan.11.34": [
    { "t": "Rev.12.2-Rev.12.6", "v": 2, "ch": 12, "vs": 2, "ve": 6 },
    { "t": "Rev.12.13-Rev.13.4", "v": 2, "ch": 12, "vs": 13, "ve": 4 },
    { "t": "Rev.2.20", "v": 2, "ch": 2, "vs": 20 },
    { "t": "Rev.13.11-Rev.13.14", "v": 2, "ch": 13, "vs": 11, "ve": 14 }
  ],
  "Dan.11.35": [
    { "t": "Rev.2.10", "v": 7, "ch": 2, "vs": 10 },
    { "t": "Rev.7.14", "v": 4, "ch": 7, "vs": 14 },
    { "t": "Rev.17.17", "v": 2, "ch": 17, "vs": 17 },
    { "t": "Rev.14.15", "v": 2, "ch": 14, "vs": 15 }
  ],
  "Dan.11.36": [
    { "t": "Rev.13.5-Rev.13.6", "v": 8, "ch": 13, "vs": 5, "ve": 6 },
    { "t": "Rev.10.7", "v": 3, "ch": 10, "vs": 7 },
    { "t": "Rev.11.2-Rev.11.3", "v": 2, "ch": 11, "vs": 2, "ve": 3 },
    { "t": "Rev.17.3", "v": 2, "ch": 17, "vs": 3 },
    { "t": "Rev.17.17", "v": 2, "ch": 17, "vs": 17 },
    { "t": "Rev.12.14", "v": 2, "ch": 12, "vs": 14 }
  ],
  "Dan.11.38": [
    { "t": "Rev.17.1-Rev.17.5", "v": 2, "ch": 17, "vs": 1, "ve": 5 },
    { "t": "Rev.13.12-Rev.13.17", "v": 2, "ch": 13, "vs": 12, "ve": 17 },
    { "t": "Rev.18.12", "v": 1, "ch": 18, "vs": 12 }
  ],
  "Dan.11.39": [
    { "t": "Rev.18.9-Rev.18.13", "v": 2, "ch": 18, "vs": 9, "ve": 13 }
  ],
  "Dan.11.40": [
    { "t": "Rev.16.12", "v": 3, "ch": 16, "vs": 12 },
    { "t": "Rev.9.16", "v": 2, "ch": 9, "vs": 16 }
  ],
  "Dan.11.42": [{ "t": "Rev.11.8", "v": 2, "ch": 11, "vs": 8 }],
  "Dan.11.44": [
    { "t": "Rev.19.19-Rev.19.21", "v": 3, "ch": 19, "vs": 19, "ve": 21 },
    { "t": "Rev.17.13", "v": 2, "ch": 17, "vs": 13 },
    { "t": "Rev.16.12", "v": 2, "ch": 16, "vs": 12 }
  ],
  "Dan.11.45": [
    { "t": "Rev.14.14-Rev.14.20", "v": 2, "ch": 14, "vs": 14, "ve": 20 },
    { "t": "Rev.19.19-Rev.19.21", "v": 2, "ch": 19, "vs": 19, "ve": 21 },
    { "t": "Rev.13.10", "v": 2, "ch": 13, "vs": 10 },
    { "t": "Rev.20.9", "v": 2, "ch": 20, "vs": 9 },
    { "t": "Rev.20.2", "v": 2, "ch": 20, "vs": 2 }
  ],
  "Dan.12.1": [
    { "t": "Rev.16.17-Rev.16.21", "v": 10, "ch": 16, "vs": 17, "ve": 21 },
    { "t": "Rev.12.7", "v": 6, "ch": 12, "vs": 7 },
    { "t": "Rev.20.15", "v": 5, "ch": 20, "vs": 15 },
    { "t": "Rev.20.12", "v": 5, "ch": 20, "vs": 12 },
    { "t": "Rev.3.5", "v": 5, "ch": 3, "vs": 5 },
    { "t": "Rev.1.5", "v": 4, "ch": 1, "vs": 5 },
    { "t": "Rev.13.8", "v": 4, "ch": 13, "vs": 8 },
    { "t": "Rev.19.11-Rev.19.16", "v": 3, "ch": 19, "vs": 11, "ve": 16 },
    { "t": "Rev.17.14", "v": 3, "ch": 17, "vs": 14 }
  ],
  "Dan.12.2": [{ "t": "Rev.20.12", "v": 11, "ch": 20, "vs": 12 }],
  "Dan.12.3": [{ "t": "Rev.1.20", "v": 6, "ch": 1, "vs": 20 }],
  "Dan.12.4": [
    { "t": "Rev.22.10", "v": 10, "ch": 22, "vs": 10 },
    { "t": "Rev.10.4", "v": 8, "ch": 10, "vs": 4 },
    { "t": "Rev.14.6-Rev.14.7", "v": 4, "ch": 14, "vs": 6, "ve": 7 }
  ],
  "Dan.12.6": [
    { "t": "Rev.19.14", "v": 2, "ch": 19, "vs": 14 },
    { "t": "Rev.6.10", "v": 2, "ch": 6, "vs": 10 },
    { "t": "Rev.10.2-Rev.10.5", "v": 2, "ch": 10, "vs": 2, "ve": 5 },
    { "t": "Rev.15.6", "v": 2, "ch": 15, "vs": 6 }
  ],
  "Dan.12.7": [
    { "t": "Rev.12.14", "v": 9, "ch": 12, "vs": 14 },
    { "t": "Rev.10.5-Rev.10.7", "v": 7, "ch": 10, "vs": 5, "ve": 7 },
    { "t": "Rev.13.5", "v": 5, "ch": 13, "vs": 5 },
    { "t": "Rev.12.6", "v": 4, "ch": 12, "vs": 6 },
    { "t": "Rev.11.2-Rev.11.3", "v": 4, "ch": 11, "vs": 2, "ve": 3 },
    { "t": "Rev.11.7-Rev.11.15", "v": 3, "ch": 11, "vs": 7, "ve": 15 }
  ],
  "Dan.12.9": [{ "t": "Rev.10.4", "v": 3, "ch": 10, "vs": 4 }],
  "Dan.12.10": [
    { "t": "Rev.22.11", "v": 12, "ch": 22, "vs": 11 },
    { "t": "Rev.9.20-Rev.9.21", "v": 7, "ch": 9, "vs": 20, "ve": 21 },
    { "t": "Rev.7.14", "v": 6, "ch": 7, "vs": 14 },
    { "t": "Rev.3.18", "v": 3, "ch": 3, "vs": 18 },
    { "t": "Rev.16.11", "v": 2, "ch": 16, "vs": 11 },
    { "t": "Rev.7.13-Rev.7.14", "v": 2, "ch": 7, "vs": 13, "ve": 14 },
    { "t": "Rev.19.14", "v": 2, "ch": 19, "vs": 14 },
    { "t": "Rev.19.8", "v": 2, "ch": 19, "vs": 8 }
  ],
  "Dan.12.11": [
    { "t": "Rev.11.2-Rev.11.3", "v": 6, "ch": 11, "vs": 2, "ve": 3 },
    { "t": "Rev.13.5", "v": 5, "ch": 13, "vs": 5 },
    { "t": "Rev.12.6", "v": 4, "ch": 12, "vs": 6 }
  ],
  "Dan.12.12": [{ "t": "Rev.20.4", "v": 2, "ch": 20, "vs": 4 }],
  "Dan.12.13": [{ "t": "Rev.14.13", "v": 9, "ch": 14, "vs": 13 }]
}
