{
  "Hos.1.2": [
    { "t": "Rev.17.1-Rev.17.2", "v": 5, "ch": 17, "vs": 1, "ve": 2 },
    { "t": "Rev.17.5", "v": 4, "ch": 17, "vs": 5 }
  ],
  "Hos.2.3": [{ "t": "Rev.17.16", "v": 2, "ch": 17, "vs": 16 }],
  "Hos.2.5": [
    { "t": "Rev.17.1-Rev.17.5", "v": 2, "ch": 17, "vs": 1, "ve": 5 },
    { "t": "Rev.2.20-Rev.2.23", "v": 2, "ch": 2, "vs": 20, "ve": 23 }
  ],
  "Hos.2.11": [
    { "t": "Rev.18.22-Rev.18.23", "v": 2, "ch": 18, "vs": 22, "ve": 23 }
  ],
  "Hos.2.14": [
    { "t": "Rev.12.6", "v": 6, "ch": 12, "vs": 6 },
    { "t": "Rev.12.14", "v": 3, "ch": 12, "vs": 14 }
  ],
  "Hos.2.16": [{ "t": "Rev.19.7", "v": 3, "ch": 19, "vs": 7 }],
  "Hos.2.19": [
    { "t": "Rev.21.2", "v": 9, "ch": 21, "vs": 2 },
    { "t": "Rev.19.7-Rev.19.9", "v": 6, "ch": 19, "vs": 7, "ve": 9 },
    { "t": "Rev.21.9-Rev.21.10", "v": 4, "ch": 21, "vs": 9, "ve": 10 }
  ],
  "Hos.2.23": [
    { "t": "Rev.21.3-Rev.21.4", "v": 19, "ch": 21, "vs": 3, "ve": 4 }
  ],
  "Hos.4.1": [
    { "t": "Rev.2.11", "v": 2, "ch": 2, "vs": 11 },
    { "t": "Rev.2.29", "v": 2, "ch": 2, "vs": 29 }
  ],
  "Hos.4.2": [{ "t": "Rev.17.6", "v": 2, "ch": 17, "vs": 6 }],
  "Hos.4.17": [{ "t": "Rev.22.11", "v": 2, "ch": 22, "vs": 11 }],
  "Hos.5.2": [{ "t": "Rev.3.19", "v": 2, "ch": 3, "vs": 19 }],
  "Hos.5.3": [{ "t": "Rev.3.15", "v": 2, "ch": 3, "vs": 15 }],
  "Hos.6.3": [{ "t": "Rev.22.16", "v": 9, "ch": 22, "vs": 16 }],
  "Hos.6.5": [
    { "t": "Rev.1.16", "v": 2, "ch": 1, "vs": 16 },
    { "t": "Rev.9.21", "v": 2, "ch": 9, "vs": 21 },
    { "t": "Rev.9.15", "v": 2, "ch": 9, "vs": 15 },
    { "t": "Rev.2.16", "v": 2, "ch": 2, "vs": 16 }
  ],
  "Hos.6.11": [{ "t": "Rev.14.15", "v": 3, "ch": 14, "vs": 15 }],
  "Hos.7.8": [
    { "t": "Rev.3.15-Rev.3.16", "v": 2, "ch": 3, "vs": 15, "ve": 16 }
  ],
  "Hos.7.12": [{ "t": "Rev.3.19", "v": 2, "ch": 3, "vs": 19 }],
  "Hos.7.13": [{ "t": "Rev.8.13", "v": 2, "ch": 8, "vs": 13 }],
  "Hos.7.15": [{ "t": "Rev.3.19", "v": 3, "ch": 3, "vs": 19 }],
  "Hos.7.16": [{ "t": "Rev.13.5", "v": 2, "ch": 13, "vs": 5 }],
  "Hos.8.13": [{ "t": "Rev.16.19", "v": 2, "ch": 16, "vs": 19 }],
  "Hos.9.7": [{ "t": "Rev.16.19", "v": 1, "ch": 16, "vs": 19 }],
  "Hos.10.2": [
    { "t": "Rev.3.15-Rev.3.16", "v": 3, "ch": 3, "vs": 15, "ve": 16 }
  ],
  "Hos.10.4": [
    { "t": "Rev.8.10-Rev.8.11", "v": 2, "ch": 8, "vs": 10, "ve": 11 }
  ],
  "Hos.10.5": [
    { "t": "Rev.18.11-Rev.18.19", "v": 3, "ch": 18, "vs": 11, "ve": 19 }
  ],
  "Hos.10.8": [
    { "t": "Rev.6.16", "v": 10, "ch": 6, "vs": 16 },
    { "t": "Rev.9.6", "v": 2, "ch": 9, "vs": 6 }
  ],
  "Hos.11.8": [
    { "t": "Rev.11.8", "v": 2, "ch": 11, "vs": 8 },
    { "t": "Rev.18.18", "v": 2, "ch": 18, "vs": 18 }
  ],
  "Hos.11.12": [
    { "t": "Rev.3.21", "v": 3, "ch": 3, "vs": 21 },
    { "t": "Rev.5.10", "v": 2, "ch": 5, "vs": 10 },
    { "t": "Rev.1.6", "v": 2, "ch": 1, "vs": 6 }
  ],
  "Hos.12.8": [{ "t": "Rev.3.17", "v": 9, "ch": 3, "vs": 17 }],
  "Hos.13.14": [
    { "t": "Rev.21.4", "v": 9, "ch": 21, "vs": 4 },
    { "t": "Rev.20.13", "v": 4, "ch": 20, "vs": 13 }
  ]
}
