{
  "Joel.1.2": [{ "t": "Rev.2.7", "v": 1, "ch": 2, "vs": 7 }],
  "Joel.1.4": [{ "t": "Rev.9.3-Rev.9.7", "v": 3, "ch": 9, "vs": 3, "ve": 7 }],
  "Joel.1.6": [{ "t": "Rev.9.7-Rev.9.10", "v": 2, "ch": 9, "vs": 7, "ve": 10 }],
  "Joel.1.15": [{ "t": "Rev.6.17", "v": 3, "ch": 6, "vs": 17 }],
  "Joel.2.4": [{ "t": "Rev.9.7", "v": 8, "ch": 9, "vs": 7 }],
  "Joel.2.5": [{ "t": "Rev.9.9", "v": 6, "ch": 9, "vs": 9 }],
  "Joel.2.10": [
    { "t": "Rev.6.12", "v": 3, "ch": 6, "vs": 12 },
    { "t": "Rev.8.12", "v": 1, "ch": 8, "vs": 12 },
    { "t": "Rev.20.11", "v": -2, "ch": 20, "vs": 11 }
  ],
  "Joel.2.11": [
    { "t": "Rev.18.8", "v": 5, "ch": 18, "vs": 8 },
    { "t": "Rev.6.17", "v": 5, "ch": 6, "vs": 17 }
  ],
  "Joel.2.27": [{ "t": "Rev.21.3", "v": 4, "ch": 21, "vs": 3 }],
  "Joel.2.30": [
    { "t": "Rev.6.12-Rev.6.17", "v": 3, "ch": 6, "vs": 12, "ve": 17 },
    { "t": "Rev.18.9", "v": 2, "ch": 18, "vs": 9 },
    { "t": "Rev.18.18", "v": 1, "ch": 18, "vs": 18 }
  ],
  "Joel.2.31": [
    { "t": "Rev.6.12-Rev.6.13", "v": 11, "ch": 6, "vs": 12, "ve": 13 }
  ],
  "Joel.3.2": [
    { "t": "Rev.16.16", "v": 3, "ch": 16, "vs": 16 },
    { "t": "Rev.20.8", "v": 2, "ch": 20, "vs": 8 },
    { "t": "Rev.16.14", "v": 2, "ch": 16, "vs": 14 },
    { "t": "Rev.16.6", "v": 2, "ch": 16, "vs": 6 },
    { "t": "Rev.18.20-Rev.18.21", "v": 2, "ch": 18, "vs": 20, "ve": 21 },
    { "t": "Rev.19.19-Rev.19.21", "v": 1, "ch": 19, "vs": 19, "ve": 21 },
    { "t": "Rev.11.18", "v": 1, "ch": 11, "vs": 18 }
  ],
  "Joel.3.3": [{ "t": "Rev.18.13", "v": 3, "ch": 18, "vs": 13 }],
  "Joel.3.7": [
    { "t": "Rev.13.10", "v": 2, "ch": 13, "vs": 10 },
    { "t": "Rev.19.2", "v": 2, "ch": 19, "vs": 2 },
    { "t": "Rev.16.6", "v": 2, "ch": 16, "vs": 6 }
  ],
  "Joel.3.11": [
    { "t": "Rev.19.19-Rev.19.20", "v": 2, "ch": 19, "vs": 19, "ve": 20 },
    { "t": "Rev.20.8-Rev.20.9", "v": 2, "ch": 20, "vs": 8, "ve": 9 },
    { "t": "Rev.19.14", "v": 2, "ch": 19, "vs": 14 },
    { "t": "Rev.16.14-Rev.16.16", "v": 2, "ch": 16, "vs": 14, "ve": 16 }
  ],
  "Joel.3.12": [{ "t": "Rev.19.11", "v": 2, "ch": 19, "vs": 11 }],
  "Joel.3.13": [
    { "t": "Rev.14.15-Rev.14.20", "v": 8, "ch": 14, "vs": 15, "ve": 20 }
  ],
  "Joel.3.14": [
    { "t": "Rev.16.14-Rev.16.16", "v": 3, "ch": 16, "vs": 14, "ve": 16 },
    { "t": "Rev.19.19-Rev.19.21", "v": 3, "ch": 19, "vs": 19, "ve": 21 }
  ],
  "Joel.3.15": [
    { "t": "Rev.6.12-Rev.6.13", "v": 2, "ch": 6, "vs": 12, "ve": 13 }
  ],
  "Joel.3.16": [
    { "t": "Rev.16.18", "v": 5, "ch": 16, "vs": 18 },
    { "t": "Rev.11.13", "v": 3, "ch": 11, "vs": 13 },
    { "t": "Rev.11.19", "v": 3, "ch": 11, "vs": 19 }
  ],
  "Joel.3.17": [{ "t": "Rev.21.27", "v": 5, "ch": 21, "vs": 27 }],
  "Joel.3.18": [
    { "t": "Rev.22.1-Rev.22.2", "v": 6, "ch": 22, "vs": 1, "ve": 2 }
  ],
  "Joel.3.21": [{ "t": "Rev.21.3", "v": 6, "ch": 21, "vs": 3 }]
}
