{
  "Lev.2.1": [
    { "target": "Rev.8.3", "votes": 4, "book": "Rev", "ch": 8, "v": 3 }
  ],
  "Lev.2.14": [
    { "target": "Rev.14.4", "votes": 3, "book": "Rev", "ch": 14, "v": 4 }
  ],
  "Lev.4.32": [
    { "target": "Rev.5.6", "votes": 2, "book": "Rev", "ch": 5, "v": 6 },
    {
      "target": "Rev.5.8-Rev.5.9",
      "votes": 2,
      "book": "Rev",
      "ch": 5,
      "v": 8,
      "v_end": 9
    }
  ],
  "Lev.8.13": [
    { "target": "Rev.5.10", "votes": 2, "book": "Rev", "ch": 5, "v": 10 },
    { "target": "Rev.1.6", "votes": 2, "book": "Rev", "ch": 1, "v": 6 }
  ],
  "Lev.9.24": [
    { "target": "Rev.7.11", "votes": 3, "book": "Rev", "ch": 7, "v": 11 },
    { "target": "Rev.4.9", "votes": 3, "book": "Rev", "ch": 4, "v": 9 },
    { "target": "Rev.5.8", "votes": 3, "book": "Rev", "ch": 5, "v": 8 }
  ],
  "Lev.11.44": [
    { "target": "Rev.22.11", "votes": 5, "book": "Rev", "ch": 22, "v": 11 }
  ],
  "Lev.13.46": [
    { "target": "Rev.22.15", "votes": 2, "book": "Rev", "ch": 22, "v": 15 },
    { "target": "Rev.21.27", "votes": 2, "book": "Rev", "ch": 21, "v": 27 }
  ],
  "Lev.13.57": [
    { "target": "Rev.21.8", "votes": 2, "book": "Rev", "ch": 21, "v": 8 },
    { "target": "Rev.21.27", "votes": 2, "book": "Rev", "ch": 21, "v": 27 }
  ],
  "Lev.14.40": [
    { "target": "Rev.2.6", "votes": 2, "book": "Rev", "ch": 2, "v": 6 },
    { "target": "Rev.22.15", "votes": 2, "book": "Rev", "ch": 22, "v": 15 },
    { "target": "Rev.2.20", "votes": 2, "book": "Rev", "ch": 2, "v": 20 },
    {
      "target": "Rev.2.14-Rev.2.16",
      "votes": 2,
      "book": "Rev",
      "ch": 2,
      "v": 14,
      "v_end": 16
    },
    { "target": "Rev.2.2", "votes": 2, "book": "Rev", "ch": 2, "v": 2 }
  ],
  "Lev.16.12": [
    {
      "target": "Rev.8.3-Rev.8.4",
      "votes": 6,
      "book": "Rev",
      "ch": 8,
      "v": 3,
      "v_end": 4
    }
  ],
  "Lev.17.7": [
    {
      "target": "Rev.17.1-Rev.17.5",
      "votes": 3,
      "book": "Rev",
      "ch": 17,
      "v": 1,
      "v_end": 5
    },
    { "target": "Rev.9.20", "votes": 3, "book": "Rev", "ch": 9, "v": 20 }
  ],
  "Lev.17.11": [
    { "target": "Rev.1.5", "votes": 24, "book": "Rev", "ch": 1, "v": 5 }
  ],
  "Lev.19.28": [
    { "target": "Rev.20.4", "votes": 5, "book": "Rev", "ch": 20, "v": 4 },
    {
      "target": "Rev.13.16-Rev.13.17",
      "votes": 4,
      "book": "Rev",
      "ch": 13,
      "v": 16,
      "v_end": 17
    },
    { "target": "Rev.16.2", "votes": 2, "book": "Rev", "ch": 16, "v": 2 },
    { "target": "Rev.14.11", "votes": 2, "book": "Rev", "ch": 14, "v": 11 },
    { "target": "Rev.15.2", "votes": 2, "book": "Rev", "ch": 15, "v": 2 },
    { "target": "Rev.14.9", "votes": 2, "book": "Rev", "ch": 14, "v": 9 },
    { "target": "Rev.19.20", "votes": 2, "book": "Rev", "ch": 19, "v": 20 }
  ],
  "Lev.19.31": [
    { "target": "Rev.21.8", "votes": 6, "book": "Rev", "ch": 21, "v": 8 }
  ],
  "Lev.20.26": [
    { "target": "Rev.4.8", "votes": 3, "book": "Rev", "ch": 4, "v": 8 },
    { "target": "Rev.3.7", "votes": 3, "book": "Rev", "ch": 3, "v": 7 }
  ],
  "Lev.24.11": [
    { "target": "Rev.16.21", "votes": 2, "book": "Rev", "ch": 16, "v": 21 },
    { "target": "Rev.16.11", "votes": 2, "book": "Rev", "ch": 16, "v": 11 }
  ],
  "Lev.26.1": [
    {
      "target": "Rev.13.14-Rev.13.15",
      "votes": 4,
      "book": "Rev",
      "ch": 13,
      "v": 14,
      "v_end": 15
    },
    { "target": "Rev.22.15", "votes": 2, "book": "Rev", "ch": 22, "v": 15 }
  ],
  "Lev.26.11": [
    { "target": "Rev.21.3", "votes": 7, "book": "Rev", "ch": 21, "v": 3 }
  ],
  "Lev.26.12": [
    { "target": "Rev.21.7", "votes": 7, "book": "Rev", "ch": 21, "v": 7 },
    { "target": "Rev.2.1", "votes": 0, "book": "Rev", "ch": 2, "v": 1 }
  ]
}
