{
  "Amos.3.1": [{ "t": "Rev.2.29", "v": 1, "ch": 2, "vs": 29 }],
  "Amos.3.7": [
    { "t": "Rev.1.1", "v": 35, "ch": 1, "vs": 1 },
    { "t": "Rev.4.1", "v": 23, "ch": 4, "vs": 1 },
    { "t": "Rev.1.19", "v": 21, "ch": 1, "vs": 19 },
    { "t": "Rev.6.1-Rev.6.17", "v": 8, "ch": 6, "vs": 1, "ve": 17 }
  ],
  "Amos.3.8": [{ "t": "Rev.5.5", "v": 3, "ch": 5, "vs": 5 }],
  "Amos.4.6": [
    { "t": "Rev.16.10-Rev.16.11", "v": 4, "ch": 16, "vs": 10, "ve": 11 },
    { "t": "Rev.2.21", "v": 3, "ch": 2, "vs": 21 },
    { "t": "Rev.9.20-Rev.9.21", "v": 2, "ch": 9, "vs": 20, "ve": 21 }
  ],
  "Amos.4.7": [{ "t": "Rev.11.6", "v": 2, "ch": 11, "vs": 6 }],
  "Amos.4.11": [{ "t": "Rev.9.20", "v": 3, "ch": 9, "vs": 20 }],
  "Amos.4.12": [{ "t": "Rev.3.3", "v": 3, "ch": 3, "vs": 3 }],
  "Amos.5.5": [{ "t": "Rev.18.17", "v": 2, "ch": 18, "vs": 17 }],
  "Amos.5.10": [{ "t": "Rev.11.10", "v": 3, "ch": 11, "vs": 10 }],
  "Amos.5.11": [
    { "t": "Rev.11.8-Rev.11.10", "v": 4, "ch": 11, "vs": 8, "ve": 10 }
  ],
  "Amos.5.16": [
    { "t": "Rev.18.19", "v": 2, "ch": 18, "vs": 19 },
    { "t": "Rev.18.15-Rev.18.16", "v": 2, "ch": 18, "vs": 15, "ve": 16 },
    { "t": "Rev.18.10", "v": 2, "ch": 18, "vs": 10 }
  ],
  "Amos.5.20": [{ "t": "Rev.16.10", "v": 2, "ch": 16, "vs": 10 }],
  "Amos.6.3": [{ "t": "Rev.18.17", "v": 2, "ch": 18, "vs": 17 }],
  "Amos.6.5": [{ "t": "Rev.18.22", "v": 2, "ch": 18, "vs": 22 }],
  "Amos.6.13": [{ "t": "Rev.11.10", "v": 2, "ch": 11, "vs": 10 }],
  "Amos.7.2": [{ "t": "Rev.9.4", "v": 2, "ch": 9, "vs": 4 }],
  "Amos.7.4": [{ "t": "Rev.4.1", "v": 2, "ch": 4, "vs": 1 }],
  "Amos.7.7": [
    { "t": "Rev.21.15", "v": 3, "ch": 21, "vs": 15 },
    { "t": "Rev.11.1", "v": 2, "ch": 11, "vs": 1 }
  ],
  "Amos.8.9": [
    { "t": "Rev.6.12", "v": 3, "ch": 6, "vs": 12 },
    { "t": "Rev.8.12", "v": 3, "ch": 8, "vs": 12 }
  ],
  "Amos.9.1": [{ "t": "Rev.1.17", "v": 3, "ch": 1, "vs": 17 }],
  "Amos.9.5": [{ "t": "Rev.20.11", "v": 3, "ch": 20, "vs": 11 }]
}
