{
  "Obad.1.3": [
    { "t": "Rev.18.7-Rev.18.8", "v": 2, "ch": 18, "vs": 7, "ve": 8 }
  ],
  "Obad.1.5": [{ "t": "Rev.18.10", "v": 1, "ch": 18, "vs": 10 }],
  "Obad.1.7": [
    { "t": "Rev.17.12-Rev.17.17", "v": 2, "ch": 17, "vs": 12, "ve": 17 }
  ],
  "Obad.1.12": [{ "t": "Rev.13.5", "v": 2, "ch": 13, "vs": 5 }],
  "Obad.1.17": [{ "t": "Rev.21.27", "v": 11, "ch": 21, "vs": 27 }],
  "Obad.1.21": [
    { "t": "Rev.11.15", "v": 6, "ch": 11, "vs": 15 },
    { "t": "Rev.19.6", "v": 2, "ch": 19, "vs": 6 },
    { "t": "Rev.20.4", "v": 2, "ch": 20, "vs": 4 },
    { "t": "Rev.19.11-Rev.19.13", "v": 2, "ch": 19, "vs": 11, "ve": 13 }
  ]
}
