{
  "Mic.1.2": [
    { "t": "Rev.3.13", "v": 3, "ch": 3, "vs": 13 },
    { "t": "Rev.3.22", "v": 3, "ch": 3, "vs": 22 },
    { "t": "Rev.2.7", "v": 3, "ch": 2, "vs": 7 },
    { "t": "Rev.2.11", "v": 2, "ch": 2, "vs": 11 },
    { "t": "Rev.3.6", "v": 2, "ch": 3, "vs": 6 },
    { "t": "Rev.2.29", "v": 2, "ch": 2, "vs": 29 },
    { "t": "Rev.2.17", "v": 2, "ch": 2, "vs": 17 }
  ],
  "Mic.1.4": [{ "t": "Rev.20.11", "v": 2, "ch": 20, "vs": 11 }],
  "Mic.1.7": [
    { "t": "Rev.18.3", "v": 3, "ch": 18, "vs": 3 },
    { "t": "Rev.18.9", "v": 2, "ch": 18, "vs": 9 },
    { "t": "Rev.18.12-Rev.18.13", "v": 2, "ch": 18, "vs": 12, "ve": 13 }
  ],
  "Mic.1.13": [
    { "t": "Rev.18.1-Rev.18.5", "v": 2, "ch": 18, "vs": 1, "ve": 5 },
    { "t": "Rev.2.20", "v": 2, "ch": 2, "vs": 20 },
    { "t": "Rev.2.14", "v": 2, "ch": 2, "vs": 14 }
  ],
  "Mic.2.11": [
    { "t": "Rev.16.13-Rev.16.14", "v": 3, "ch": 16, "vs": 13, "ve": 14 }
  ],
  "Mic.2.13": [
    { "t": "Rev.17.14", "v": 7, "ch": 17, "vs": 14 },
    { "t": "Rev.7.17", "v": 6, "ch": 7, "vs": 17 },
    { "t": "Rev.19.13-Rev.19.17", "v": 2, "ch": 19, "vs": 13, "ve": 17 }
  ],
  "Mic.4.1": [
    { "t": "Rev.21.1-Rev.21.8", "v": 6, "ch": 21, "vs": 1, "ve": 8 },
    { "t": "Rev.11.15", "v": 4, "ch": 11, "vs": 15 },
    { "t": "Rev.20.4", "v": 4, "ch": 20, "vs": 4 },
    { "t": "Rev.15.4", "v": 3, "ch": 15, "vs": 4 }
  ],
  "Mic.4.3": [
    { "t": "Rev.20.8-Rev.20.9", "v": 2, "ch": 20, "vs": 8, "ve": 9 },
    { "t": "Rev.19.11", "v": 2, "ch": 19, "vs": 11 },
    { "t": "Rev.19.17-Rev.19.21", "v": 2, "ch": 19, "vs": 17, "ve": 21 }
  ],
  "Mic.4.7": [{ "t": "Rev.11.15", "v": 3, "ch": 11, "vs": 15 }],
  "Mic.4.8": [{ "t": "Rev.22.5", "v": 4, "ch": 22, "vs": 5 }],
  "Mic.4.10": [{ "t": "Rev.12.14", "v": 4, "ch": 12, "vs": 14 }],
  "Mic.4.12": [
    { "t": "Rev.14.14-Rev.14.20", "v": 1, "ch": 14, "vs": 14, "ve": 20 }
  ],
  "Mic.4.13": [
    { "t": "Rev.21.24-Rev.21.26", "v": 4, "ch": 21, "vs": 24, "ve": 26 },
    { "t": "Rev.2.26-Rev.2.27", "v": 4, "ch": 2, "vs": 26, "ve": 27 }
  ],
  "Mic.5.2": [
    { "t": "Rev.19.16", "v": 8, "ch": 19, "vs": 16 },
    { "t": "Rev.1.11-Rev.1.18", "v": 5, "ch": 1, "vs": 11, "ve": 18 },
    { "t": "Rev.21.6", "v": 3, "ch": 21, "vs": 6 },
    { "t": "Rev.2.8", "v": 3, "ch": 2, "vs": 8 }
  ],
  "Mic.5.3": [{ "t": "Rev.12.1-Rev.12.2", "v": 8, "ch": 12, "vs": 1, "ve": 2 }],
  "Mic.5.4": [
    { "t": "Rev.11.15", "v": 3, "ch": 11, "vs": 15 },
    { "t": "Rev.1.13-Rev.1.18", "v": 2, "ch": 1, "vs": 13, "ve": 18 }
  ],
  "Mic.5.5": [
    { "t": "Rev.19.14", "v": 2, "ch": 19, "vs": 14 },
    { "t": "Rev.17.14", "v": 2, "ch": 17, "vs": 14 }
  ],
  "Mic.5.9": [
    { "t": "Rev.19.13-Rev.19.21", "v": 1, "ch": 19, "vs": 13, "ve": 21 },
    { "t": "Rev.20.8-Rev.20.9", "v": 1, "ch": 20, "vs": 8, "ve": 9 }
  ],
  "Mic.5.12": [
    { "t": "Rev.22.15", "v": 5, "ch": 22, "vs": 15 },
    { "t": "Rev.19.20", "v": 4, "ch": 19, "vs": 20 }
  ],
  "Mic.6.5": [{ "t": "Rev.2.14", "v": 3, "ch": 2, "vs": 14 }],
  "Mic.6.9": [{ "t": "Rev.3.19", "v": 3, "ch": 3, "vs": 19 }],
  "Mic.6.16": [{ "t": "Rev.2.20", "v": 2, "ch": 2, "vs": 20 }],
  "Mic.7.8": [
    { "t": "Rev.22.5", "v": 6, "ch": 22, "vs": 5 },
    { "t": "Rev.21.23", "v": 2, "ch": 21, "vs": 23 },
    { "t": "Rev.11.10-Rev.11.12", "v": 2, "ch": 11, "vs": 10, "ve": 12 }
  ],
  "Mic.7.9": [
    { "t": "Rev.6.10-Rev.6.11", "v": 2, "ch": 6, "vs": 10, "ve": 11 },
    { "t": "Rev.18.20", "v": 2, "ch": 18, "vs": 20 }
  ],
  "Mic.7.10": [
    { "t": "Rev.18.20", "v": 4, "ch": 18, "vs": 20 },
    { "t": "Rev.17.1-Rev.17.7", "v": 2, "ch": 17, "vs": 1, "ve": 7 }
  ],
  "Mic.7.16": [{ "t": "Rev.11.18", "v": 2, "ch": 11, "vs": 18 }],
  "Mic.7.17": [
    { "t": "Rev.6.15-Rev.6.17", "v": 2, "ch": 6, "vs": 15, "ve": 17 },
    { "t": "Rev.3.9", "v": 2, "ch": 3, "vs": 9 },
    { "t": "Rev.18.9-Rev.18.10", "v": 1, "ch": 18, "vs": 9, "ve": 10 }
  ]
}
