{
  "Nah.1.3": [{ "t": "Rev.1.7", "v": 3, "ch": 1, "vs": 7 }],
  "Nah.1.5": [{ "t": "Rev.20.11", "v": 2, "ch": 20, "vs": 11 }],
  "Nah.1.6": [
    { "t": "Rev.16.8", "v": 1, "ch": 16, "vs": 8 },
    { "t": "Rev.6.17", "v": 1, "ch": 6, "vs": 17 },
    { "t": "Rev.16.1", "v": 1, "ch": 16, "vs": 1 }
  ],
  "Nah.1.12": [{ "t": "Rev.7.16", "v": 3, "ch": 7, "vs": 16 }],
  "Nah.2.3": [
    { "t": "Rev.12.3", "v": 2, "ch": 12, "vs": 3 },
    { "t": "Rev.6.4", "v": 2, "ch": 6, "vs": 4 }
  ],
  "Nah.2.8": [
    { "t": "Rev.17.1", "v": 2, "ch": 17, "vs": 1 },
    { "t": "Rev.17.15", "v": 2, "ch": 17, "vs": 15 }
  ],
  "Nah.2.10": [
    { "t": "Rev.18.21-Rev.18.23", "v": 2, "ch": 18, "vs": 21, "ve": 23 }
  ],
  "Nah.3.4": [
    { "t": "Rev.18.2-Rev.18.3", "v": 3, "ch": 18, "vs": 2, "ve": 3 },
    { "t": "Rev.17.1-Rev.17.5", "v": 3, "ch": 17, "vs": 1, "ve": 5 },
    { "t": "Rev.18.9", "v": 2, "ch": 18, "vs": 9 },
    { "t": "Rev.18.23", "v": 2, "ch": 18, "vs": 23 }
  ],
  "Nah.3.7": [
    { "t": "Rev.18.10", "v": 4, "ch": 18, "vs": 10 },
    { "t": "Rev.18.16-Rev.18.19", "v": 1, "ch": 18, "vs": 16, "ve": 19 }
  ],
  "Nah.3.11": [
    { "t": "Rev.6.15-Rev.6.17", "v": 3, "ch": 6, "vs": 15, "ve": 17 }
  ],
  "Nah.3.12": [{ "t": "Rev.6.13", "v": 4, "ch": 6, "vs": 13 }],
  "Nah.3.17": [{ "t": "Rev.9.7", "v": 3, "ch": 9, "vs": 7 }],
  "Nah.3.18": [{ "t": "Rev.6.15", "v": 2, "ch": 6, "vs": 15 }],
  "Nah.3.19": [
    { "t": "Rev.18.20", "v": 2, "ch": 18, "vs": 20 },
    { "t": "Rev.13.7", "v": 2, "ch": 13, "vs": 7 },
    { "t": "Rev.17.2", "v": 2, "ch": 17, "vs": 2 },
    { "t": "Rev.18.2-Rev.18.3", "v": 2, "ch": 18, "vs": 2, "ve": 3 }
  ]
}
