{
  "Hab.1.2": [{ "t": "Rev.6.10", "v": 3, "ch": 6, "vs": 10 }],
  "Hab.1.12": [
    { "t": "Rev.1.8", "v": 2, "ch": 1, "vs": 8 },
    { "t": "Rev.1.11", "v": 1, "ch": 1, "vs": 11 }
  ],
  "Hab.1.15": [{ "t": "Rev.11.10", "v": 2, "ch": 11, "vs": 10 }],
  "Hab.2.2": [
    { "t": "Rev.14.13", "v": 10, "ch": 14, "vs": 13 },
    { "t": "Rev.1.18-Rev.1.19", "v": 8, "ch": 1, "vs": 18, "ve": 19 },
    { "t": "Rev.21.5-Rev.21.8", "v": 7, "ch": 21, "vs": 5, "ve": 8 },
    { "t": "Rev.19.9", "v": 3, "ch": 19, "vs": 9 }
  ],
  "Hab.2.8": [
    { "t": "Rev.6.10", "v": 2, "ch": 6, "vs": 10 },
    { "t": "Rev.18.20-Rev.18.24", "v": 2, "ch": 18, "vs": 20, "ve": 24 }
  ],
  "Hab.2.11": [{ "t": "Rev.6.10", "v": 4, "ch": 6, "vs": 10 }],
  "Hab.2.12": [{ "t": "Rev.17.6", "v": 4, "ch": 17, "vs": 6 }],
  "Hab.2.14": [
    { "t": "Rev.11.15", "v": 14, "ch": 11, "vs": 15 },
    { "t": "Rev.15.4", "v": 13, "ch": 15, "vs": 4 }
  ],
  "Hab.2.15": [
    { "t": "Rev.18.3", "v": 4, "ch": 18, "vs": 3 },
    { "t": "Rev.17.6", "v": 4, "ch": 17, "vs": 6 },
    { "t": "Rev.17.2", "v": 4, "ch": 17, "vs": 2 }
  ],
  "Hab.2.16": [{ "t": "Rev.18.6", "v": 3, "ch": 18, "vs": 6 }],
  "Hab.2.17": [
    { "t": "Rev.18.20-Rev.18.24", "v": 3, "ch": 18, "vs": 20, "ve": 24 }
  ],
  "Hab.2.18": [
    { "t": "Rev.13.11-Rev.13.15", "v": 3, "ch": 13, "vs": 11, "ve": 15 },
    { "t": "Rev.19.20", "v": 3, "ch": 19, "vs": 20 }
  ],
  "Hab.2.19": [{ "t": "Rev.17.4", "v": 3, "ch": 17, "vs": 4 }],
  "Hab.3.2": [{ "t": "Rev.15.4", "v": 4, "ch": 15, "vs": 4 }],
  "Hab.3.3": [
    { "t": "Rev.5.13-Rev.5.14", "v": 4, "ch": 5, "vs": 13, "ve": 14 }
  ],
  "Hab.3.4": [
    { "t": "Rev.22.5", "v": 2, "ch": 22, "vs": 5 },
    { "t": "Rev.21.23", "v": 0, "ch": 21, "vs": 23 }
  ],
  "Hab.3.8": [
    { "t": "Rev.16.12", "v": 2, "ch": 16, "vs": 12 },
    { "t": "Rev.19.14", "v": 2, "ch": 19, "vs": 14 },
    { "t": "Rev.19.11", "v": 2, "ch": 19, "vs": 11 },
    { "t": "Rev.6.2", "v": 2, "ch": 6, "vs": 2 }
  ],
  "Hab.3.10": [
    { "t": "Rev.20.11", "v": 2, "ch": 20, "vs": 11 },
    { "t": "Rev.16.12", "v": 2, "ch": 16, "vs": 12 },
    { "t": "Rev.6.14", "v": 2, "ch": 6, "vs": 14 }
  ]
}
