{
  "Zeph.1.3": [{ "t": "Rev.2.14", "v": 2, "ch": 2, "vs": 14 }],
  "Zeph.1.7": [
    { "t": "Rev.19.17-Rev.19.18", "v": 3, "ch": 19, "vs": 17, "ve": 18 }
  ],
  "Zeph.1.11": [
    { "t": "Rev.18.11-Rev.18.18", "v": 2, "ch": 18, "vs": 11, "ve": 18 }
  ],
  "Zeph.1.12": [{ "t": "Rev.2.23", "v": 2, "ch": 2, "vs": 23 }],
  "Zeph.1.14": [
    { "t": "Rev.6.15-Rev.6.17", "v": 3, "ch": 6, "vs": 15, "ve": 17 }
  ],
  "Zeph.1.15": [{ "t": "Rev.6.17", "v": 3, "ch": 6, "vs": 17 }],
  "Zeph.1.17": [{ "t": "Rev.3.17", "v": 3, "ch": 3, "vs": 17 }],
  "Zeph.2.11": [{ "t": "Rev.11.15", "v": 2, "ch": 11, "vs": 15 }],
  "Zeph.2.14": [{ "t": "Rev.18.2", "v": 2, "ch": 18, "vs": 2 }],
  "Zeph.2.15": [
    { "t": "Rev.18.7-Rev.18.19", "v": 2, "ch": 18, "vs": 7, "ve": 19 }
  ],
  "Zeph.3.4": [{ "t": "Rev.19.20", "v": 2, "ch": 19, "vs": 20 }],
  "Zeph.3.8": [
    { "t": "Rev.16.14", "v": 3, "ch": 16, "vs": 14 },
    { "t": "Rev.19.17-Rev.19.19", "v": 2, "ch": 19, "vs": 17, "ve": 19 }
  ],
  "Zeph.3.9": [{ "t": "Rev.11.15", "v": 2, "ch": 11, "vs": 15 }],
  "Zeph.3.13": [
    { "t": "Rev.14.5", "v": 6, "ch": 14, "vs": 5 },
    { "t": "Rev.21.8", "v": 2, "ch": 21, "vs": 8 },
    { "t": "Rev.21.27", "v": 2, "ch": 21, "vs": 27 },
    { "t": "Rev.7.15-Rev.7.17", "v": 2, "ch": 7, "vs": 15, "ve": 17 }
  ],
  "Zeph.3.14": [
    { "t": "Rev.19.1-Rev.19.6", "v": 2, "ch": 19, "vs": 1, "ve": 6 }
  ],
  "Zeph.3.15": [
    { "t": "Rev.21.3-Rev.21.4", "v": 4, "ch": 21, "vs": 3, "ve": 4 },
    { "t": "Rev.7.15", "v": 3, "ch": 7, "vs": 15 },
    { "t": "Rev.12.10", "v": 3, "ch": 12, "vs": 10 },
    { "t": "Rev.19.16", "v": 2, "ch": 19, "vs": 16 }
  ],
  "Zeph.3.16": [{ "t": "Rev.2.3", "v": 4, "ch": 2, "vs": 3 }],
  "Zeph.3.19": [
    { "t": "Rev.20.9", "v": 40, "ch": 20, "vs": 9 },
    { "t": "Rev.19.17-Rev.19.21", "v": 31, "ch": 19, "vs": 17, "ve": 21 }
  ]
}
