{
  "Hag.1.9": [
    { "t": "Rev.3.19", "v": 3, "ch": 3, "vs": 19 },
    { "t": "Rev.2.4", "v": 2, "ch": 2, "vs": 4 }
  ],
  "Hag.2.5": [{ "t": "Rev.1.17", "v": 3, "ch": 1, "vs": 17 }],
  "Hag.2.6": [
    { "t": "Rev.8.5-Rev.8.12", "v": 2, "ch": 8, "vs": 5, "ve": 12 },
    { "t": "Rev.6.2-Rev.6.17", "v": 2, "ch": 6, "vs": 2, "ve": 17 },
    { "t": "Rev.11.9", "v": 1, "ch": 11, "vs": 9 }
  ],
  "Hag.2.17": [
    { "t": "Rev.2.21", "v": 2, "ch": 2, "vs": 21 },
    { "t": "Rev.9.20-Rev.9.21", "v": 2, "ch": 9, "vs": 20, "ve": 21 }
  ],
  "Hag.2.21": [
    { "t": "Rev.16.17-Rev.16.19", "v": 3, "ch": 16, "vs": 17, "ve": 19 }
  ],
  "Hag.2.22": [{ "t": "Rev.11.15", "v": 2, "ch": 11, "vs": 15 }]
}
