{
  "Zech.1.8": [
    { "t": "Rev.6.4", "v": 5, "ch": 6, "vs": 4 },
    { "t": "Rev.2.1", "v": 3, "ch": 2, "vs": 1 },
    { "t": "Rev.19.19-Rev.19.21", "v": 2, "ch": 19, "vs": 19, "ve": 21 }
  ],
  "Zech.1.9": [
    { "t": "Rev.17.1-Rev.17.7", "v": 2, "ch": 17, "vs": 1, "ve": 7 },
    { "t": "Rev.22.8-Rev.22.16", "v": 2, "ch": 22, "vs": 8, "ve": 16 },
    { "t": "Rev.7.13-Rev.7.14", "v": 2, "ch": 7, "vs": 13, "ve": 14 },
    { "t": "Rev.19.9-Rev.19.10", "v": 2, "ch": 19, "vs": 9, "ve": 10 }
  ],
  "Zech.1.12": [{ "t": "Rev.6.10", "v": 3, "ch": 6, "vs": 10 }],
  "Zech.2.1": [
    { "t": "Rev.21.15", "v": 7, "ch": 21, "vs": 15 },
    { "t": "Rev.11.1", "v": 7, "ch": 11, "vs": 1 }
  ],
  "Zech.2.2": [
    { "t": "Rev.21.15-Rev.21.17", "v": 4, "ch": 21, "vs": 15, "ve": 17 },
    { "t": "Rev.11.1", "v": 3, "ch": 11, "vs": 1 }
  ],
  "Zech.2.5": [
    { "t": "Rev.21.23", "v": 11, "ch": 21, "vs": 23 },
    { "t": "Rev.21.10-Rev.21.11", "v": 5, "ch": 21, "vs": 10, "ve": 11 },
    { "t": "Rev.22.3-Rev.22.5", "v": 5, "ch": 22, "vs": 3, "ve": 5 }
  ],
  "Zech.2.11": [{ "t": "Rev.11.15", "v": 7, "ch": 11, "vs": 15 }],
  "Zech.3.1": [
    { "t": "Rev.12.9-Rev.12.10", "v": 7, "ch": 12, "vs": 9, "ve": 10 }
  ],
  "Zech.3.3": [
    { "t": "Rev.19.8", "v": 7, "ch": 19, "vs": 8 },
    { "t": "Rev.7.13-Rev.7.14", "v": 5, "ch": 7, "vs": 13, "ve": 14 }
  ],
  "Zech.3.4": [
    { "t": "Rev.7.14", "v": 7, "ch": 7, "vs": 14 },
    { "t": "Rev.19.7-Rev.19.8", "v": 6, "ch": 19, "vs": 7, "ve": 8 },
    { "t": "Rev.5.11", "v": 1, "ch": 5, "vs": 11 }
  ],
  "Zech.3.5": [
    { "t": "Rev.4.10", "v": 2, "ch": 4, "vs": 10 },
    { "t": "Rev.4.4", "v": 2, "ch": 4, "vs": 4 },
    { "t": "Rev.5.8-Rev.5.14", "v": 2, "ch": 5, "vs": 8, "ve": 14 }
  ],
  "Zech.3.7": [
    { "t": "Rev.3.21", "v": 2, "ch": 3, "vs": 21 },
    { "t": "Rev.5.9-Rev.5.14", "v": 2, "ch": 5, "vs": 9, "ve": 14 },
    { "t": "Rev.3.4-Rev.3.5", "v": 1, "ch": 3, "vs": 4, "ve": 5 }
  ],
  "Zech.3.9": [{ "t": "Rev.5.6", "v": 5, "ch": 5, "vs": 6 }],
  "Zech.4.2": [
    { "t": "Rev.4.5", "v": 7, "ch": 4, "vs": 5 },
    { "t": "Rev.1.12", "v": 5, "ch": 1, "vs": 12 },
    { "t": "Rev.1.20-Rev.2.1", "v": 2, "ch": 1, "vs": 20, "ve": 1 }
  ],
  "Zech.4.10": [
    { "t": "Rev.5.6", "v": 8, "ch": 5, "vs": 6 },
    { "t": "Rev.8.2", "v": 4, "ch": 8, "vs": 2 }
  ],
  "Zech.4.14": [{ "t": "Rev.11.4", "v": 14, "ch": 11, "vs": 4 }],
  "Zech.6.3": [
    { "t": "Rev.6.2", "v": 7, "ch": 6, "vs": 2 },
    { "t": "Rev.6.8", "v": 4, "ch": 6, "vs": 8 },
    { "t": "Rev.20.11", "v": 2, "ch": 20, "vs": 11 },
    { "t": "Rev.19.11", "v": 2, "ch": 19, "vs": 11 }
  ],
  "Zech.8.8": [
    { "t": "Rev.21.3", "v": 5, "ch": 21, "vs": 3 },
    { "t": "Rev.21.7", "v": 3, "ch": 21, "vs": 7 }
  ],
  "Zech.8.23": [
    { "t": "Rev.14.6-Rev.14.7", "v": 6, "ch": 14, "vs": 6, "ve": 7 },
    { "t": "Rev.7.9-Rev.7.10", "v": 4, "ch": 7, "vs": 9, "ve": 10 }
  ],
  "Zech.12.10": [{ "t": "Rev.1.7", "v": 28, "ch": 1, "vs": 7 }],
  "Zech.13.1": [
    { "t": "Rev.7.13-Rev.7.14", "v": 8, "ch": 7, "vs": 13, "ve": 14 },
    { "t": "Rev.1.5-Rev.1.6", "v": 5, "ch": 1, "vs": 5, "ve": 6 }
  ],
  "Zech.13.9": [
    { "t": "Rev.21.7", "v": 42, "ch": 21, "vs": 7 },
    { "t": "Rev.21.3-Rev.21.4", "v": 16, "ch": 21, "vs": 3, "ve": 4 }
  ],
  "Zech.14.8": [
    { "t": "Rev.22.1-Rev.22.2", "v": 22, "ch": 22, "vs": 1, "ve": 2 },
    { "t": "Rev.7.16-Rev.7.17", "v": 15, "ch": 7, "vs": 16, "ve": 17 },
    { "t": "Rev.22.17", "v": 4, "ch": 22, "vs": 17 }
  ],
  "Zech.14.9": [{ "t": "Rev.11.15", "v": 19, "ch": 11, "vs": 15 }]
}
