{
  "Mal.1.11": [
    { "t": "Rev.5.8", "v": 2, "ch": 5, "vs": 8 },
    { "t": "Rev.11.15", "v": 1, "ch": 11, "vs": 15 },
    { "t": "Rev.15.4", "v": 1, "ch": 15, "vs": 4 },
    { "t": "Rev.8.3-Rev.8.4", "v": 1, "ch": 8, "vs": 3, "ve": 4 }
  ],
  "Mal.1.14": [
    { "t": "Rev.21.8", "v": 4, "ch": 21, "vs": 8 },
    { "t": "Rev.15.4", "v": 3, "ch": 15, "vs": 4 }
  ],
  "Mal.2.2": [
    { "t": "Rev.14.7", "v": 7, "ch": 14, "vs": 7 },
    { "t": "Rev.16.9", "v": 3, "ch": 16, "vs": 9 }
  ],
  "Mal.2.6": [{ "t": "Rev.14.5", "v": 8, "ch": 14, "vs": 5 }],
  "Mal.2.11": [{ "t": "Rev.21.8", "v": 3, "ch": 21, "vs": 8 }],
  "Mal.2.12": [{ "t": "Rev.19.20", "v": 2, "ch": 19, "vs": 20 }],
  "Mal.3.2": [
    { "t": "Rev.6.17", "v": 8, "ch": 6, "vs": 17 },
    { "t": "Rev.1.5-Rev.1.7", "v": 3, "ch": 1, "vs": 5, "ve": 7 },
    { "t": "Rev.2.23", "v": 3, "ch": 2, "vs": 23 },
    { "t": "Rev.7.14", "v": 2, "ch": 7, "vs": 14 },
    { "t": "Rev.19.8", "v": 0, "ch": 19, "vs": 8 }
  ],
  "Mal.3.3": [
    { "t": "Rev.3.18", "v": 3, "ch": 3, "vs": 18 },
    { "t": "Rev.1.6", "v": 2, "ch": 1, "vs": 6 },
    { "t": "Rev.5.10", "v": 0, "ch": 5, "vs": 10 }
  ],
  "Mal.3.5": [
    { "t": "Rev.22.15", "v": 6, "ch": 22, "vs": 15 },
    { "t": "Rev.21.8", "v": 6, "ch": 21, "vs": 8 }
  ],
  "Mal.3.6": [
    { "t": "Rev.22.13", "v": 22, "ch": 22, "vs": 13 },
    { "t": "Rev.1.8", "v": 22, "ch": 1, "vs": 8 }
  ],
  "Mal.3.16": [
    { "t": "Rev.20.12", "v": 21, "ch": 20, "vs": 12 },
    { "t": "Rev.15.4", "v": 13, "ch": 15, "vs": 4 }
  ],
  "Mal.3.17": [
    { "t": "Rev.20.12-Rev.20.15", "v": 7, "ch": 20, "vs": 12, "ve": 15 }
  ],
  "Mal.4.2": [
    { "t": "Rev.22.16", "v": 13, "ch": 22, "vs": 16 },
    { "t": "Rev.22.2", "v": 11, "ch": 22, "vs": 2 },
    { "t": "Rev.2.28", "v": 10, "ch": 2, "vs": 28 },
    { "t": "Rev.11.18", "v": 5, "ch": 11, "vs": 18 }
  ],
  "Mal.4.3": [
    { "t": "Rev.11.15", "v": 3, "ch": 11, "vs": 15 },
    { "t": "Rev.14.20", "v": 3, "ch": 14, "vs": 20 }
  ],
  "Mal.4.5": [{ "t": "Rev.6.17", "v": 7, "ch": 6, "vs": 17 }],
  "Mal.4.6": [
    { "t": "Rev.19.15", "v": 5, "ch": 19, "vs": 15 },
    { "t": "Rev.22.20-Rev.22.21", "v": 5, "ch": 22, "vs": 20, "ve": 21 },
    { "t": "Rev.22.3", "v": 4, "ch": 22, "vs": 3 }
  ]
}
