{
  "Num.1.5": [{ "t": "Rev.7.4-Rev.7.8", "v": 2, "ch": 7, "vs": 4, "ve": 8 }],
  "Num.1.17": [{ "t": "Rev.7.4-Rev.7.17", "v": 2, "ch": 7, "vs": 4, "ve": 17 }],
  "Num.1.36": [{ "t": "Rev.7.8", "v": 2, "ch": 7, "vs": 8 }],
  "Num.1.46": [{ "t": "Rev.7.4-Rev.7.9", "v": 2, "ch": 7, "vs": 4, "ve": 9 }],
  "Num.2.2": [{ "t": "Rev.4.2-Rev.4.5", "v": 2, "ch": 4, "vs": 2, "ve": 5 }],
  "Num.3.40": [
    { "t": "Rev.3.5", "v": 2, "ch": 3, "vs": 5 },
    { "t": "Rev.14.4", "v": 2, "ch": 14, "vs": 4 }
  ],
  "Num.4.9": [{ "t": "Rev.1.20-Rev.2.1", "v": 2, "ch": 1, "vs": 20, "ve": 1 }],
  "Num.4.20": [{ "t": "Rev.11.19", "v": 2, "ch": 11, "vs": 19 }],
  "Num.5.3": [
    { "t": "Rev.21.3", "v": 2, "ch": 21, "vs": 3 },
    { "t": "Rev.21.27", "v": 2, "ch": 21, "vs": 27 }
  ],
  "Num.5.16": [
    { "t": "Rev.2.22-Rev.2.23", "v": 2, "ch": 2, "vs": 22, "ve": 23 }
  ],
  "Num.5.18": [
    { "t": "Rev.2.19-Rev.2.23", "v": 2, "ch": 2, "vs": 19, "ve": 23 },
    { "t": "Rev.10.9-Rev.10.10", "v": 2, "ch": 10, "vs": 9, "ve": 10 }
  ],
  "Num.5.23": [{ "t": "Rev.20.12", "v": 2, "ch": 20, "vs": 12 }],
  "Num.6.24": [{ "t": "Rev.1.4-Rev.1.5", "v": 13, "ch": 1, "vs": 4, "ve": 5 }],
  "Num.7.32": [{ "t": "Rev.8.3", "v": 2, "ch": 8, "vs": 3 }],
  "Num.7.39": [{ "t": "Rev.5.6", "v": 2, "ch": 5, "vs": 6 }],
  "Num.7.84": [{ "t": "Rev.21.14", "v": 2, "ch": 21, "vs": 14 }],
  "Num.8.2": [
    { "t": "Rev.1.20-Rev.2.1", "v": 2, "ch": 1, "vs": 20, "ve": 1 },
    { "t": "Rev.1.12", "v": 2, "ch": 1, "vs": 12 },
    { "t": "Rev.4.5", "v": 2, "ch": 4, "vs": 5 }
  ],
  "Num.8.7": [{ "t": "Rev.7.14", "v": 2, "ch": 7, "vs": 14 }],
  "Num.9.16": [{ "t": "Rev.21.3", "v": 2, "ch": 21, "vs": 3 }],
  "Num.10.10": [{ "t": "Rev.22.17", "v": 2, "ch": 22, "vs": 17 }],
  "Num.10.29": [{ "t": "Rev.22.17", "v": 2, "ch": 22, "vs": 17 }],
  "Num.11.7": [{ "t": "Rev.2.17", "v": 2, "ch": 2, "vs": 17 }],
  "Num.12.6": [
    { "t": "Rev.11.3", "v": 3, "ch": 11, "vs": 3 },
    { "t": "Rev.11.10", "v": 3, "ch": 11, "vs": 10 }
  ],
  "Num.12.11": [{ "t": "Rev.3.9", "v": 2, "ch": 3, "vs": 9 }],
  "Num.14.5": [
    { "t": "Rev.5.14", "v": 3, "ch": 5, "vs": 14 },
    { "t": "Rev.4.10", "v": 3, "ch": 4, "vs": 10 },
    { "t": "Rev.7.11", "v": 3, "ch": 7, "vs": 11 }
  ],
  "Num.14.34": [{ "t": "Rev.11.3", "v": 2, "ch": 11, "vs": 3 }],
  "Num.15.20": [{ "t": "Rev.14.4", "v": 2, "ch": 14, "vs": 4 }],
  "Num.16.5": [
    { "t": "Rev.5.9-Rev.5.10", "v": 3, "ch": 5, "vs": 9, "ve": 10 },
    { "t": "Rev.1.6", "v": 3, "ch": 1, "vs": 6 }
  ],
  "Num.16.21": [{ "t": "Rev.18.4", "v": 3, "ch": 18, "vs": 4 }],
  "Num.16.26": [{ "t": "Rev.18.4", "v": 4, "ch": 18, "vs": 4 }],
  "Num.16.32": [{ "t": "Rev.12.16", "v": 4, "ch": 12, "vs": 16 }],
  "Num.16.34": [
    { "t": "Rev.6.15-Rev.6.17", "v": 2, "ch": 6, "vs": 15, "ve": 17 }
  ],
  "Num.16.46": [{ "t": "Rev.8.3-Rev.8.5", "v": 4, "ch": 8, "vs": 3, "ve": 5 }],
  "Num.18.20": [{ "t": "Rev.21.3", "v": 8, "ch": 21, "vs": 3 }],
  "Num.19.2": [{ "t": "Rev.1.5", "v": 2, "ch": 1, "vs": 5 }],
  "Num.19.12": [{ "t": "Rev.7.14", "v": 2, "ch": 7, "vs": 14 }],
  "Num.19.13": [
    { "t": "Rev.21.8", "v": 2, "ch": 21, "vs": 8 },
    { "t": "Rev.22.11", "v": 2, "ch": 22, "vs": 11 },
    { "t": "Rev.22.15", "v": 2, "ch": 22, "vs": 15 }
  ],
  "Num.19.17": [{ "t": "Rev.7.17", "v": 2, "ch": 7, "vs": 17 }],
  "Num.19.19": [{ "t": "Rev.1.5-Rev.1.6", "v": 2, "ch": 1, "vs": 5, "ve": 6 }],
  "Num.19.20": [{ "t": "Rev.22.11", "v": 2, "ch": 22, "vs": 11 }],
  "Num.20.8": [
    { "t": "Rev.22.1", "v": 2, "ch": 22, "vs": 1 },
    { "t": "Rev.22.17", "v": 3, "ch": 22, "vs": 17 }
  ],
  "Num.21.16": [
    { "t": "Rev.21.6", "v": 4, "ch": 21, "vs": 6 },
    { "t": "Rev.22.1", "v": 4, "ch": 22, "vs": 1 },
    { "t": "Rev.22.17", "v": 4, "ch": 22, "vs": 17 }
  ],
  "Num.22.5": [{ "t": "Rev.2.14", "v": 3, "ch": 2, "vs": 14 }],
  "Num.23.10": [{ "t": "Rev.14.13", "v": 6, "ch": 14, "vs": 13 }],
  "Num.23.23": [{ "t": "Rev.12.9", "v": 6, "ch": 12, "vs": 9 }],
  "Num.23.24": [
    { "t": "Rev.19.11-Rev.19.21", "v": 2, "ch": 19, "vs": 11, "ve": 21 },
    { "t": "Rev.5.5", "v": 2, "ch": 5, "vs": 5 }
  ],
  "Num.24.1": [{ "t": "Rev.2.14", "v": 4, "ch": 2, "vs": 14 }],
  "Num.24.4": [
    { "t": "Rev.1.17", "v": 5, "ch": 1, "vs": 17 },
    { "t": "Rev.1.10", "v": 4, "ch": 1, "vs": 10 }
  ],
  "Num.24.7": [
    { "t": "Rev.17.1", "v": 3, "ch": 17, "vs": 1 },
    { "t": "Rev.17.15", "v": 2, "ch": 17, "vs": 15 },
    { "t": "Rev.11.15", "v": 2, "ch": 11, "vs": 15 },
    { "t": "Rev.19.16", "v": 2, "ch": 19, "vs": 16 }
  ],
  "Num.24.14": [
    { "t": "Rev.2.14", "v": 3, "ch": 2, "vs": 14 },
    { "t": "Rev.2.10", "v": 2, "ch": 2, "vs": 10 }
  ],
  "Num.24.17": [
    { "t": "Rev.22.16", "v": 15, "ch": 22, "vs": 16 },
    { "t": "Rev.1.7", "v": 10, "ch": 1, "vs": 7 },
    { "t": "Rev.11.15", "v": 10, "ch": 11, "vs": 15 }
  ],
  "Num.24.19": [{ "t": "Rev.19.16", "v": 2, "ch": 19, "vs": 16 }],
  "Num.24.24": [
    { "t": "Rev.18.2-Rev.18.24", "v": 2, "ch": 18, "vs": 2, "ve": 24 }
  ],
  "Num.25.1": [{ "t": "Rev.2.14", "v": 4, "ch": 2, "vs": 14 }],
  "Num.25.13": [{ "t": "Rev.1.6", "v": 2, "ch": 1, "vs": 6 }],
  "Num.25.17": [{ "t": "Rev.18.6", "v": 2, "ch": 18, "vs": 6 }],
  "Num.25.18": [{ "t": "Rev.2.14", "v": 3, "ch": 2, "vs": 14 }],
  "Num.26.53": [
    { "t": "Rev.5.10", "v": 2, "ch": 5, "vs": 10 },
    { "t": "Rev.21.27", "v": 2, "ch": 21, "vs": 27 }
  ],
  "Num.26.55": [{ "t": "Rev.7.4-Rev.7.8", "v": 2, "ch": 7, "vs": 4, "ve": 8 }],
  "Num.28.3": [{ "t": "Rev.13.8", "v": 2, "ch": 13, "vs": 8 }],
  "Num.28.9": [{ "t": "Rev.1.10", "v": 2, "ch": 1, "vs": 10 }],
  "Num.29.35": [
    { "t": "Rev.7.9-Rev.7.17", "v": 2, "ch": 7, "vs": 9, "ve": 17 }
  ],
  "Num.31.2": [
    { "t": "Rev.6.10", "v": 3, "ch": 6, "vs": 10 },
    { "t": "Rev.18.20", "v": 2, "ch": 18, "vs": 20 },
    { "t": "Rev.19.2", "v": 2, "ch": 19, "vs": 2 }
  ],
  "Num.31.8": [
    { "t": "Rev.2.14", "v": 3, "ch": 2, "vs": 14 },
    { "t": "Rev.19.20", "v": 2, "ch": 19, "vs": 20 }
  ],
  "Num.31.10": [{ "t": "Rev.18.8", "v": 2, "ch": 18, "vs": 8 }],
  "Num.31.16": [{ "t": "Rev.2.14", "v": 6, "ch": 2, "vs": 14 }],
  "Num.31.23": [{ "t": "Rev.3.18", "v": 2, "ch": 3, "vs": 18 }],
  "Num.33.4": [
    { "t": "Rev.12.7-Rev.12.9", "v": 3, "ch": 12, "vs": 7, "ve": 9 }
  ],
  "Num.35.30": [{ "t": "Rev.11.3", "v": 2, "ch": 11, "vs": 3 }],
  "Num.35.32": [{ "t": "Rev.5.9", "v": 2, "ch": 5, "vs": 9 }],
  "Num.35.34": [
    { "t": "Rev.21.27", "v": 2, "ch": 21, "vs": 27 },
    { "t": "Rev.21.3", "v": 1, "ch": 21, "vs": 3 }
  ]
}
