{
  "1.1": [{ "b": 66, "v": 19, "ch": 22, "vs": 16 }],
  "1.2": [{ "b": 66, "v": 2, "ch": 7, "vs": 5 }],
  "1.21": [
    { "b": 66, "v": 8, "ch": 7, "vs": 14 },
    { "b": 66, "v": 4, "ch": 1, "vs": 5, "ve": 6 }
  ],
  "1.22": [{ "b": 66, "v": 0, "ch": 17, "vs": 17 }],
  "2.2": [{ "b": 66, "v": 20, "ch": 22, "vs": 16 }],
  "2.6": [
    { "b": 66, "v": 18, "ch": 11, "vs": 15 },
    { "b": 66, "v": 10, "ch": 2, "vs": 27 }
  ],
  "2.7": [
    { "b": 66, "v": 2, "ch": 12, "vs": 1, "ve": 5 },
    { "b": 66, "v": 1, "ch": 12, "vs": 15 }
  ],
  "2.11": [
    { "b": 66, "v": 7, "ch": 19, "vs": 10 },
    { "b": 66, "v": 6, "ch": 22, "vs": 8, "ve": 10 },
    { "b": 66, "v": 6, "ch": 5, "vs": 8 }
  ],
  "2.13": [
    { "b": 66, "v": 3, "ch": 12, "vs": 14 },
    { "b": 66, "v": 3, "ch": 12, "vs": 6 },
    { "b": 66, "v": 1, "ch": 12, "vs": 4 }
  ],
  "2.16": [{ "b": 66, "v": 3, "ch": 17, "vs": 6 }],
  "2.18": [{ "b": 66, "v": 1, "ch": 8, "vs": 13 }],
  "3.2": [
    { "b": 66, "v": 6, "ch": 2, "vs": 21 },
    { "b": 66, "v": 5, "ch": 2, "vs": 5 }
  ],
  "3.4": [{ "b": 66, "v": 2, "ch": 11, "vs": 3 }],
  "3.7": [
    { "b": 66, "v": 2, "ch": 6, "vs": 16, "ve": 17 },
    { "b": 66, "v": 2, "ch": 12, "vs": 9, "ve": 10 }
  ],
  "3.14": [{ "b": 66, "v": 2, "ch": 7, "vs": 9, "ve": 17 }],
  "3.17": [{ "b": 66, "v": 0, "ch": 14, "vs": 2 }],
  "4.3": [
    { "b": 66, "v": 6, "ch": 2, "vs": 10 },
    { "b": 66, "v": 3, "ch": 12, "vs": 9, "ve": 11 }
  ],
  "4.5": [{ "b": 66, "v": 5, "ch": 11, "vs": 2 }],
  "4.8": [{ "b": 66, "v": 10, "ch": 11, "vs": 15 }],
  "4.9": [
    { "b": 66, "v": 5, "ch": 19, "vs": 10 },
    { "b": 66, "v": 5, "ch": 22, "vs": 8, "ve": 9 },
    { "b": 66, "v": 2, "ch": 19, "vs": 16 }
  ],
  "4.11": [{ "b": 66, "v": 7, "ch": 5, "vs": 11, "ve": 12 }],
  "5.3": [
    { "b": 66, "v": 10, "ch": 19, "vs": 9 },
    { "b": 66, "v": 10, "ch": 22, "vs": 14 }
  ],
  "5.4": [
    { "b": 66, "v": 68, "ch": 21, "vs": 4 },
    { "b": 66, "v": 27, "ch": 7, "vs": 14, "ve": 17 }
  ],
  "5.6": [{ "b": 66, "v": 35, "ch": 7, "vs": 16 }],
  "5.8": [{ "b": 66, "v": 15, "ch": 22, "vs": 4 }],
  "5.10": [{ "b": 66, "v": 14, "ch": 2, "vs": 10 }],
  "5.11": [{ "b": 66, "v": 18, "ch": 2, "vs": 3 }],
  "5.14": [
    {
      "b": 66,
      "v": 9,
      "ch": 21,
      "vs": 14,
      "ve": 27
    },
    { "b": 66, "v": 5, "ch": 1, "vs": 20, "ve": 1 }
  ],
  "5.18": [{ "b": 66, "v": 2, "ch": 20, "vs": 11 }],
  "5.19": [
    { "b": 66, "v": 4, "ch": 2, "vs": 20 },
    { "b": 66, "v": 4, "ch": 2, "vs": 14, "ve": 15 }
  ],
  "5.20": [{ "b": 66, "v": 3, "ch": 21, "vs": 27 }],
  "5.22": [{ "b": 66, "v": 2, "ch": 20, "vs": 14 }],
  "5.35": [
    { "b": 66, "v": 4, "ch": 21, "vs": 10 },
    { "b": 66, "v": 3, "ch": 21, "vs": 2 }
  ],
  "6.4": [{ "b": 66, "v": 2, "ch": 2, "vs": 23 }],
  "6.9": [
    { "b": 66, "v": 45, "ch": 4, "vs": 11 },
    { "b": 66, "v": 16, "ch": 5, "vs": 12 }
  ],
  "6.10": [
    { "b": 66, "v": 11, "ch": 19, "vs": 6 },
    { "b": 66, "v": 9, "ch": 12, "vs": 10 },
    { "b": 66, "v": 7, "ch": 20, "vs": 4 },
    { "b": 66, "v": 7, "ch": 11, "vs": 15 }
  ],
  "6.13": [
    { "b": 66, "v": 28, "ch": 7, "vs": 14, "ve": 17 },
    { "b": 66, "v": 21, "ch": 19, "vs": 1 },
    { "b": 66, "v": 7, "ch": 21, "vs": 4 },
    { "b": 66, "v": 6, "ch": 3, "vs": 10 },
    { "b": 66, "v": 4, "ch": 1, "vs": 18 },
    { "b": 66, "v": 4, "ch": 2, "vs": 10 },
    { "b": 66, "v": 2, "ch": 19, "vs": 4 },
    { "b": 66, "v": 2, "ch": 3, "vs": 14 },
    { "b": 66, "v": 2, "ch": 5, "vs": 13 }
  ],
  "6.20": [{ "b": 66, "v": 13, "ch": 2, "vs": 9 }],
  "6.23": [{ "b": 66, "v": 5, "ch": 3, "vs": 17, "ve": 18 }],
  "7.2": [{ "b": 66, "v": 9, "ch": 18, "vs": 6 }],
  "7.7": [{ "b": 66, "v": 20, "ch": 3, "vs": 17, "ve": 18 }],
  "7.13": [
    { "b": 66, "v": 16, "ch": 20, "vs": 15 },
    { "b": 66, "v": 10, "ch": 20, "vs": 3 },
    { "b": 66, "v": 9, "ch": 13, "vs": 8 },
    { "b": 66, "v": 8, "ch": 12, "vs": 9 }
  ],
  "7.15": [
    { "b": 66, "v": 14, "ch": 19, "vs": 20 },
    {
      "b": 66,
      "v": 6,
      "ch": 13,
      "vs": 11,
      "ve": 17
    },
    { "b": 66, "v": 3, "ch": 16, "vs": 13 },
    { "b": 66, "v": 2, "ch": 17, "vs": 6 }
  ],
  "7.21": [
    { "b": 66, "v": 30, "ch": 3, "vs": 5 },
    { "b": 66, "v": 20, "ch": 22, "vs": 14 },
    { "b": 66, "v": 4, "ch": 2, "vs": 27 }
  ],
  "7.23": [{ "b": 66, "v": 11, "ch": 22, "vs": 15 }],
  "7.24": [
    {
      "b": 66,
      "v": 15,
      "ch": 22,
      "vs": 14,
      "ve": 15
    }
  ],
  "8.2": [
    { "b": 66, "v": 2, "ch": 22, "vs": 8, "ve": 9 },
    { "b": 66, "v": 2, "ch": 19, "vs": 10 }
  ],
  "8.11": [
    { "b": 66, "v": 4, "ch": 3, "vs": 20, "ve": 21 },
    { "b": 66, "v": 2, "ch": 7, "vs": 6 }
  ],
  "8.26": [{ "b": 66, "v": 2, "ch": 10, "vs": 2 }],
  "8.31": [
    { "b": 66, "v": 4, "ch": 20, "vs": 1, "ve": 2 },
    { "b": 66, "v": 2, "ch": 12, "vs": 12 }
  ],
  "8.32": [{ "b": 66, "v": 3, "ch": 20, "vs": 7 }],
  "9.1": [{ "b": 66, "v": 2, "ch": 22, "vs": 11 }],
  "9.4": [{ "b": 66, "v": 8, "ch": 2, "vs": 23 }],
  "9.12": [{ "b": 66, "v": 10, "ch": 3, "vs": 17, "ve": 18 }],
  "9.15": [
    { "b": 66, "v": 9, "ch": 19, "vs": 9 },
    { "b": 66, "v": 6, "ch": 21, "vs": 2 }
  ],
  "10.1": [
    { "b": 66, "v": -2, "ch": 12, "vs": 1 },
    {
      "b": 66,
      "v": -1,
      "ch": 21,
      "vs": 12,
      "ve": 14
    }
  ],
  "10.2": [
    { "b": 66, "v": 2, "ch": 1, "vs": 9 },
    { "b": 66, "v": 1, "ch": 1, "vs": 1 },
    { "b": 66, "v": 1, "ch": 22, "vs": 8 },
    { "b": 66, "v": 0, "ch": 18, "vs": 20 }
  ],
  "10.18": [
    { "b": 66, "v": 1, "ch": 11, "vs": 7 },
    { "b": 66, "v": 1, "ch": 1, "vs": 9 },
    { "b": 66, "v": 1, "ch": 6, "vs": 9 }
  ],
  "10.22": [
    { "b": 66, "v": 47, "ch": 2, "vs": 10 },
    { "b": 66, "v": 16, "ch": 2, "vs": 17 },
    { "b": 66, "v": 15, "ch": 3, "vs": 21 },
    { "b": 66, "v": 15, "ch": 2, "vs": 7 },
    { "b": 66, "v": 12, "ch": 2, "vs": 26 },
    { "b": 66, "v": 11, "ch": 2, "vs": 3 }
  ],
  "10.28": [
    { "b": 66, "v": 29, "ch": 2, "vs": 10 },
    {
      "b": 66,
      "v": 19,
      "ch": 20,
      "vs": 10,
      "ve": 15
    }
  ],
  "10.32": [
    { "b": 66, "v": 31, "ch": 3, "vs": 5 },
    { "b": 66, "v": 9, "ch": 2, "vs": 13 }
  ],
  "10.37": [{ "b": 66, "v": -2, "ch": 3, "vs": 4 }],
  "10.39": [{ "b": 66, "v": 20, "ch": 2, "vs": 10 }],
  "11.8": [{ "b": 66, "v": 2, "ch": 11, "vs": 3 }],
  "11.14": [{ "b": 66, "v": 1, "ch": 20, "vs": 4 }],
  "11.15": [
    { "b": 66, "v": 9, "ch": 3, "vs": 13 },
    { "b": 66, "v": 9, "ch": 2, "vs": 7 },
    { "b": 66, "v": 7, "ch": 2, "vs": 29 },
    { "b": 66, "v": 6, "ch": 3, "vs": 6 },
    { "b": 66, "v": 5, "ch": 2, "vs": 11 },
    { "b": 66, "v": 5, "ch": 3, "vs": 22 },
    { "b": 66, "v": 6, "ch": 2, "vs": 17 }
  ],
  "11.19": [
    { "b": 66, "v": 2, "ch": 5, "vs": 11, "ve": 14 },
    { "b": 66, "v": 1, "ch": 7, "vs": 12 }
  ],
  "11.20": [
    { "b": 66, "v": 4, "ch": 9, "vs": 20, "ve": 21 },
    { "b": 66, "v": 3, "ch": 2, "vs": 21 },
    { "b": 66, "v": 2, "ch": 16, "vs": 11 },
    { "b": 66, "v": 2, "ch": 16, "vs": 9 }
  ],
  "11.23": [{ "b": 66, "v": 4, "ch": 11, "vs": 8 }],
  "11.28": [{ "b": 66, "v": 65, "ch": 22, "vs": 17 }],
  "12.8": [{ "b": 66, "v": 2, "ch": 1, "vs": 10 }],
  "12.20": [
    { "b": 66, "v": 4, "ch": 6, "vs": 2 },
    {
      "b": 66,
      "v": 2,
      "ch": 19,
      "vs": 11,
      "ve": 21
    }
  ],
  "12.25": [
    { "b": 66, "v": 5, "ch": 16, "vs": 19 },
    {
      "b": 66,
      "v": 4,
      "ch": 17,
      "vs": 16,
      "ve": 17
    },
    { "b": 66, "v": 4, "ch": 2, "vs": 23 }
  ],
  "12.26": [
    { "b": 66, "v": 4, "ch": 20, "vs": 2, "ve": 3 },
    { "b": 66, "v": 3, "ch": 9, "vs": 11 },
    { "b": 66, "v": 3, "ch": 16, "vs": 10 },
    { "b": 66, "v": 3, "ch": 12, "vs": 9 }
  ],
  "12.29": [
    { "b": 66, "v": 9, "ch": 20, "vs": 7, "ve": 9 },
    { "b": 66, "v": 6, "ch": 20, "vs": 1, "ve": 3 },
    { "b": 66, "v": 6, "ch": 12, "vs": 7, "ve": 10 }
  ],
  "12.30": [{ "b": 66, "v": 6, "ch": 3, "vs": 15, "ve": 16 }],
  "12.36": [{ "b": 66, "v": 19, "ch": 20, "vs": 12 }],
  "12.44": [
    { "b": 66, "v": 3, "ch": 13, "vs": 8, "ve": 9 },
    { "b": 66, "v": 1, "ch": 13, "vs": 3, "ve": 4 }
  ],
  "12.50": [{ "b": 66, "v": 5, "ch": 22, "vs": 14 }],
  "13.6": [{ "b": 66, "v": 3, "ch": 7, "vs": 16 }],
  "13.9": [
    { "b": 66, "v": 6, "ch": 2, "vs": 11 },
    { "b": 66, "v": 5, "ch": 2, "vs": 17 },
    { "b": 66, "v": 5, "ch": 2, "vs": 7 },
    { "b": 66, "v": 4, "ch": 13, "vs": 8, "ve": 9 },
    { "b": 66, "v": 4, "ch": 2, "vs": 29 },
    { "b": 66, "v": 4, "ch": 3, "vs": 6 },
    { "b": 66, "v": 4, "ch": 3, "vs": 22 },
    { "b": 66, "v": 4, "ch": 3, "vs": 13 }
  ],
  "13.12": [
    { "b": 66, "v": 6, "ch": 2, "vs": 5 },
    { "b": 66, "v": 3, "ch": 3, "vs": 15, "ve": 16 }
  ],
  "13.15": [{ "b": 66, "v": 2, "ch": 22, "vs": 2 }],
  "13.21": [{ "b": 66, "v": 2, "ch": 2, "vs": 13 }],
  "13.25": [
    { "b": 66, "v": 7, "ch": 12, "vs": 9 },
    { "b": 66, "v": 3, "ch": 2, "vs": 20 },
    { "b": 66, "v": 2, "ch": 13, "vs": 14 }
  ],
  "13.32": [{ "b": 66, "v": 1, "ch": 11, "vs": 15 }],
  "13.35": [
    { "b": 66, "v": 9, "ch": 13, "vs": 8 },
    { "b": 66, "v": 4, "ch": 17, "vs": 8 }
  ],
  "13.38": [{ "b": 66, "v": 1, "ch": 14, "vs": 6 }],
  "13.39": [
    {
      "b": 66,
      "v": 9,
      "ch": 14,
      "vs": 15,
      "ve": 19
    },
    { "b": 66, "v": 5, "ch": 19, "vs": 20 },
    { "b": 66, "v": 4, "ch": 13, "vs": 14 },
    { "b": 66, "v": 4, "ch": 12, "vs": 9 },
    { "b": 66, "v": 3, "ch": 20, "vs": 7, "ve": 10 },
    { "b": 66, "v": 3, "ch": 20, "vs": 2, "ve": 3 }
  ],
  "13.41": [
    { "b": 66, "v": 7, "ch": 21, "vs": 27 },
    { "b": 66, "v": 4, "ch": 5, "vs": 11, "ve": 12 }
  ],
  "13.42": [
    {
      "b": 66,
      "v": 6,
      "ch": 20,
      "vs": 14,
      "ve": 15
    },
    { "b": 66, "v": 6, "ch": 20, "vs": 10 },
    { "b": 66, "v": 3, "ch": 14, "vs": 10 },
    { "b": 66, "v": 3, "ch": 19, "vs": 20 },
    { "b": 66, "v": 2, "ch": 21, "vs": 8 },
    { "b": 66, "v": 1, "ch": 9, "vs": 2 }
  ],
  "13.43": [
    {
      "b": 66,
      "v": 6,
      "ch": 21,
      "vs": 22,
      "ve": 23
    },
    { "b": 66, "v": 5, "ch": 21, "vs": 3, "ve": 5 }
  ],
  "13.44": [{ "b": 66, "v": 12, "ch": 3, "vs": 18 }],
  "13.46": [{ "b": 66, "v": 2, "ch": 21, "vs": 21 }],
  "13.47": [
    { "b": 66, "v": 5, "ch": 3, "vs": 1 },
    { "b": 66, "v": 3, "ch": 3, "vs": 15, "ve": 17 }
  ],
  "13.49": [
    {
      "b": 66,
      "v": 13,
      "ch": 20,
      "vs": 12,
      "ve": 15
    }
  ],
  "13.50": [
    {
      "b": 66,
      "v": 3,
      "ch": 14,
      "vs": 10,
      "ve": 11
    },
    {
      "b": 66,
      "v": 1,
      "ch": 16,
      "vs": 10,
      "ve": 11
    }
  ],
  "14.10": [{ "b": 66, "v": 2, "ch": 11, "vs": 7 }],
  "14.11": [
    { "b": 66, "v": 3, "ch": 16, "vs": 6 },
    { "b": 66, "v": 2, "ch": 17, "vs": 6 }
  ],
  "14.25": [
    { "b": 66, "v": 2, "ch": 10, "vs": 5 },
    { "b": 66, "v": 2, "ch": 10, "vs": 2 },
    { "b": 66, "v": 1, "ch": 10, "vs": 8 }
  ],
  "14.26": [{ "b": 66, "v": 3, "ch": 1, "vs": 17 }],
  "14.27": [{ "b": 66, "v": 16, "ch": 1, "vs": 17, "ve": 18 }],
  "15.9": [{ "b": 66, "v": 2, "ch": 22, "vs": 18 }],
  "15.14": [
    { "b": 66, "v": 2, "ch": 19, "vs": 20 },
    { "b": 66, "v": 2, "ch": 22, "vs": 15 }
  ],
  "15.18": [{ "b": 66, "v": 1, "ch": 13, "vs": 5, "ve": 6 }],
  "15.20": [
    { "b": 66, "v": 2, "ch": 21, "vs": 27 },
    { "b": 66, "v": 2, "ch": 21, "vs": 8 }
  ],
  "15.26": [{ "b": 66, "v": 3, "ch": 22, "vs": 15 }],
  "16.8": [{ "b": 66, "v": 3, "ch": 2, "vs": 23 }],
  "16.9": [{ "b": 66, "v": 3, "ch": 3, "vs": 19 }],
  "16.18": [
    { "b": 66, "v": 10, "ch": 21, "vs": 14 },
    { "b": 66, "v": 8, "ch": 21, "vs": 1, "ve": 4 },
    { "b": 66, "v": 6, "ch": 11, "vs": 15 }
  ],
  "16.19": [
    { "b": 66, "v": 23, "ch": 1, "vs": 18 },
    { "b": 66, "v": 21, "ch": 3, "vs": 7 },
    { "b": 66, "v": 10, "ch": 11, "vs": 6 },
    { "b": 66, "v": 7, "ch": 9, "vs": 1 },
    { "b": 66, "v": 2, "ch": 20, "vs": 1, "ve": 3 }
  ],
  "16.25": [{ "b": 66, "v": 23, "ch": 12, "vs": 11 }],
  "16.27": [
    {
      "b": 66,
      "v": 20,
      "ch": 22,
      "vs": 12,
      "ve": 15
    },
    { "b": 66, "v": 11, "ch": 2, "vs": 23 },
    { "b": 66, "v": 11, "ch": 20, "vs": 12 },
    { "b": 66, "v": 8, "ch": 1, "vs": 7 }
  ],
  "17.2": [
    { "b": 66, "v": 5, "ch": 10, "vs": 1 },
    { "b": 66, "v": 5, "ch": 1, "vs": 13, "ve": 17 },
    {
      "b": 66,
      "v": 4,
      "ch": 19,
      "vs": 12,
      "ve": 13
    },
    { "b": 66, "v": 4, "ch": 20, "vs": 11 }
  ],
  "17.4": [
    { "b": 66, "v": 2, "ch": 22, "vs": 3, "ve": 5 },
    { "b": 66, "v": 0, "ch": 21, "vs": 23 }
  ],
  "17.5": [{ "b": 66, "v": 6, "ch": 1, "vs": 7 }],
  "17.7": [{ "b": 66, "v": 2, "ch": 1, "vs": 17 }],
  "18.7": [
    { "b": 66, "v": 7, "ch": 2, "vs": 14, "ve": 15 },
    { "b": 66, "v": 4, "ch": 2, "vs": 20, "ve": 23 },
    {
      "b": 66,
      "v": 4,
      "ch": 19,
      "vs": 20,
      "ve": 21
    }
  ],
  "18.8": [
    { "b": 66, "v": 4, "ch": 20, "vs": 15 },
    { "b": 66, "v": 4, "ch": 14, "vs": 10 },
    { "b": 66, "v": 3, "ch": 21, "vs": 8 }
  ],
  "18.9": [{ "b": 66, "v": 3, "ch": 21, "vs": 27 }],
  "18.10": [{ "b": 66, "v": 1, "ch": 8, "vs": 2 }],
  "18.16": [{ "b": 66, "v": 1, "ch": 11, "vs": 3 }],
  "18.18": [{ "b": 66, "v": 12, "ch": 3, "vs": 7, "ve": 8 }],
  "18.19": [{ "b": 66, "v": 4, "ch": 11, "vs": 4, "ve": 6 }],
  "18.20": [
    { "b": 66, "v": 33, "ch": 21, "vs": 3 },
    { "b": 66, "v": 9, "ch": 2, "vs": 1 },
    { "b": 66, "v": 6, "ch": 1, "vs": 11, "ve": 13 }
  ],
  "18.34": [
    {
      "b": 66,
      "v": 2,
      "ch": 14,
      "vs": 10,
      "ve": 11
    }
  ],
  "18.35": [{ "b": 66, "v": 6, "ch": 2, "vs": 23 }],
  "19.28": [
    { "b": 66, "v": 4, "ch": 20, "vs": 4 },
    { "b": 66, "v": 3, "ch": 7, "vs": 4 },
    {
      "b": 66,
      "v": 3,
      "ch": 20,
      "vs": 11,
      "ve": 15
    },
    { "b": 66, "v": 3, "ch": 21, "vs": 5 },
    { "b": 66, "v": 3, "ch": 4, "vs": 4 },
    { "b": 66, "v": 3, "ch": 3, "vs": 21 },
    { "b": 66, "v": 2, "ch": 22, "vs": 2 },
    { "b": 66, "v": 3, "ch": 2, "vs": 26, "ve": 27 },
    {
      "b": 66,
      "v": 1,
      "ch": 21,
      "vs": 12,
      "ve": 14
    },
    { "b": 66, "v": 1, "ch": 12, "vs": 1 }
  ],
  "20.2": [{ "b": 66, "v": 2, "ch": 6, "vs": 6 }],
  "20.8": [
    {
      "b": 66,
      "v": 2,
      "ch": 20,
      "vs": 11,
      "ve": 12
    }
  ],
  "20.23": [{ "b": 66, "v": 9, "ch": 1, "vs": 9 }],
  "20.26": [
    { "b": 66, "v": 0, "ch": 17, "vs": 6 },
    {
      "b": 66,
      "v": -1,
      "ch": 13,
      "vs": 11,
      "ve": 17
    }
  ],
  "20.28": [
    { "b": 66, "v": 12, "ch": 1, "vs": 5 },
    { "b": 66, "v": 10, "ch": 5, "vs": 8, "ve": 9 }
  ],
  "21.19": [{ "b": 66, "v": 6, "ch": 22, "vs": 11 }],
  "21.32": [{ "b": 66, "v": 2, "ch": 2, "vs": 21 }],
  "21.35": [{ "b": 66, "v": 2, "ch": 6, "vs": 9 }],
  "22.2": [{ "b": 66, "v": 5, "ch": 19, "vs": 7, "ve": 9 }],
  "22.3": [{ "b": 66, "v": 4, "ch": 22, "vs": 17 }],
  "22.8": [
    { "b": 66, "v": 4, "ch": 3, "vs": 4 },
    { "b": 66, "v": 3, "ch": 22, "vs": 14 }
  ],
  "22.9": [{ "b": 66, "v": 2, "ch": 22, "vs": 17 }],
  "22.10": [
    { "b": 66, "v": 5, "ch": 19, "vs": 6, "ve": 9 },
    { "b": 66, "v": 5, "ch": 7, "vs": 9 },
    { "b": 66, "v": 5, "ch": 2, "vs": 20, "ve": 23 },
    { "b": 66, "v": 2, "ch": 5, "vs": 9 },
    { "b": 66, "v": 2, "ch": 2, "vs": 14, "ve": 15 }
  ],
  "22.11": [
    { "b": 66, "v": 10, "ch": 3, "vs": 4, "ve": 5 },
    { "b": 66, "v": 9, "ch": 19, "vs": 8 },
    { "b": 66, "v": 5, "ch": 2, "vs": 23 },
    { "b": 66, "v": 5, "ch": 3, "vs": 18 },
    { "b": 66, "v": 5, "ch": 16, "vs": 15 }
  ],
  "22.13": [{ "b": 66, "v": 3, "ch": 21, "vs": 27 }],
  "22.14": [{ "b": 66, "v": 24, "ch": 17, "vs": 14 }],
  "22.18": [{ "b": 66, "v": 2, "ch": 2, "vs": 23 }],
  "22.19": [{ "b": 66, "v": 2, "ch": 6, "vs": 6 }],
  "22.30": [
    { "b": 66, "v": -2, "ch": 19, "vs": 10 },
    { "b": 66, "v": -3, "ch": 5, "vs": 9, "ve": 11 }
  ],
  "22.42": [{ "b": 66, "v": 3, "ch": 5, "vs": 12, "ve": 14 }],
  "22.43": [
    { "b": 66, "v": 5, "ch": 4, "vs": 2 },
    { "b": 66, "v": 3, "ch": 1, "vs": 10 }
  ],
  "22.44": [
    { "b": 66, "v": 5, "ch": 19, "vs": 19, "ve": 3 },
    {
      "b": 66,
      "v": 5,
      "ch": 20,
      "vs": 11,
      "ve": 15
    }
  ],
  "22.45": [{ "b": 66, "v": 5, "ch": 22, "vs": 16 }],
  "23.4": [{ "b": 66, "v": 2, "ch": 2, "vs": 24 }],
  "23.8": [
    { "b": 66, "v": 3, "ch": 1, "vs": 9 },
    { "b": 66, "v": 2, "ch": 22, "vs": 9 },
    { "b": 66, "v": 2, "ch": 19, "vs": 10 }
  ],
  "23.22": [{ "b": 66, "v": 2, "ch": 4, "vs": 2, "ve": 3 }],
  "23.33": [{ "b": 66, "v": 4, "ch": 12, "vs": 9 }],
  "23.34": [{ "b": 66, "v": 2, "ch": 11, "vs": 10 }],
  "23.35": [{ "b": 66, "v": 5, "ch": 18, "vs": 24 }],
  "23.37": [
    { "b": 66, "v": 5, "ch": 11, "vs": 7, "ve": 8 },
    { "b": 66, "v": 2, "ch": 17, "vs": 6 }
  ],
  "24.5": [{ "b": 66, "v": 5, "ch": 13, "vs": 8 }],
  "24.7": [
    { "b": 66, "v": 13, "ch": 6, "vs": 8 },
    { "b": 66, "v": 8, "ch": 6, "vs": 12 }
  ],
  "24.9": [
    { "b": 66, "v": 25, "ch": 2, "vs": 10 },
    { "b": 66, "v": 13, "ch": 6, "vs": 9, "ve": 11 },
    { "b": 66, "v": 13, "ch": 7, "vs": 14 },
    { "b": 66, "v": 7, "ch": 2, "vs": 13 }
  ],
  "24.11": [{ "b": 66, "v": 6, "ch": 19, "vs": 20 }],
  "24.12": [
    { "b": 66, "v": 25, "ch": 2, "vs": 4, "ve": 5 },
    { "b": 66, "v": 14, "ch": 3, "vs": 15 },
    { "b": 66, "v": 8, "ch": 2, "vs": 10 }
  ],
  "24.13": [{ "b": 66, "v": 28, "ch": 2, "vs": 10 }],
  "24.14": [
    { "b": 66, "v": 40, "ch": 14, "vs": 6 },
    { "b": 66, "v": 10, "ch": 3, "vs": 10 },
    { "b": 66, "v": 9, "ch": 16, "vs": 14 }
  ],
  "24.15": [
    { "b": 66, "v": 8, "ch": 1, "vs": 3 },
    { "b": 66, "v": 2, "ch": 3, "vs": 22 }
  ],
  "24.24": [
    {
      "b": 66,
      "v": 24,
      "ch": 13,
      "vs": 13,
      "ve": 14
    },
    { "b": 66, "v": 13, "ch": 19, "vs": 20 },
    {
      "b": 66,
      "v": 10,
      "ch": 12,
      "vs": 9,
      "ve": 11
    },
    { "b": 66, "v": 10, "ch": 13, "vs": 7, "ve": 8 }
  ],
  "24.29": [
    { "b": 66, "v": 11, "ch": 6, "vs": 12, "ve": 17 },
    { "b": 66, "v": 8, "ch": 8, "vs": 12 }
  ],
  "24.30": [{ "b": 66, "v": 23, "ch": 1, "vs": 7 }],
  "24.31": [
    { "b": 66, "v": 4, "ch": 14, "vs": 6, "ve": 9 },
    { "b": 66, "v": 3, "ch": 7, "vs": 1 },
    { "b": 66, "v": 2, "ch": 8, "vs": 2 },
    { "b": 66, "v": 2, "ch": 11, "vs": 15 },
    { "b": 66, "v": 2, "ch": 1, "vs": 20, "ve": 1 }
  ],
  "24.33": [{ "b": 66, "v": 1, "ch": 3, "vs": 20 }],
  "24.35": [
    { "b": 66, "v": 68, "ch": 3, "vs": 14 },
    { "b": 66, "v": 66, "ch": 6, "vs": 14 },
    { "b": 66, "v": 64, "ch": 20, "vs": 11 }
  ],
  "24.36": [
    { "b": 66, "v": 16, "ch": 16, "vs": 15 },
    { "b": 66, "v": 12, "ch": 3, "vs": 3 }
  ],
  "24.42": [
    { "b": 66, "v": 14, "ch": 16, "vs": 15 },
    { "b": 66, "v": 7, "ch": 3, "vs": 2, "ve": 3 }
  ],
  "24.44": [{ "b": 66, "v": 9, "ch": 19, "vs": 7 }],
  "24.45": [{ "b": 66, "v": 6, "ch": 2, "vs": 13 }],
  "24.46": [
    { "b": 66, "v": 8, "ch": 16, "vs": 15 },
    { "b": 66, "v": 2, "ch": 2, "vs": 19 }
  ],
  "24.47": [
    { "b": 66, "v": 3, "ch": 21, "vs": 7 },
    { "b": 66, "v": 3, "ch": 3, "vs": 21 }
  ],
  "24.49": [
    { "b": 66, "v": 4, "ch": 17, "vs": 6 },
    { "b": 66, "v": 3, "ch": 16, "vs": 6 },
    { "b": 66, "v": 2, "ch": 13, "vs": 7 }
  ],
  "24.50": [{ "b": 66, "v": 5, "ch": 3, "vs": 3 }],
  "25.1": [
    { "b": 66, "v": 24, "ch": 19, "vs": 7 },
    { "b": 66, "v": 18, "ch": 21, "vs": 9 },
    { "b": 66, "v": 17, "ch": 21, "vs": 2 },
    { "b": 66, "v": 15, "ch": 14, "vs": 4 },
    { "b": 66, "v": 8, "ch": 4, "vs": 5 }
  ],
  "25.3": [
    { "b": 66, "v": 9, "ch": 3, "vs": 15, "ve": 16 },
    { "b": 66, "v": 4, "ch": 3, "vs": 1 }
  ],
  "25.5": [{ "b": 66, "v": 1, "ch": 2, "vs": 25 }],
  "25.6": [
    { "b": 66, "v": 4, "ch": 19, "vs": 7, "ve": 9 },
    { "b": 66, "v": 4, "ch": 16, "vs": 15 }
  ],
  "25.7": [
    { "b": 66, "v": 5, "ch": 3, "vs": 19, "ve": 20 },
    { "b": 66, "v": 4, "ch": 2, "vs": 4, "ve": 5 },
    { "b": 66, "v": 2, "ch": 3, "vs": 2 }
  ],
  "25.8": [{ "b": 66, "v": 3, "ch": 3, "vs": 9 }],
  "25.9": [{ "b": 66, "v": 5, "ch": 3, "vs": 17, "ve": 18 }],
  "25.10": [
    { "b": 66, "v": 4, "ch": 22, "vs": 20 },
    {
      "b": 66,
      "v": 3,
      "ch": 22,
      "vs": 11,
      "ve": 12
    },
    { "b": 66, "v": 2, "ch": 1, "vs": 7 }
  ],
  "25.13": [{ "b": 66, "v": 15, "ch": 16, "vs": 15 }],
  "25.21": [
    { "b": 66, "v": 19, "ch": 3, "vs": 21 },
    { "b": 66, "v": 11, "ch": 2, "vs": 10 },
    { "b": 66, "v": 9, "ch": 7, "vs": 17 },
    { "b": 66, "v": 7, "ch": 21, "vs": 7 },
    { "b": 66, "v": 6, "ch": 2, "vs": 26, "ve": 28 }
  ],
  "25.25": [{ "b": 66, "v": 2, "ch": 21, "vs": 8 }],
  "25.29": [{ "b": 66, "v": 5, "ch": 2, "vs": 5 }],
  "25.30": [
    { "b": 66, "v": 7, "ch": 3, "vs": 15, "ve": 16 },
    { "b": 66, "v": 2, "ch": 21, "vs": 8 }
  ],
  "25.31": [
    { "b": 66, "v": 11, "ch": 1, "vs": 7 },
    { "b": 66, "v": 6, "ch": 3, "vs": 21 },
    { "b": 66, "v": 6, "ch": 20, "vs": 11 }
  ],
  "25.32": [
    {
      "b": 66,
      "v": 8,
      "ch": 20,
      "vs": 12,
      "ve": 15
    }
  ],
  "25.34": [
    { "b": 66, "v": 9, "ch": 21, "vs": 7 },
    { "b": 66, "v": 9, "ch": 13, "vs": 8 },
    { "b": 66, "v": 7, "ch": 17, "vs": 8 },
    { "b": 66, "v": 4, "ch": 19, "vs": 16 },
    { "b": 66, "v": 2, "ch": 5, "vs": 10 }
  ],
  "25.41": [
    {
      "b": 66,
      "v": 7,
      "ch": 20,
      "vs": 10,
      "ve": 15
    },
    {
      "b": 66,
      "v": 5,
      "ch": 14,
      "vs": 10,
      "ve": 11
    },
    { "b": 66, "v": 3, "ch": 12, "vs": 7, "ve": 9 }
  ],
  "25.46": [
    { "b": 66, "v": 12, "ch": 21, "vs": 8 },
    { "b": 66, "v": 12, "ch": 20, "vs": 15 },
    { "b": 66, "v": 8, "ch": 20, "vs": 10 },
    {
      "b": 66,
      "v": 4,
      "ch": 14,
      "vs": 10,
      "ve": 11
    }
  ],
  "26.13": [{ "b": 66, "v": 1, "ch": 14, "vs": 6 }],
  "26.21": [{ "b": 66, "v": 3, "ch": 2, "vs": 23 }],
  "26.28": [
    { "b": 66, "v": 12, "ch": 7, "vs": 14 },
    { "b": 66, "v": 3, "ch": 7, "vs": 9 }
  ],
  "26.29": [
    { "b": 66, "v": 22, "ch": 7, "vs": 17 },
    { "b": 66, "v": 3, "ch": 14, "vs": 3 },
    { "b": 66, "v": 1, "ch": 5, "vs": 8, "ve": 10 }
  ],
  "26.39": [{ "b": 66, "v": 3, "ch": 19, "vs": 10 }],
  "26.41": [
    { "b": 66, "v": 24, "ch": 16, "vs": 15 },
    { "b": 66, "v": 7, "ch": 3, "vs": 10 }
  ],
  "26.52": [
    { "b": 66, "v": 13, "ch": 13, "vs": 10 },
    { "b": 66, "v": 5, "ch": 16, "vs": 6 }
  ],
  "26.64": [
    { "b": 66, "v": 10, "ch": 1, "vs": 7 },
    { "b": 66, "v": 4, "ch": 20, "vs": 11 }
  ],
  "26.70": [{ "b": 66, "v": 3, "ch": 21, "vs": 8 }],
  "26.74": [{ "b": 66, "v": 6, "ch": 3, "vs": 19 }],
  "27.4": [{ "b": 66, "v": 1, "ch": 11, "vs": 10 }],
  "27.40": [{ "b": 66, "v": 3, "ch": 11, "vs": 10 }],
  "27.45": [
    { "b": 66, "v": 5, "ch": 9, "vs": 2 },
    { "b": 66, "v": 3, "ch": 8, "vs": 12 }
  ],
  "27.51": [
    { "b": 66, "v": 8, "ch": 11, "vs": 19 },
    { "b": 66, "v": 4, "ch": 11, "vs": 13 }
  ],
  "27.53": [
    { "b": 66, "v": -1, "ch": 11, "vs": 2 },
    { "b": 66, "v": -2, "ch": 22, "vs": 19 },
    { "b": 66, "v": -2, "ch": 21, "vs": 2 }
  ],
  "27.54": [{ "b": 66, "v": 2, "ch": 11, "vs": 13 }],
  "28.2": [{ "b": 66, "v": 2, "ch": 11, "vs": 19 }],
  "28.3": [
    { "b": 66, "v": 4, "ch": 18, "vs": 1 },
    { "b": 66, "v": 3, "ch": 1, "vs": 14, "ve": 16 },
    { "b": 66, "v": 3, "ch": 10, "vs": 1 },
    { "b": 66, "v": 3, "ch": 3, "vs": 4, "ve": 5 }
  ],
  "28.4": [{ "b": 66, "v": 5, "ch": 1, "vs": 17 }],
  "28.5": [{ "b": 66, "v": 4, "ch": 1, "vs": 17, "ve": 18 }],
  "28.9": [
    { "b": 66, "v": 4, "ch": 5, "vs": 11, "ve": 14 },
    { "b": 66, "v": 3, "ch": 3, "vs": 9 }
  ],
  "28.18": [
    { "b": 66, "v": 19, "ch": 19, "vs": 16 },
    { "b": 66, "v": 18, "ch": 11, "vs": 15 },
    { "b": 66, "v": 13, "ch": 17, "vs": 14 }
  ],
  "28.19": [{ "b": 66, "v": 17, "ch": 1, "vs": 4, "ve": 6 }],
  "28.20": [
    {
      "b": 66,
      "v": 15,
      "ch": 22,
      "vs": 20,
      "ve": 21
    },
    { "b": 66, "v": 5, "ch": 22, "vs": 14 },
    { "b": 66, "v": 3, "ch": 1, "vs": 18 }
  ]
}
