{
  "Mark.1.24": [{ "t": "Rev.3.7", "v": 4, "ch": 3, "vs": 7 }],
  "Mark.2.8": [{ "t": "Rev.2.23", "v": 1, "ch": 2, "vs": 23 }],
  "Mark.2.20": [
    { "t": "Rev.19.7", "v": 3, "ch": 19, "vs": 7 },
    { "t": "Rev.21.9", "v": 3, "ch": 21, "vs": 9 }
  ],
  "Mark.2.28": [{ "t": "Rev.1.10", "v": 4, "ch": 1, "vs": 10 }],
  "Mark.3.5": [{ "t": "Rev.6.16", "v": 2, "ch": 6, "vs": 16 }],
  "Mark.3.17": [{ "t": "Rev.10.11", "v": 1, "ch": 10, "vs": 11 }],
  "Mark.3.27": [
    { "t": "Rev.20.1-Rev.20.3", "v": 10, "ch": 20, "vs": 1, "ve": 3 },
    { "t": "Rev.12.7-Rev.12.9", "v": 6, "ch": 12, "vs": 7, "ve": 9 }
  ],
  "Mark.4.3": [
    { "t": "Rev.2.11", "v": 2, "ch": 2, "vs": 11 },
    { "t": "Rev.2.29", "v": 2, "ch": 2, "vs": 29 },
    { "t": "Rev.2.7", "v": 2, "ch": 2, "vs": 7 }
  ],
  "Mark.4.6": [{ "t": "Rev.7.16", "v": 3, "ch": 7, "vs": 16 }],
  "Mark.4.9": [
    { "t": "Rev.3.6", "v": 5, "ch": 3, "vs": 6 },
    { "t": "Rev.3.22", "v": 5, "ch": 3, "vs": 22 },
    { "t": "Rev.3.13", "v": 5, "ch": 3, "vs": 13 }
  ],
  "Mark.4.13": [{ "t": "Rev.3.19", "v": 5, "ch": 3, "vs": 19 }],
  "Mark.4.15": [
    { "t": "Rev.20.10", "v": 4, "ch": 20, "vs": 10 },
    { "t": "Rev.20.7", "v": 4, "ch": 20, "vs": 7 },
    { "t": "Rev.20.2-Rev.20.3", "v": 4, "ch": 20, "vs": 2, "ve": 3 },
    { "t": "Rev.12.9", "v": 3, "ch": 12, "vs": 9 }
  ],
  "Mark.4.17": [
    { "t": "Rev.2.10", "v": 4, "ch": 2, "vs": 10 },
    { "t": "Rev.2.13", "v": 3, "ch": 2, "vs": 13 }
  ],
  "Mark.4.23": [
    { "t": "Rev.2.29", "v": 2, "ch": 2, "vs": 29 },
    { "t": "Rev.2.7", "v": 2, "ch": 2, "vs": 7 },
    { "t": "Rev.2.17", "v": 2, "ch": 2, "vs": 17 },
    { "t": "Rev.2.11", "v": 2, "ch": 2, "vs": 11 }
  ],
  "Mark.4.29": [
    { "t": "Rev.14.13-Rev.14.17", "v": 2, "ch": 14, "vs": 13, "ve": 17 }
  ],
  "Mark.4.31": [
    { "t": "Rev.11.15", "v": 1, "ch": 11, "vs": 15 },
    { "t": "Rev.20.1-Rev.20.6", "v": 1, "ch": 20, "vs": 1, "ve": 6 }
  ],
  "Mark.4.41": [{ "t": "Rev.15.4", "v": 2, "ch": 15, "vs": 4 }],
  "Mark.5.7": [
    { "t": "Rev.12.12", "v": 4, "ch": 12, "vs": 12 },
    { "t": "Rev.20.1-Rev.20.3", "v": 2, "ch": 20, "vs": 1, "ve": 3 }
  ],
  "Mark.5.13": [
    { "t": "Rev.20.7", "v": 2, "ch": 20, "vs": 7 },
    { "t": "Rev.9.11", "v": 2, "ch": 9, "vs": 11 },
    { "t": "Rev.13.5-Rev.13.7", "v": 2, "ch": 13, "vs": 5, "ve": 7 }
  ],
  "Mark.5.22": [{ "t": "Rev.22.8", "v": 3, "ch": 22, "vs": 8 }],
  "Mark.6.7": [{ "t": "Rev.11.3", "v": 5, "ch": 11, "vs": 3 }],
  "Mark.6.16": [
    { "t": "Rev.11.10-Rev.11.13", "v": 2, "ch": 11, "vs": 10, "ve": 13 }
  ],
  "Mark.6.21": [{ "t": "Rev.11.10", "v": 2, "ch": 11, "vs": 10 }],
  "Mark.7.7": [
    { "t": "Rev.22.18", "v": 6, "ch": 22, "vs": 18 },
    { "t": "Rev.14.11-Rev.14.12", "v": 3, "ch": 14, "vs": 11, "ve": 12 }
  ],
  "Mark.7.25": [
    { "t": "Rev.22.8-Rev.22.9", "v": 2, "ch": 22, "vs": 8, "ve": 9 }
  ],
  "Mark.8.8": [
    { "t": "Rev.7.16-Rev.7.17", "v": 2, "ch": 7, "vs": 16, "ve": 17 }
  ],
  "Mark.8.17": [{ "t": "Rev.2.23", "v": 3, "ch": 2, "vs": 23 }],
  "Mark.8.23": [{ "t": "Rev.3.18", "v": 2, "ch": 3, "vs": 18 }],
  "Mark.8.33": [{ "t": "Rev.3.19", "v": 3, "ch": 3, "vs": 19 }],
  "Mark.8.34": [{ "t": "Rev.2.10", "v": 3, "ch": 2, "vs": 10 }],
  "Mark.8.35": [
    { "t": "Rev.12.11", "v": 8, "ch": 12, "vs": 11 },
    { "t": "Rev.2.10", "v": 7, "ch": 2, "vs": 10 },
    { "t": "Rev.7.14", "v": 5, "ch": 7, "vs": 14 }
  ],
  "Mark.8.36": [
    { "t": "Rev.18.7-Rev.18.8", "v": 12, "ch": 18, "vs": 7, "ve": 8 }
  ],
  "Mark.9.2": [
    { "t": "Rev.20.11", "v": 3, "ch": 20, "vs": 11 },
    { "t": "Rev.1.13-Rev.1.17", "v": 2, "ch": 1, "vs": 13, "ve": 17 }
  ],
  "Mark.9.3": [
    { "t": "Rev.7.14", "v": 3, "ch": 7, "vs": 14 },
    { "t": "Rev.7.9", "v": 3, "ch": 7, "vs": 9 },
    { "t": "Rev.19.18", "v": 1, "ch": 19, "vs": 18 }
  ],
  "Mark.9.4": [{ "t": "Rev.19.10", "v": 2, "ch": 19, "vs": 10 }],
  "Mark.9.5": [
    { "t": "Rev.22.3-Rev.22.4", "v": 2, "ch": 22, "vs": 3, "ve": 4 }
  ],
  "Mark.9.6": [{ "t": "Rev.1.17", "v": 2, "ch": 1, "vs": 17 }],
  "Mark.9.7": [{ "t": "Rev.1.7", "v": 3, "ch": 1, "vs": 7 }],
  "Mark.9.26": [{ "t": "Rev.12.12", "v": 2, "ch": 12, "vs": 12 }],
  "Mark.9.33": [{ "t": "Rev.2.23", "v": 3, "ch": 2, "vs": 23 }],
  "Mark.9.42": [
    { "t": "Rev.16.6-Rev.16.7", "v": 0, "ch": 16, "vs": 6, "ve": 7 },
    { "t": "Rev.6.9-Rev.6.10", "v": 0, "ch": 6, "vs": 9, "ve": 10 }
  ],
  "Mark.10.14": [{ "t": "Rev.14.5", "v": 5, "ch": 14, "vs": 5 }],
  "Mark.10.21": [
    { "t": "Rev.2.20", "v": 6, "ch": 2, "vs": 20 },
    { "t": "Rev.2.14", "v": 6, "ch": 2, "vs": 14 },
    { "t": "Rev.2.4", "v": 6, "ch": 2, "vs": 4 }
  ],
  "Mark.10.24": [{ "t": "Rev.3.17", "v": 4, "ch": 3, "vs": 17 }],
  "Mark.10.29": [{ "t": "Rev.2.3", "v": 6, "ch": 2, "vs": 3 }],
  "Mark.10.30": [
    { "t": "Rev.3.18", "v": 3, "ch": 3, "vs": 18 },
    { "t": "Rev.2.9", "v": 2, "ch": 2, "vs": 9 }
  ],
  "Mark.10.39": [{ "t": "Rev.1.9", "v": 5, "ch": 1, "vs": 9 }],
  "Mark.10.47": [{ "t": "Rev.22.16", "v": 4, "ch": 22, "vs": 16 }],
  "Mark.11.14": [{ "t": "Rev.22.11", "v": 3, "ch": 22, "vs": 11 }],
  "Mark.11.18": [
    { "t": "Rev.11.5-Rev.11.10", "v": 2, "ch": 11, "vs": 5, "ve": 10 }
  ],
  "Mark.11.25": [{ "t": "Rev.11.4", "v": 1, "ch": 11, "vs": 4 }],
  "Mark.12.6": [
    { "t": "Rev.5.9-Rev.5.13", "v": 2, "ch": 5, "vs": 9, "ve": 13 }
  ],
  "Mark.12.15": [{ "t": "Rev.2.23", "v": 3, "ch": 2, "vs": 23 }],
  "Mark.12.16": [{ "t": "Rev.3.12", "v": 2, "ch": 3, "vs": 12 }],
  "Mark.12.37": [{ "t": "Rev.22.16", "v": 2, "ch": 22, "vs": 16 }],
  "Mark.13.2": [{ "t": "Rev.11.2", "v": 1, "ch": 11, "vs": 2 }],
  "Mark.13.5": [
    { "t": "Rev.20.7-Rev.20.8", "v": 2, "ch": 20, "vs": 7, "ve": 8 }
  ],
  "Mark.13.8": [{ "t": "Rev.6.4", "v": 2, "ch": 6, "vs": 4 }],
  "Mark.13.9": [
    { "t": "Rev.1.9", "v": 2, "ch": 1, "vs": 9 },
    { "t": "Rev.6.9-Rev.6.11", "v": 2, "ch": 6, "vs": 9, "ve": 11 },
    { "t": "Rev.2.13", "v": 2, "ch": 2, "vs": 13 },
    { "t": "Rev.2.10", "v": 2, "ch": 2, "vs": 10 }
  ],
  "Mark.13.10": [{ "t": "Rev.14.6", "v": 4, "ch": 14, "vs": 6 }],
  "Mark.13.13": [
    { "t": "Rev.2.10", "v": 6, "ch": 2, "vs": 10 },
    { "t": "Rev.3.10", "v": 2, "ch": 3, "vs": 10 }
  ],
  "Mark.13.14": [
    { "t": "Rev.1.3", "v": 4, "ch": 1, "vs": 3 },
    { "t": "Rev.13.18", "v": 4, "ch": 13, "vs": 18 }
  ],
  "Mark.13.22": [
    { "t": "Rev.13.13-Rev.13.14", "v": 3, "ch": 13, "vs": 13, "ve": 14 },
    { "t": "Rev.17.8", "v": 3, "ch": 17, "vs": 8 },
    { "t": "Rev.13.8", "v": 2, "ch": 13, "vs": 8 }
  ],
  "Mark.13.24": [
    { "t": "Rev.6.12-Rev.6.14", "v": 3, "ch": 6, "vs": 12, "ve": 14 },
    { "t": "Rev.20.11", "v": 2, "ch": 20, "vs": 11 }
  ],
  "Mark.13.25": [{ "t": "Rev.6.13", "v": 2, "ch": 6, "vs": 13 }],
  "Mark.13.26": [{ "t": "Rev.1.7", "v": 7, "ch": 1, "vs": 7 }],
  "Mark.13.27": [
    { "t": "Rev.7.1-Rev.7.3", "v": 3, "ch": 7, "vs": 1, "ve": 3 },
    { "t": "Rev.15.6-Rev.15.7", "v": 2, "ch": 15, "vs": 6, "ve": 7 },
    { "t": "Rev.7.5-Rev.7.9", "v": 2, "ch": 7, "vs": 5, "ve": 9 }
  ],
  "Mark.13.31": [{ "t": "Rev.20.11", "v": 0, "ch": 20, "vs": 11 }],
  "Mark.13.32": [
    { "t": "Rev.3.3", "v": 11, "ch": 3, "vs": 3 },
    { "t": "Rev.1.1", "v": 5, "ch": 1, "vs": 1 }
  ],
  "Mark.13.33": [
    { "t": "Rev.16.15", "v": 9, "ch": 16, "vs": 15 },
    { "t": "Rev.3.2", "v": 5, "ch": 3, "vs": 2 }
  ],
  "Mark.13.34": [{ "t": "Rev.3.7", "v": 1, "ch": 3, "vs": 7 }],
  "Mark.14.14": [{ "t": "Rev.3.20", "v": 3, "ch": 3, "vs": 20 }],
  "Mark.14.24": [
    { "t": "Rev.7.9-Rev.7.17", "v": 8, "ch": 7, "vs": 9, "ve": 17 },
    { "t": "Rev.5.8-Rev.5.10", "v": 4, "ch": 5, "vs": 8, "ve": 10 }
  ],
  "Mark.14.26": [{ "t": "Rev.5.9", "v": 0, "ch": 5, "vs": 9 }],
  "Mark.14.35": [
    { "t": "Rev.5.14", "v": 2, "ch": 5, "vs": 14 },
    { "t": "Rev.4.10", "v": 1, "ch": 4, "vs": 10 }
  ],
  "Mark.14.38": [
    { "t": "Rev.3.2-Rev.3.3", "v": 9, "ch": 3, "vs": 2, "ve": 3 },
    { "t": "Rev.3.10", "v": 3, "ch": 3, "vs": 10 }
  ],
  "Mark.14.62": [
    { "t": "Rev.1.7", "v": 8, "ch": 1, "vs": 7 },
    { "t": "Rev.20.11", "v": 7, "ch": 20, "vs": 11 }
  ],
  "Mark.16.6": [
    { "t": "Rev.1.17-Rev.1.18", "v": 7, "ch": 1, "vs": 17, "ve": 18 }
  ],
  "Mark.16.9": [{ "t": "Rev.1.10", "v": 2, "ch": 1, "vs": 10 }],
  "Mark.16.14": [{ "t": "Rev.3.19", "v": 6, "ch": 3, "vs": 19 }],
  "Mark.16.15": [{ "t": "Rev.14.6", "v": 12, "ch": 14, "vs": 6 }],
  "Mark.16.16": [
    { "t": "Rev.20.15", "v": 56, "ch": 20, "vs": 15 },
    { "t": "Rev.21.8", "v": 42, "ch": 21, "vs": 8 }
  ],
  "Mark.16.19": [
    { "t": "Rev.3.20-Rev.3.21", "v": 3, "ch": 3, "vs": 20, "ve": 21 }
  ]
}
