{
  "Luke.1.10": [{ "t": "Rev.8.3", "v": 3, "ch": 8, "vs": 3 }],
  "Luke.1.11": [
    { "t": "Rev.9.13", "v": 2, "ch": 9, "vs": 13 },
    { "t": "Rev.8.3-Rev.8.4", "v": 2, "ch": 8, "vs": 3, "ve": 4 }
  ],
  "Luke.1.12": [{ "t": "Rev.1.17", "v": 2, "ch": 1, "vs": 17 }],
  "Luke.1.17": [{ "t": "Rev.20.4", "v": 6, "ch": 20, "vs": 4 }],
  "Luke.1.20": [{ "t": "Rev.3.19", "v": 3, "ch": 3, "vs": 19 }],
  "Luke.1.32": [{ "t": "Rev.3.7", "v": 6, "ch": 3, "vs": 7 }],
  "Luke.1.33": [
    { "t": "Rev.11.15", "v": 11, "ch": 11, "vs": 15 },
    { "t": "Rev.22.3-Rev.22.5", "v": 6, "ch": 22, "vs": 3, "ve": 5 },
    { "t": "Rev.20.4-Rev.20.6", "v": 4, "ch": 20, "vs": 4, "ve": 6 }
  ],
  "Luke.1.41": [{ "t": "Rev.1.10", "v": 5, "ch": 1, "vs": 10 }],
  "Luke.1.49": [
    { "t": "Rev.15.4", "v": 6, "ch": 15, "vs": 4 },
    { "t": "Rev.4.8", "v": 1, "ch": 4, "vs": 8 }
  ],
  "Luke.1.50": [{ "t": "Rev.19.5", "v": 6, "ch": 19, "vs": 5 }],
  "Luke.1.53": [
    { "t": "Rev.7.16-Rev.7.17", "v": 6, "ch": 7, "vs": 16, "ve": 17 },
    { "t": "Rev.3.17-Rev.3.18", "v": 3, "ch": 3, "vs": 17, "ve": 18 }
  ],
  "Luke.1.65": [{ "t": "Rev.11.11", "v": 2, "ch": 11, "vs": 11 }],
  "Luke.1.69": [{ "t": "Rev.22.16", "v": 4, "ch": 22, "vs": 16 }],
  "Luke.1.70": [{ "t": "Rev.19.10", "v": 1, "ch": 19, "vs": 10 }],
  "Luke.1.74": [{ "t": "Rev.2.10", "v": 5, "ch": 2, "vs": 10 }],
  "Luke.1.78": [{ "t": "Rev.22.16", "v": 4, "ch": 22, "vs": 16 }],
  "Luke.2.6": [
    { "t": "Rev.12.1-Rev.12.5", "v": 5, "ch": 12, "vs": 1, "ve": 5 }
  ],
  "Luke.2.9": [
    { "t": "Rev.18.1", "v": 3, "ch": 18, "vs": 1 },
    { "t": "Rev.20.11", "v": 1, "ch": 20, "vs": 11 }
  ],
  "Luke.2.10": [
    { "t": "Rev.1.17-Rev.1.18", "v": 7, "ch": 1, "vs": 17, "ve": 18 }
  ],
  "Luke.2.13": [{ "t": "Rev.5.11", "v": 10, "ch": 5, "vs": 11 }],
  "Luke.2.14": [{ "t": "Rev.5.13", "v": 13, "ch": 5, "vs": 13 }],
  "Luke.2.27": [
    { "t": "Rev.17.3", "v": 3, "ch": 17, "vs": 3 },
    { "t": "Rev.1.10", "v": 2, "ch": 1, "vs": 10 }
  ],
  "Luke.2.29": [{ "t": "Rev.14.13", "v": 4, "ch": 14, "vs": 13 }],
  "Luke.2.32": [{ "t": "Rev.21.23", "v": 6, "ch": 21, "vs": 23 }],
  "Luke.2.36": [{ "t": "Rev.7.6", "v": 3, "ch": 7, "vs": 6 }],
  "Luke.2.37": [
    { "t": "Rev.3.12", "v": 1, "ch": 3, "vs": 12 },
    { "t": "Rev.7.15", "v": 1, "ch": 7, "vs": 15 }
  ],
  "Luke.3.14": [{ "t": "Rev.12.10", "v": 1, "ch": 12, "vs": 10 }],
  "Luke.3.20": [{ "t": "Rev.16.6", "v": 2, "ch": 16, "vs": 6 }],
  "Luke.4.6": [
    { "t": "Rev.13.7", "v": 5, "ch": 13, "vs": 7 },
    { "t": "Rev.13.2", "v": 5, "ch": 13, "vs": 2 },
    { "t": "Rev.20.2-Rev.20.3", "v": 5, "ch": 20, "vs": 2, "ve": 3 },
    { "t": "Rev.12.9", "v": 4, "ch": 12, "vs": 9 }
  ],
  "Luke.4.7": [
    { "t": "Rev.4.10", "v": 3, "ch": 4, "vs": 10 },
    { "t": "Rev.5.8", "v": 3, "ch": 5, "vs": 8 },
    { "t": "Rev.22.8", "v": 3, "ch": 22, "vs": 8 }
  ],
  "Luke.4.8": [
    { "t": "Rev.19.10", "v": 9, "ch": 19, "vs": 10 },
    { "t": "Rev.22.9", "v": 7, "ch": 22, "vs": 9 }
  ],
  "Luke.4.34": [
    { "t": "Rev.3.7", "v": 4, "ch": 3, "vs": 7 },
    { "t": "Rev.20.2", "v": 2, "ch": 20, "vs": 2 }
  ],
  "Luke.4.35": [{ "t": "Rev.12.12", "v": 2, "ch": 12, "vs": 12 }],
  "Luke.5.8": [
    { "t": "Rev.1.17", "v": 6, "ch": 1, "vs": 17 },
    { "t": "Rev.22.8-Rev.22.9", "v": 2, "ch": 22, "vs": 8, "ve": 9 }
  ],
  "Luke.5.22": [{ "t": "Rev.2.23", "v": 3, "ch": 2, "vs": 23 }],
  "Luke.5.24": [{ "t": "Rev.1.13", "v": 3, "ch": 1, "vs": 13 }],
  "Luke.5.34": [
    { "t": "Rev.19.7-Rev.19.9", "v": 3, "ch": 19, "vs": 7, "ve": 9 }
  ],
  "Luke.5.38": [{ "t": "Rev.21.5", "v": 4, "ch": 21, "vs": 5 }],
  "Luke.6.5": [{ "t": "Rev.1.10", "v": 2, "ch": 1, "vs": 10 }],
  "Luke.6.8": [{ "t": "Rev.2.23", "v": 3, "ch": 2, "vs": 23 }],
  "Luke.6.13": [
    { "t": "Rev.21.14", "v": 3, "ch": 21, "vs": 14 },
    { "t": "Rev.18.20", "v": 2, "ch": 18, "vs": 20 },
    { "t": "Rev.12.1", "v": 2, "ch": 12, "vs": 1 }
  ],
  "Luke.6.20": [{ "t": "Rev.2.9", "v": 7, "ch": 2, "vs": 9 }],
  "Luke.6.21": [
    { "t": "Rev.7.16", "v": 4, "ch": 7, "vs": 16 },
    { "t": "Rev.21.3", "v": 2, "ch": 21, "vs": 3 }
  ],
  "Luke.6.23": [
    { "t": "Rev.21.7", "v": 4, "ch": 21, "vs": 7 },
    { "t": "Rev.3.5", "v": 3, "ch": 3, "vs": 5 },
    { "t": "Rev.3.12", "v": 3, "ch": 3, "vs": 12 },
    { "t": "Rev.2.26", "v": 3, "ch": 2, "vs": 26 },
    { "t": "Rev.2.17", "v": 2, "ch": 2, "vs": 17 },
    { "t": "Rev.2.7", "v": 2, "ch": 2, "vs": 7 },
    { "t": "Rev.2.10-Rev.2.11", "v": 2, "ch": 2, "vs": 10, "ve": 11 }
  ],
  "Luke.6.24": [
    { "t": "Rev.18.6-Rev.18.8", "v": 1, "ch": 18, "vs": 6, "ve": 8 }
  ],
  "Luke.6.25": [
    { "t": "Rev.18.7-Rev.18.11", "v": 3, "ch": 18, "vs": 7, "ve": 11 },
    { "t": "Rev.3.17", "v": 2, "ch": 3, "vs": 17 }
  ],
  "Luke.6.26": [
    { "t": "Rev.13.3-Rev.13.4", "v": 7, "ch": 13, "vs": 3, "ve": 4 }
  ],
  "Luke.6.38": [
    { "t": "Rev.16.5-Rev.16.6", "v": 5, "ch": 16, "vs": 5, "ve": 6 }
  ],
  "Luke.6.42": [
    { "t": "Rev.3.17-Rev.3.18", "v": 2, "ch": 3, "vs": 17, "ve": 18 }
  ],
  "Luke.6.47": [{ "t": "Rev.22.14", "v": 5, "ch": 22, "vs": 14 }],
  "Luke.6.48": [
    { "t": "Rev.6.14-Rev.6.17", "v": 5, "ch": 6, "vs": 14, "ve": 17 },
    { "t": "Rev.20.11-Rev.20.15", "v": 2, "ch": 20, "vs": 11, "ve": 15 }
  ],
  "Luke.7.4": [{ "t": "Rev.3.4", "v": 3, "ch": 3, "vs": 4 }],
  "Luke.7.19": [{ "t": "Rev.11.3", "v": 1, "ch": 11, "vs": 3 }],
  "Luke.7.29": [
    { "t": "Rev.16.5", "v": 2, "ch": 16, "vs": 5 },
    { "t": "Rev.15.3", "v": 2, "ch": 15, "vs": 3 }
  ],
  "Luke.8.8": [
    { "t": "Rev.2.11", "v": 5, "ch": 2, "vs": 11 },
    { "t": "Rev.2.7", "v": 4, "ch": 2, "vs": 7 }
  ],
  "Luke.8.12": [{ "t": "Rev.12.9", "v": 5, "ch": 12, "vs": 9 }],
  "Luke.8.16": [
    { "t": "Rev.1.20-Rev.2.1", "v": 4, "ch": 1, "vs": 20, "ve": 1 },
    { "t": "Rev.11.4", "v": 3, "ch": 11, "vs": 4 }
  ],
  "Luke.8.28": [
    { "t": "Rev.20.1-Rev.20.3", "v": 2, "ch": 20, "vs": 1, "ve": 3 },
    { "t": "Rev.20.10", "v": 2, "ch": 20, "vs": 10 }
  ],
  "Luke.8.31": [
    { "t": "Rev.19.20", "v": 2, "ch": 19, "vs": 20 },
    { "t": "Rev.20.14-Rev.20.15", "v": 2, "ch": 20, "vs": 14, "ve": 15 },
    { "t": "Rev.9.1-Rev.9.2", "v": 2, "ch": 9, "vs": 1, "ve": 2 },
    { "t": "Rev.20.1-Rev.20.3", "v": 2, "ch": 20, "vs": 1, "ve": 3 },
    { "t": "Rev.17.8", "v": 2, "ch": 17, "vs": 8 },
    { "t": "Rev.11.7", "v": 2, "ch": 11, "vs": 7 },
    { "t": "Rev.9.11", "v": 2, "ch": 9, "vs": 11 }
  ],
  "Luke.8.32": [{ "t": "Rev.20.7", "v": 2, "ch": 20, "vs": 7 }],
  "Luke.8.33": [{ "t": "Rev.9.11", "v": 2, "ch": 9, "vs": 11 }],
  "Luke.8.41": [{ "t": "Rev.5.8", "v": 2, "ch": 5, "vs": 8 }],
  "Luke.9.24": [
    { "t": "Rev.2.10", "v": 9, "ch": 2, "vs": 10 },
    { "t": "Rev.12.11", "v": 5, "ch": 12, "vs": 11 }
  ],
  "Luke.9.25": [
    { "t": "Rev.18.7-Rev.18.8", "v": 2, "ch": 18, "vs": 7, "ve": 8 }
  ],
  "Luke.9.26": [
    { "t": "Rev.21.8", "v": 20, "ch": 21, "vs": 8 },
    { "t": "Rev.20.11", "v": 13, "ch": 20, "vs": 11 },
    { "t": "Rev.3.5", "v": 8, "ch": 3, "vs": 5 },
    { "t": "Rev.1.7", "v": 8, "ch": 1, "vs": 7 }
  ],
  "Luke.9.29": [
    { "t": "Rev.20.11", "v": 4, "ch": 20, "vs": 11 },
    { "t": "Rev.1.13-Rev.1.16", "v": 3, "ch": 1, "vs": 13, "ve": 16 }
  ],
  "Luke.9.31": [
    { "t": "Rev.5.6-Rev.5.12", "v": 2, "ch": 5, "vs": 6, "ve": 12 },
    { "t": "Rev.7.14", "v": 2, "ch": 7, "vs": 14 }
  ],
  "Luke.9.32": [
    { "t": "Rev.22.4-Rev.22.5", "v": 2, "ch": 22, "vs": 4, "ve": 5 }
  ],
  "Luke.9.34": [{ "t": "Rev.1.17", "v": 2, "ch": 1, "vs": 17 }],
  "Luke.9.39": [{ "t": "Rev.9.11", "v": 0, "ch": 9, "vs": 11 }],
  "Luke.9.42": [{ "t": "Rev.12.12", "v": 2, "ch": 12, "vs": 12 }],
  "Luke.9.47": [{ "t": "Rev.2.23", "v": 3, "ch": 2, "vs": 23 }],
  "Luke.9.48": [
    { "t": "Rev.3.21", "v": 3, "ch": 3, "vs": 21 },
    { "t": "Rev.21.14", "v": 1, "ch": 21, "vs": 14 }
  ],
  "Luke.9.54": [{ "t": "Rev.13.3", "v": 0, "ch": 13, "vs": 3 }],
  "Luke.9.55": [{ "t": "Rev.3.19", "v": 4, "ch": 3, "vs": 19 }],
  "Luke.9.60": [{ "t": "Rev.3.1", "v": 3, "ch": 3, "vs": 1 }],
  "Luke.10.1": [
    { "t": "Rev.11.3-Rev.11.10", "v": 1, "ch": 11, "vs": 3, "ve": 10 }
  ],
  "Luke.10.2": [
    { "t": "Rev.11.2-Rev.11.3", "v": 2, "ch": 11, "vs": 2, "ve": 3 },
    { "t": "Rev.2.1", "v": 0, "ch": 2, "vs": 1 }
  ],
  "Luke.10.13": [{ "t": "Rev.11.3", "v": 1, "ch": 11, "vs": 3 }],
  "Luke.10.18": [
    { "t": "Rev.12.7-Rev.12.9", "v": 31, "ch": 12, "vs": 7, "ve": 9 },
    { "t": "Rev.9.1", "v": 17, "ch": 9, "vs": 1 },
    { "t": "Rev.20.2", "v": 13, "ch": 20, "vs": 2 }
  ],
  "Luke.10.19": [{ "t": "Rev.11.5", "v": 75, "ch": 11, "vs": 5 }],
  "Luke.10.20": [
    { "t": "Rev.20.15", "v": 19, "ch": 20, "vs": 15 },
    { "t": "Rev.20.12", "v": 18, "ch": 20, "vs": 12 },
    { "t": "Rev.21.27", "v": 15, "ch": 21, "vs": 27 },
    { "t": "Rev.13.8", "v": 10, "ch": 13, "vs": 8 },
    { "t": "Rev.3.5", "v": 13, "ch": 3, "vs": 5 }
  ],
  "Luke.10.37": [{ "t": "Rev.1.5", "v": 1, "ch": 1, "vs": 5 }],
  "Luke.11.2": [
    { "t": "Rev.15.4", "v": 6, "ch": 15, "vs": 4 },
    { "t": "Rev.20.4", "v": 4, "ch": 20, "vs": 4 },
    { "t": "Rev.19.6", "v": 3, "ch": 19, "vs": 6 },
    { "t": "Rev.11.15", "v": 3, "ch": 11, "vs": 15 }
  ],
  "Luke.11.4": [
    { "t": "Rev.3.10", "v": 2, "ch": 3, "vs": 10 },
    { "t": "Rev.2.10", "v": 2, "ch": 2, "vs": 10 }
  ],
  "Luke.11.9": [{ "t": "Rev.2.24", "v": 20, "ch": 2, "vs": 24 }],
  "Luke.11.12": [{ "t": "Rev.9.10", "v": 2, "ch": 9, "vs": 10 }],
  "Luke.11.17": [{ "t": "Rev.2.23", "v": 5, "ch": 2, "vs": 23 }],
  "Luke.11.22": [
    { "t": "Rev.20.1-Rev.20.3", "v": 3, "ch": 20, "vs": 1, "ve": 3 }
  ],
  "Luke.11.23": [
    { "t": "Rev.3.15-Rev.3.16", "v": 6, "ch": 3, "vs": 15, "ve": 16 }
  ],
  "Luke.11.28": [{ "t": "Rev.22.14", "v": 19, "ch": 22, "vs": 14 }],
  "Luke.11.35": [{ "t": "Rev.3.17", "v": 7, "ch": 3, "vs": 17 }],
  "Luke.11.50": [
    { "t": "Rev.18.20-Rev.18.24", "v": 4, "ch": 18, "vs": 20, "ve": 24 }
  ],
  "Luke.12.2": [
    { "t": "Rev.20.11-Rev.20.12", "v": 6, "ch": 20, "vs": 11, "ve": 12 }
  ],
  "Luke.12.4": [{ "t": "Rev.2.10", "v": 10, "ch": 2, "vs": 10 }],
  "Luke.12.5": [
    { "t": "Rev.14.7", "v": 15, "ch": 14, "vs": 7 },
    { "t": "Rev.20.14", "v": 6, "ch": 20, "vs": 14 },
    { "t": "Rev.15.4", "v": 5, "ch": 15, "vs": 4 }
  ],
  "Luke.12.8": [
    { "t": "Rev.2.13", "v": 7, "ch": 2, "vs": 13 },
    { "t": "Rev.3.4-Rev.3.5", "v": 6, "ch": 3, "vs": 4, "ve": 5 },
    { "t": "Rev.2.10", "v": 3, "ch": 2, "vs": 10 }
  ],
  "Luke.12.9": [{ "t": "Rev.3.8", "v": 5, "ch": 3, "vs": 8 }],
  "Luke.12.19": [{ "t": "Rev.18.7", "v": 3, "ch": 18, "vs": 7 }],
  "Luke.12.21": [{ "t": "Rev.2.9", "v": 6, "ch": 2, "vs": 9 }],
  "Luke.12.32": [
    { "t": "Rev.1.6", "v": 28, "ch": 1, "vs": 6 },
    { "t": "Rev.22.5", "v": 9, "ch": 22, "vs": 5 }
  ],
  "Luke.12.36": [{ "t": "Rev.3.20", "v": 5, "ch": 3, "vs": 20 }],
  "Luke.12.37": [
    { "t": "Rev.14.13", "v": 3, "ch": 14, "vs": 13 },
    { "t": "Rev.7.17", "v": 2, "ch": 7, "vs": 17 },
    { "t": "Rev.14.3-Rev.14.4", "v": 2, "ch": 14, "vs": 3, "ve": 4 },
    { "t": "Rev.3.21", "v": 2, "ch": 3, "vs": 21 }
  ],
  "Luke.12.39": [
    { "t": "Rev.3.3", "v": 5, "ch": 3, "vs": 3 },
    { "t": "Rev.16.15", "v": 4, "ch": 16, "vs": 15 }
  ],
  "Luke.12.40": [{ "t": "Rev.19.7", "v": 12, "ch": 19, "vs": 7 }],
  "Luke.12.44": [{ "t": "Rev.3.18", "v": 4, "ch": 3, "vs": 18 }],
  "Luke.12.45": [
    { "t": "Rev.18.24", "v": 3, "ch": 18, "vs": 24 },
    { "t": "Rev.13.7-Rev.13.10", "v": 2, "ch": 13, "vs": 7, "ve": 10 },
    { "t": "Rev.13.15-Rev.13.17", "v": 2, "ch": 13, "vs": 15, "ve": 17 },
    { "t": "Rev.17.5-Rev.17.6", "v": 2, "ch": 17, "vs": 5, "ve": 6 },
    { "t": "Rev.18.7-Rev.18.8", "v": 2, "ch": 18, "vs": 7, "ve": 8 },
    { "t": "Rev.16.6", "v": 2, "ch": 16, "vs": 6 }
  ],
  "Luke.12.46": [{ "t": "Rev.16.15", "v": 3, "ch": 16, "vs": 15 }],
  "Luke.12.58": [{ "t": "Rev.20.7", "v": 2, "ch": 20, "vs": 7 }],
  "Luke.13.3": [
    { "t": "Rev.2.21-Rev.2.22", "v": 8, "ch": 2, "vs": 21, "ve": 22 }
  ],
  "Luke.13.9": [
    { "t": "Rev.16.5-Rev.16.7", "v": 2, "ch": 16, "vs": 5, "ve": 7 },
    { "t": "Rev.15.3-Rev.15.4", "v": 1, "ch": 15, "vs": 3, "ve": 4 }
  ],
  "Luke.13.19": [{ "t": "Rev.11.15", "v": 1, "ch": 11, "vs": 15 }],
  "Luke.13.28": [
    { "t": "Rev.21.8", "v": 3, "ch": 21, "vs": 8 },
    { "t": "Rev.22.15", "v": 2, "ch": 22, "vs": 15 }
  ],
  "Luke.13.29": [
    { "t": "Rev.7.9-Rev.7.10", "v": 3, "ch": 7, "vs": 9, "ve": 10 }
  ],
  "Luke.13.34": [{ "t": "Rev.11.8", "v": 1, "ch": 11, "vs": 8 }],
  "Luke.14.10": [{ "t": "Rev.3.9", "v": 1, "ch": 3, "vs": 9 }],
  "Luke.14.14": [
    { "t": "Rev.20.4-Rev.20.5", "v": 2, "ch": 20, "vs": 4, "ve": 5 }
  ],
  "Luke.14.15": [{ "t": "Rev.19.9", "v": 11, "ch": 19, "vs": 9 }],
  "Luke.14.16": [
    { "t": "Rev.22.17", "v": 5, "ch": 22, "vs": 17 },
    { "t": "Rev.3.20", "v": 4, "ch": 3, "vs": 20 }
  ],
  "Luke.14.21": [
    { "t": "Rev.15.1-Rev.15.8", "v": 2, "ch": 15, "vs": 1, "ve": 8 },
    { "t": "Rev.22.17", "v": 2, "ch": 22, "vs": 17 },
    { "t": "Rev.19.15", "v": 2, "ch": 19, "vs": 15 }
  ],
  "Luke.14.22": [{ "t": "Rev.7.4-Rev.7.9", "v": 2, "ch": 7, "vs": 4, "ve": 9 }],
  "Luke.14.26": [{ "t": "Rev.12.11", "v": 25, "ch": 12, "vs": 11 }],
  "Luke.14.35": [
    { "t": "Rev.2.7", "v": 2, "ch": 2, "vs": 7 },
    { "t": "Rev.2.17", "v": 2, "ch": 2, "vs": 17 },
    { "t": "Rev.2.29", "v": 2, "ch": 2, "vs": 29 },
    { "t": "Rev.2.11", "v": 2, "ch": 2, "vs": 11 }
  ],
  "Luke.15.10": [
    { "t": "Rev.5.11-Rev.5.14", "v": 6, "ch": 5, "vs": 11, "ve": 14 }
  ],
  "Luke.15.15": [
    { "t": "Rev.2.21-Rev.2.22", "v": 1, "ch": 2, "vs": 21, "ve": 22 }
  ],
  "Luke.15.22": [
    { "t": "Rev.6.11", "v": 10, "ch": 6, "vs": 11 },
    { "t": "Rev.7.9", "v": 7, "ch": 7, "vs": 9 },
    { "t": "Rev.19.8", "v": 7, "ch": 19, "vs": 8 },
    { "t": "Rev.3.4-Rev.3.5", "v": 6, "ch": 3, "vs": 4, "ve": 5 },
    { "t": "Rev.2.17", "v": 4, "ch": 2, "vs": 17 },
    { "t": "Rev.7.13-Rev.7.14", "v": 4, "ch": 7, "vs": 13, "ve": 14 },
    { "t": "Rev.3.18", "v": 3, "ch": 3, "vs": 18 }
  ],
  "Luke.15.24": [{ "t": "Rev.3.1", "v": 4, "ch": 3, "vs": 1 }],
  "Luke.15.29": [
    { "t": "Rev.3.17", "v": 2, "ch": 3, "vs": 17 },
    { "t": "Rev.2.17", "v": 2, "ch": 2, "vs": 17 }
  ],
  "Luke.16.2": [{ "t": "Rev.20.12", "v": 3, "ch": 20, "vs": 12 }],
  "Luke.16.11": [{ "t": "Rev.3.18", "v": 4, "ch": 3, "vs": 18 }],
  "Luke.16.15": [{ "t": "Rev.2.23", "v": 6, "ch": 2, "vs": 23 }],
  "Luke.16.17": [
    { "t": "Rev.21.4", "v": 1, "ch": 21, "vs": 4 },
    { "t": "Rev.21.1", "v": 1, "ch": 21, "vs": 1 },
    { "t": "Rev.20.11", "v": 1, "ch": 20, "vs": 11 }
  ],
  "Luke.16.19": [
    { "t": "Rev.18.16", "v": 2, "ch": 18, "vs": 16 },
    { "t": "Rev.17.4", "v": 2, "ch": 17, "vs": 4 },
    { "t": "Rev.18.7", "v": 2, "ch": 18, "vs": 7 }
  ],
  "Luke.16.22": [{ "t": "Rev.14.13", "v": 7, "ch": 14, "vs": 13 }],
  "Luke.16.23": [
    { "t": "Rev.14.10-Rev.14.11", "v": 4, "ch": 14, "vs": 10, "ve": 11 },
    { "t": "Rev.20.10", "v": 3, "ch": 20, "vs": 10 },
    { "t": "Rev.20.13-Rev.20.14", "v": 3, "ch": 20, "vs": 13, "ve": 14 }
  ],
  "Luke.16.24": [
    { "t": "Rev.22.1", "v": 12, "ch": 22, "vs": 1 },
    { "t": "Rev.7.16-Rev.7.17", "v": 10, "ch": 7, "vs": 16, "ve": 17 },
    { "t": "Rev.20.15", "v": 5, "ch": 20, "vs": 15 },
    { "t": "Rev.14.10-Rev.14.11", "v": 3, "ch": 14, "vs": 10, "ve": 11 },
    { "t": "Rev.19.20", "v": 2, "ch": 19, "vs": 20 }
  ],
  "Luke.16.25": [{ "t": "Rev.7.14", "v": 2, "ch": 7, "vs": 14 }],
  "Luke.16.26": [
    { "t": "Rev.20.10", "v": 1, "ch": 20, "vs": 10 },
    { "t": "Rev.22.11", "v": -2, "ch": 22, "vs": 11 }
  ],
  "Luke.16.30": [
    { "t": "Rev.16.9-Rev.16.11", "v": 6, "ch": 16, "vs": 9, "ve": 11 }
  ],
  "Luke.17.1": [
    { "t": "Rev.13.14-Rev.13.18", "v": 5, "ch": 13, "vs": 14, "ve": 18 },
    { "t": "Rev.2.14", "v": 5, "ch": 2, "vs": 14 },
    { "t": "Rev.2.20", "v": 3, "ch": 2, "vs": 20 }
  ],
  "Luke.17.16": [
    { "t": "Rev.19.10", "v": 6, "ch": 19, "vs": 10 },
    { "t": "Rev.19.4-Rev.19.5", "v": 4, "ch": 19, "vs": 4, "ve": 5 },
    { "t": "Rev.5.14", "v": 3, "ch": 5, "vs": 14 },
    { "t": "Rev.4.10", "v": 3, "ch": 4, "vs": 10 }
  ],
  "Luke.17.18": [{ "t": "Rev.14.7", "v": 3, "ch": 14, "vs": 7 }],
  "Luke.17.29": [{ "t": "Rev.11.8", "v": 4, "ch": 11, "vs": 8 }],
  "Luke.17.30": [{ "t": "Rev.1.7", "v": 5, "ch": 1, "vs": 7 }],
  "Luke.17.33": [{ "t": "Rev.2.10", "v": 6, "ch": 2, "vs": 10 }],
  "Luke.17.37": [
    { "t": "Rev.19.17-Rev.19.18", "v": 4, "ch": 19, "vs": 17, "ve": 18 }
  ],
  "Luke.18.7": [
    { "t": "Rev.6.10", "v": 14, "ch": 6, "vs": 10 },
    { "t": "Rev.18.20", "v": 7, "ch": 18, "vs": 20 },
    { "t": "Rev.7.15", "v": 6, "ch": 7, "vs": 15 }
  ],
  "Luke.18.11": [{ "t": "Rev.3.17", "v": 8, "ch": 3, "vs": 17 }],
  "Luke.18.30": [
    { "t": "Rev.2.17", "v": 4, "ch": 2, "vs": 17 },
    { "t": "Rev.3.21", "v": 1, "ch": 3, "vs": 21 },
    { "t": "Rev.2.10", "v": 1, "ch": 2, "vs": 10 }
  ],
  "Luke.18.38": [{ "t": "Rev.22.16", "v": 2, "ch": 22, "vs": 16 }],
  "Luke.19.5": [{ "t": "Rev.3.20", "v": 17, "ch": 3, "vs": 20 }],
  "Luke.19.12": [{ "t": "Rev.1.7", "v": 3, "ch": 1, "vs": 7 }],
  "Luke.19.17": [
    { "t": "Rev.2.26-Rev.2.29", "v": 7, "ch": 2, "vs": 26, "ve": 29 }
  ],
  "Luke.19.26": [
    { "t": "Rev.2.3", "v": 4, "ch": 2, "vs": 3 },
    { "t": "Rev.3.11", "v": 3, "ch": 3, "vs": 11 }
  ],
  "Luke.19.38": [
    { "t": "Rev.19.1-Rev.19.6", "v": 8, "ch": 19, "vs": 1, "ve": 6 },
    { "t": "Rev.5.9-Rev.5.14", "v": 5, "ch": 5, "vs": 9, "ve": 14 }
  ],
  "Luke.20.35": [{ "t": "Rev.3.4", "v": 2, "ch": 3, "vs": 4 }],
  "Luke.20.36": [
    { "t": "Rev.21.4", "v": 6, "ch": 21, "vs": 4 },
    { "t": "Rev.20.6", "v": 4, "ch": 20, "vs": 6 },
    { "t": "Rev.22.9", "v": 3, "ch": 22, "vs": 9 },
    { "t": "Rev.22.2-Rev.22.5", "v": 2, "ch": 22, "vs": 2, "ve": 5 },
    { "t": "Rev.7.9-Rev.7.12", "v": 2, "ch": 7, "vs": 9, "ve": 12 },
    { "t": "Rev.5.6-Rev.5.14", "v": 2, "ch": 5, "vs": 6, "ve": 14 }
  ],
  "Luke.20.38": [
    { "t": "Rev.7.15-Rev.7.17", "v": 3, "ch": 7, "vs": 15, "ve": 17 },
    { "t": "Rev.22.1", "v": 2, "ch": 22, "vs": 1 }
  ],
  "Luke.20.41": [{ "t": "Rev.22.16", "v": 2, "ch": 22, "vs": 16 }],
  "Luke.20.43": [
    { "t": "Rev.19.14-Rev.19.21", "v": 3, "ch": 19, "vs": 14, "ve": 21 }
  ],
  "Luke.20.44": [{ "t": "Rev.22.16", "v": 3, "ch": 22, "vs": 16 }],
  "Luke.21.8": [
    { "t": "Rev.12.9", "v": 4, "ch": 12, "vs": 9 },
    { "t": "Rev.1.3", "v": -3, "ch": 1, "vs": 3 }
  ],
  "Luke.21.10": [
    { "t": "Rev.6.2-Rev.6.12", "v": 4, "ch": 6, "vs": 2, "ve": 12 }
  ],
  "Luke.21.12": [{ "t": "Rev.2.10", "v": 1, "ch": 2, "vs": 10 }],
  "Luke.21.16": [
    { "t": "Rev.6.9", "v": 4, "ch": 6, "vs": 9 },
    { "t": "Rev.2.13", "v": 2, "ch": 2, "vs": 13 },
    { "t": "Rev.12.11", "v": 2, "ch": 12, "vs": 11 }
  ],
  "Luke.21.17": [{ "t": "Rev.2.3", "v": 4, "ch": 2, "vs": 3 }],
  "Luke.21.19": [
    { "t": "Rev.3.10", "v": 13, "ch": 3, "vs": 10 },
    { "t": "Rev.13.10", "v": 10, "ch": 13, "vs": 10 },
    { "t": "Rev.14.12", "v": 7, "ch": 14, "vs": 12 },
    { "t": "Rev.2.2-Rev.2.3", "v": 4, "ch": 2, "vs": 2, "ve": 3 },
    { "t": "Rev.1.9", "v": 4, "ch": 1, "vs": 9 }
  ],
  "Luke.21.21": [{ "t": "Rev.18.4", "v": 2, "ch": 18, "vs": 4 }],
  "Luke.21.24": [{ "t": "Rev.11.2", "v": 13, "ch": 11, "vs": 2 }],
  "Luke.21.25": [
    { "t": "Rev.6.12-Rev.6.14", "v": 13, "ch": 6, "vs": 12, "ve": 14 },
    { "t": "Rev.20.11", "v": 9, "ch": 20, "vs": 11 }
  ],
  "Luke.21.27": [
    { "t": "Rev.1.7", "v": 5, "ch": 1, "vs": 7 },
    { "t": "Rev.14.14", "v": 1, "ch": 14, "vs": 14 }
  ],
  "Luke.21.33": [{ "t": "Rev.20.11", "v": 6, "ch": 20, "vs": 11 }],
  "Luke.21.34": [{ "t": "Rev.3.3", "v": 7, "ch": 3, "vs": 3 }],
  "Luke.21.35": [{ "t": "Rev.16.15", "v": 4, "ch": 16, "vs": 15 }],
  "Luke.22.11": [{ "t": "Rev.3.20", "v": 2, "ch": 3, "vs": 20 }],
  "Luke.22.16": [{ "t": "Rev.19.9", "v": 5, "ch": 19, "vs": 9 }],
  "Luke.22.29": [{ "t": "Rev.21.14", "v": 2, "ch": 21, "vs": 14 }],
  "Luke.22.30": [
    { "t": "Rev.2.26-Rev.2.27", "v": 5, "ch": 2, "vs": 26, "ve": 27 },
    { "t": "Rev.3.21", "v": 4, "ch": 3, "vs": 21 },
    { "t": "Rev.19.9", "v": 3, "ch": 19, "vs": 9 },
    { "t": "Rev.4.4", "v": 2, "ch": 4, "vs": 4 }
  ],
  "Luke.22.31": [{ "t": "Rev.12.10", "v": 13, "ch": 12, "vs": 10 }],
  "Luke.22.40": [{ "t": "Rev.3.10", "v": 5, "ch": 3, "vs": 10 }],
  "Luke.22.53": [
    { "t": "Rev.12.9-Rev.12.12", "v": 2, "ch": 12, "vs": 9, "ve": 12 }
  ],
  "Luke.22.61": [{ "t": "Rev.2.5", "v": 1, "ch": 2, "vs": 5 }],
  "Luke.22.69": [
    { "t": "Rev.22.1", "v": 4, "ch": 22, "vs": 1 },
    { "t": "Rev.3.21", "v": 4, "ch": 3, "vs": 21 }
  ],
  "Luke.23.12": [
    { "t": "Rev.17.13-Rev.17.14", "v": 4, "ch": 17, "vs": 13, "ve": 14 }
  ],
  "Luke.23.30": [
    { "t": "Rev.6.16", "v": 19, "ch": 6, "vs": 16 },
    { "t": "Rev.9.6", "v": 7, "ch": 9, "vs": 6 }
  ],
  "Luke.23.40": [
    { "t": "Rev.15.4", "v": 3, "ch": 15, "vs": 4 },
    { "t": "Rev.16.11", "v": 1, "ch": 16, "vs": 11 }
  ],
  "Luke.23.43": [{ "t": "Rev.2.7", "v": 51, "ch": 2, "vs": 7 }],
  "Luke.24.5": [
    { "t": "Rev.1.18", "v": 7, "ch": 1, "vs": 18 },
    { "t": "Rev.2.8", "v": 6, "ch": 2, "vs": 8 }
  ],
  "Luke.24.21": [{ "t": "Rev.5.9", "v": 2, "ch": 5, "vs": 9 }],
  "Luke.24.36": [{ "t": "Rev.1.4", "v": 3, "ch": 1, "vs": 4 }],
  "Luke.24.44": [{ "t": "Rev.19.10", "v": 12, "ch": 19, "vs": 10 }],
  "Luke.24.45": [{ "t": "Rev.3.7", "v": 7, "ch": 3, "vs": 7 }],
  "Luke.24.53": [{ "t": "Rev.22.21", "v": 1, "ch": 22, "vs": 21 }]
}
