{
  "John.1.1": [
    { "t": "Rev.19.13", "v": 156, "ch": 19, "vs": 13 },
    { "t": "Rev.22.13", "v": 134, "ch": 22, "vs": 13 },
    { "t": "Rev.1.8", "v": 90, "ch": 1, "vs": 8 },
    { "t": "Rev.21.6", "v": 60, "ch": 21, "vs": 6 },
    { "t": "Rev.1.17", "v": 33, "ch": 1, "vs": 17 },
    { "t": "Rev.3.14", "v": 29, "ch": 3, "vs": 14 },
    { "t": "Rev.1.2", "v": 28, "ch": 1, "vs": 2 },
    { "t": "Rev.2.8", "v": 24, "ch": 2, "vs": 8 },
    { "t": "Rev.1.11", "v": 7, "ch": 1, "vs": 11 }
  ],
  "John.1.3": [{ "t": "Rev.4.11", "v": 37, "ch": 4, "vs": 11 }],
  "John.1.4": [
    { "t": "Rev.22.16", "v": 7, "ch": 22, "vs": 16 },
    { "t": "Rev.22.1", "v": 2, "ch": 22, "vs": 1 }
  ],
  "John.1.14": [{ "t": "Rev.21.3", "v": 17, "ch": 21, "vs": 3 }],
  "John.1.15": [
    { "t": "Rev.1.17-Rev.1.18", "v": 3, "ch": 1, "vs": 17, "ve": 18 },
    { "t": "Rev.2.8", "v": 2, "ch": 2, "vs": 8 },
    { "t": "Rev.1.11", "v": 2, "ch": 1, "vs": 11 }
  ],
  "John.1.17": [
    { "t": "Rev.7.9-Rev.7.17", "v": 6, "ch": 7, "vs": 9, "ve": 17 },
    { "t": "Rev.5.8-Rev.5.10", "v": 6, "ch": 5, "vs": 8, "ve": 10 }
  ],
  "John.1.29": [
    { "t": "Rev.6.1", "v": 19, "ch": 6, "vs": 1 },
    { "t": "Rev.12.11", "v": 18, "ch": 12, "vs": 11 },
    { "t": "Rev.17.14", "v": 16, "ch": 17, "vs": 14 },
    { "t": "Rev.7.17", "v": 16, "ch": 7, "vs": 17 },
    { "t": "Rev.14.1", "v": 16, "ch": 14, "vs": 1 },
    { "t": "Rev.15.3", "v": 16, "ch": 15, "vs": 3 },
    { "t": "Rev.7.14", "v": 15, "ch": 7, "vs": 14 },
    { "t": "Rev.19.9", "v": 13, "ch": 19, "vs": 9 },
    { "t": "Rev.13.8", "v": 12, "ch": 13, "vs": 8 },
    { "t": "Rev.14.10", "v": 12, "ch": 14, "vs": 10 },
    { "t": "Rev.5.12-Rev.5.13", "v": 10, "ch": 5, "vs": 12, "ve": 13 },
    { "t": "Rev.14.4", "v": 10, "ch": 14, "vs": 4 },
    { "t": "Rev.19.7", "v": 10, "ch": 19, "vs": 7 },
    { "t": "Rev.1.5", "v": 10, "ch": 1, "vs": 5 },
    { "t": "Rev.5.8", "v": 10, "ch": 5, "vs": 8 },
    { "t": "Rev.21.9", "v": 10, "ch": 21, "vs": 9 },
    { "t": "Rev.21.27-Rev.22.3", "v": 9, "ch": 21, "vs": 27, "ve": 3 },
    { "t": "Rev.6.16", "v": 9, "ch": 6, "vs": 16 },
    { "t": "Rev.7.9-Rev.7.10", "v": 7, "ch": 7, "vs": 9, "ve": 10 },
    { "t": "Rev.5.6", "v": 7, "ch": 5, "vs": 6 },
    { "t": "Rev.21.14", "v": 6, "ch": 21, "vs": 14 },
    { "t": "Rev.21.22-Rev.21.23", "v": 5, "ch": 21, "vs": 22, "ve": 23 }
  ],
  "John.1.34": [{ "t": "Rev.2.18", "v": 5, "ch": 2, "vs": 18 }],
  "John.1.37": [{ "t": "Rev.22.17", "v": 4, "ch": 22, "vs": 17 }],
  "John.1.39": [{ "t": "Rev.3.20", "v": 5, "ch": 3, "vs": 20 }],
  "John.1.47": [{ "t": "Rev.14.5", "v": 5, "ch": 14, "vs": 5 }],
  "John.1.48": [
    { "t": "Rev.2.18-Rev.2.19", "v": 3, "ch": 2, "vs": 18, "ve": 19 }
  ],
  "John.1.51": [
    { "t": "Rev.4.1", "v": 8, "ch": 4, "vs": 1 },
    { "t": "Rev.19.11", "v": 7, "ch": 19, "vs": 11 }
  ],
  "John.2.2": [{ "t": "Rev.3.20", "v": 0, "ch": 3, "vs": 20 }],
  "John.2.10": [
    { "t": "Rev.7.16-Rev.7.17", "v": 13, "ch": 7, "vs": 16, "ve": 17 }
  ],
  "John.2.24": [{ "t": "Rev.2.23", "v": 8, "ch": 2, "vs": 23 }],
  "John.3.3": [{ "t": "Rev.3.14", "v": 8, "ch": 3, "vs": 14 }],
  "John.3.7": [{ "t": "Rev.21.27", "v": 5, "ch": 21, "vs": 27 }],
  "John.3.11": [
    { "t": "Rev.1.5", "v": 2, "ch": 1, "vs": 5 },
    { "t": "Rev.3.14", "v": 1, "ch": 3, "vs": 14 }
  ],
  "John.3.16": [{ "t": "Rev.1.5", "v": 140, "ch": 1, "vs": 5 }],
  "John.3.21": [
    { "t": "Rev.3.1-Rev.3.2", "v": 2, "ch": 3, "vs": 1, "ve": 2 },
    { "t": "Rev.3.15", "v": 2, "ch": 3, "vs": 15 }
  ],
  "John.3.23": [
    { "t": "Rev.19.6", "v": 1, "ch": 19, "vs": 6 },
    { "t": "Rev.1.15", "v": 1, "ch": 1, "vs": 15 },
    { "t": "Rev.14.2", "v": 1, "ch": 14, "vs": 2 }
  ],
  "John.3.29": [
    { "t": "Rev.21.9", "v": 8, "ch": 21, "vs": 9 },
    { "t": "Rev.19.7-Rev.19.9", "v": 7, "ch": 19, "vs": 7, "ve": 9 }
  ],
  "John.3.30": [{ "t": "Rev.11.15", "v": 9, "ch": 11, "vs": 15 }],
  "John.3.31": [{ "t": "Rev.19.16", "v": 5, "ch": 19, "vs": 16 }],
  "John.3.33": [{ "t": "Rev.7.3-Rev.7.8", "v": 2, "ch": 7, "vs": 3, "ve": 8 }],
  "John.3.34": [
    { "t": "Rev.22.1", "v": 2, "ch": 22, "vs": 1 },
    { "t": "Rev.22.16-Rev.22.17", "v": 2, "ch": 22, "vs": 16, "ve": 17 },
    { "t": "Rev.21.6", "v": 1, "ch": 21, "vs": 6 }
  ],
  "John.3.36": [
    { "t": "Rev.21.8", "v": 9, "ch": 21, "vs": 8 },
    { "t": "Rev.6.16-Rev.6.17", "v": 7, "ch": 6, "vs": 16, "ve": 17 }
  ],
  "John.4.1": [{ "t": "Rev.19.16", "v": 2, "ch": 19, "vs": 16 }],
  "John.4.10": [
    { "t": "Rev.7.17", "v": 54, "ch": 7, "vs": 17 },
    { "t": "Rev.21.6", "v": 33, "ch": 21, "vs": 6 },
    { "t": "Rev.22.1-Rev.22.2", "v": 24, "ch": 22, "vs": 1, "ve": 2 },
    { "t": "Rev.22.17", "v": 23, "ch": 22, "vs": 17 },
    { "t": "Rev.3.17-Rev.3.18", "v": 1, "ch": 3, "vs": 17, "ve": 18 }
  ],
  "John.4.14": [{ "t": "Rev.7.16", "v": 25, "ch": 7, "vs": 16 }],
  "John.4.16": [{ "t": "Rev.2.23", "v": 3, "ch": 2, "vs": 23 }],
  "John.4.29": [{ "t": "Rev.22.17", "v": 3, "ch": 22, "vs": 17 }],
  "John.4.32": [{ "t": "Rev.2.17", "v": 2, "ch": 2, "vs": 17 }],
  "John.4.40": [{ "t": "Rev.3.20", "v": 4, "ch": 3, "vs": 20 }],
  "John.5.14": [
    { "t": "Rev.2.21-Rev.2.23", "v": 7, "ch": 2, "vs": 21, "ve": 23 }
  ],
  "John.5.18": [
    { "t": "Rev.22.1", "v": 4, "ch": 22, "vs": 1 },
    { "t": "Rev.22.3", "v": 3, "ch": 22, "vs": 3 },
    { "t": "Rev.21.22-Rev.21.23", "v": 3, "ch": 21, "vs": 22, "ve": 23 }
  ],
  "John.5.19": [{ "t": "Rev.2.23", "v": 3, "ch": 2, "vs": 23 }],
  "John.5.22": [
    { "t": "Rev.20.11-Rev.20.12", "v": 5, "ch": 20, "vs": 11, "ve": 12 }
  ],
  "John.5.23": [
    { "t": "Rev.5.8-Rev.5.14", "v": 4, "ch": 5, "vs": 8, "ve": 14 }
  ],
  "John.5.25": [{ "t": "Rev.3.1", "v": 7, "ch": 3, "vs": 1 }],
  "John.5.26": [
    { "t": "Rev.22.17", "v": 4, "ch": 22, "vs": 17 },
    { "t": "Rev.22.1", "v": 3, "ch": 22, "vs": 1 },
    { "t": "Rev.21.6", "v": 3, "ch": 21, "vs": 6 },
    { "t": "Rev.7.17", "v": 2, "ch": 7, "vs": 17 }
  ],
  "John.5.28": [{ "t": "Rev.20.12", "v": 15, "ch": 20, "vs": 12 }],
  "John.5.31": [{ "t": "Rev.3.14", "v": 2, "ch": 3, "vs": 14 }],
  "John.5.39": [{ "t": "Rev.19.10", "v": 6, "ch": 19, "vs": 10 }],
  "John.5.40": [{ "t": "Rev.22.17", "v": 5, "ch": 22, "vs": 17 }],
  "John.5.42": [{ "t": "Rev.2.23", "v": 2, "ch": 2, "vs": 23 }],
  "John.6.9": [{ "t": "Rev.6.6", "v": 3, "ch": 6, "vs": 6 }],
  "John.6.19": [
    { "t": "Rev.21.16", "v": 1, "ch": 21, "vs": 16 },
    { "t": "Rev.14.20", "v": 1, "ch": 14, "vs": 20 }
  ],
  "John.6.20": [
    { "t": "Rev.1.17-Rev.1.18", "v": 6, "ch": 1, "vs": 17, "ve": 18 }
  ],
  "John.6.21": [{ "t": "Rev.3.20", "v": 6, "ch": 3, "vs": 20 }],
  "John.6.31": [{ "t": "Rev.2.17", "v": 5, "ch": 2, "vs": 17 }],
  "John.6.35": [
    { "t": "Rev.22.17", "v": 31, "ch": 22, "vs": 17 },
    { "t": "Rev.7.16", "v": 19, "ch": 7, "vs": 16 }
  ],
  "John.6.37": [{ "t": "Rev.22.17", "v": 4, "ch": 22, "vs": 17 }],
  "John.6.53": [
    { "t": "Rev.2.17", "v": 7, "ch": 2, "vs": 17 },
    { "t": "Rev.2.7", "v": 1, "ch": 2, "vs": 7 }
  ],
  "John.6.56": [{ "t": "Rev.3.20", "v": 6, "ch": 3, "vs": 20 }],
  "John.6.61": [{ "t": "Rev.2.23", "v": 2, "ch": 2, "vs": 23 }],
  "John.6.70": [
    { "t": "Rev.3.9-Rev.3.10", "v": 3, "ch": 3, "vs": 9, "ve": 10 }
  ],
  "John.7.7": [
    { "t": "Rev.11.5-Rev.11.11", "v": 2, "ch": 11, "vs": 5, "ve": 11 }
  ],
  "John.7.13": [{ "t": "Rev.2.13", "v": 2, "ch": 2, "vs": 13 }],
  "John.7.16": [{ "t": "Rev.1.1", "v": 1, "ch": 1, "vs": 1 }],
  "John.7.37": [
    { "t": "Rev.22.17", "v": 25, "ch": 22, "vs": 17 },
    { "t": "Rev.21.6", "v": 17, "ch": 21, "vs": 6 },
    { "t": "Rev.22.1", "v": 8, "ch": 22, "vs": 1 }
  ],
  "John.8.7": [
    { "t": "Rev.2.16", "v": 5, "ch": 2, "vs": 16 },
    { "t": "Rev.19.15", "v": 2, "ch": 19, "vs": 15 },
    { "t": "Rev.1.16", "v": 1, "ch": 1, "vs": 16 }
  ],
  "John.8.11": [
    { "t": "Rev.2.21-Rev.2.22", "v": 5, "ch": 2, "vs": 21, "ve": 22 }
  ],
  "John.8.12": [{ "t": "Rev.21.24", "v": 22, "ch": 21, "vs": 24 }],
  "John.8.14": [{ "t": "Rev.3.14", "v": 2, "ch": 3, "vs": 14 }],
  "John.8.16": [{ "t": "Rev.19.11", "v": 2, "ch": 19, "vs": 11 }],
  "John.8.17": [{ "t": "Rev.11.3", "v": 3, "ch": 11, "vs": 3 }],
  "John.8.18": [
    { "t": "Rev.1.17-Rev.1.18", "v": 3, "ch": 1, "vs": 17, "ve": 18 }
  ],
  "John.8.40": [
    { "t": "Rev.12.12-Rev.12.13", "v": 3, "ch": 12, "vs": 12, "ve": 13 },
    { "t": "Rev.12.17", "v": 2, "ch": 12, "vs": 17 },
    { "t": "Rev.12.4", "v": 2, "ch": 12, "vs": 4 }
  ],
  "John.8.42": [{ "t": "Rev.22.1", "v": 19, "ch": 22, "vs": 1 }],
  "John.8.44": [
    { "t": "Rev.12.9", "v": 21, "ch": 12, "vs": 9 },
    { "t": "Rev.20.7-Rev.20.10", "v": 17, "ch": 20, "vs": 7, "ve": 10 },
    { "t": "Rev.21.8", "v": 10, "ch": 21, "vs": 8 },
    { "t": "Rev.9.11", "v": 8, "ch": 9, "vs": 11 },
    { "t": "Rev.13.6-Rev.13.8", "v": 7, "ch": 13, "vs": 6, "ve": 8 },
    { "t": "Rev.2.10", "v": 7, "ch": 2, "vs": 10 },
    { "t": "Rev.20.2-Rev.20.3", "v": 7, "ch": 20, "vs": 2, "ve": 3 },
    { "t": "Rev.13.14", "v": 5, "ch": 13, "vs": 14 },
    { "t": "Rev.22.15", "v": 5, "ch": 22, "vs": 15 }
  ],
  "John.8.55": [{ "t": "Rev.3.9", "v": 4, "ch": 3, "vs": 9 }],
  "John.8.58": [
    { "t": "Rev.1.8", "v": 11, "ch": 1, "vs": 8 },
    { "t": "Rev.2.8", "v": 9, "ch": 2, "vs": 8 },
    { "t": "Rev.1.17-Rev.1.18", "v": 7, "ch": 1, "vs": 17, "ve": 18 },
    { "t": "Rev.1.11", "v": 1, "ch": 1, "vs": 11 }
  ],
  "John.9.5": [{ "t": "Rev.21.23", "v": 9, "ch": 21, "vs": 23 }],
  "John.9.6": [{ "t": "Rev.3.18", "v": 1, "ch": 3, "vs": 18 }],
  "John.9.22": [{ "t": "Rev.21.8", "v": 2, "ch": 21, "vs": 8 }],
  "John.9.32": [{ "t": "Rev.16.18", "v": 2, "ch": 16, "vs": 18 }],
  "John.9.34": [{ "t": "Rev.13.17", "v": 2, "ch": 13, "vs": 17 }],
  "John.9.38": [
    { "t": "Rev.5.9-Rev.5.14", "v": 2, "ch": 5, "vs": 9, "ve": 14 }
  ],
  "John.9.40": [{ "t": "Rev.3.17", "v": 3, "ch": 3, "vs": 17 }],
  "John.10.2": [
    { "t": "Rev.1.20-Rev.2.1", "v": 2, "ch": 1, "vs": 20, "ve": 1 }
  ],
  "John.10.3": [
    { "t": "Rev.3.20", "v": 5, "ch": 3, "vs": 20 },
    { "t": "Rev.7.17", "v": 4, "ch": 7, "vs": 17 },
    { "t": "Rev.3.7-Rev.3.8", "v": 3, "ch": 3, "vs": 7, "ve": 8 },
    { "t": "Rev.20.15", "v": 2, "ch": 20, "vs": 15 }
  ],
  "John.10.5": [{ "t": "Rev.2.2", "v": 3, "ch": 2, "vs": 2 }],
  "John.10.11": [{ "t": "Rev.7.17", "v": 36, "ch": 7, "vs": 17 }],
  "John.10.14": [
    { "t": "Rev.2.2", "v": 5, "ch": 2, "vs": 2 },
    { "t": "Rev.2.13", "v": 3, "ch": 2, "vs": 13 },
    { "t": "Rev.2.19", "v": 3, "ch": 2, "vs": 19 },
    { "t": "Rev.3.1", "v": 2, "ch": 3, "vs": 1 },
    { "t": "Rev.3.15", "v": 2, "ch": 3, "vs": 15 },
    { "t": "Rev.2.9", "v": 2, "ch": 2, "vs": 9 },
    { "t": "Rev.3.8", "v": 1, "ch": 3, "vs": 8 }
  ],
  "John.10.15": [{ "t": "Rev.5.2-Rev.5.9", "v": 2, "ch": 5, "vs": 2, "ve": 9 }],
  "John.10.16": [{ "t": "Rev.3.20", "v": 7, "ch": 3, "vs": 20 }],
  "John.10.27": [
    { "t": "Rev.3.20", "v": 38, "ch": 3, "vs": 20 },
    { "t": "Rev.14.4", "v": 8, "ch": 14, "vs": 4 }
  ],
  "John.11.3": [{ "t": "Rev.3.19", "v": 4, "ch": 3, "vs": 19 }],
  "John.11.18": [
    { "t": "Rev.14.20", "v": 3, "ch": 14, "vs": 20 },
    { "t": "Rev.21.16", "v": 2, "ch": 21, "vs": 16 }
  ],
  "John.11.25": [
    { "t": "Rev.21.4", "v": 17, "ch": 21, "vs": 4 },
    { "t": "Rev.20.5", "v": 15, "ch": 20, "vs": 5 },
    { "t": "Rev.22.17", "v": 12, "ch": 22, "vs": 17 },
    { "t": "Rev.20.10-Rev.20.15", "v": 10, "ch": 20, "vs": 10, "ve": 15 },
    { "t": "Rev.22.1", "v": 10, "ch": 22, "vs": 1 }
  ],
  "John.11.32": [
    { "t": "Rev.5.8", "v": 2, "ch": 5, "vs": 8 },
    { "t": "Rev.22.8", "v": 2, "ch": 22, "vs": 8 },
    { "t": "Rev.5.14", "v": 2, "ch": 5, "vs": 14 }
  ],
  "John.11.36": [{ "t": "Rev.1.5", "v": 4, "ch": 1, "vs": 5 }],
  "John.11.44": [{ "t": "Rev.1.18", "v": 3, "ch": 1, "vs": 18 }],
  "John.11.52": [
    { "t": "Rev.5.9", "v": 4, "ch": 5, "vs": 9 },
    { "t": "Rev.7.9-Rev.7.10", "v": 3, "ch": 7, "vs": 9, "ve": 10 }
  ],
  "John.12.2": [{ "t": "Rev.3.20", "v": 4, "ch": 3, "vs": 20 }],
  "John.12.13": [
    { "t": "Rev.15.3", "v": 9, "ch": 15, "vs": 3 },
    { "t": "Rev.7.9", "v": 6, "ch": 7, "vs": 9 },
    { "t": "Rev.19.16", "v": 3, "ch": 19, "vs": 16 }
  ],
  "John.12.17": [{ "t": "Rev.1.2", "v": 3, "ch": 1, "vs": 2 }],
  "John.12.24": [
    { "t": "Rev.7.9-Rev.7.17", "v": 7, "ch": 7, "vs": 9, "ve": 17 }
  ],
  "John.12.25": [{ "t": "Rev.12.11", "v": 10, "ch": 12, "vs": 11 }],
  "John.12.26": [{ "t": "Rev.14.4", "v": 3, "ch": 14, "vs": 4 }],
  "John.12.28": [
    { "t": "Rev.5.9-Rev.5.14", "v": 7, "ch": 5, "vs": 9, "ve": 14 }
  ],
  "John.12.29": [
    { "t": "Rev.14.2", "v": 3, "ch": 14, "vs": 2 },
    { "t": "Rev.8.5", "v": 2, "ch": 8, "vs": 5 },
    { "t": "Rev.6.1", "v": 2, "ch": 6, "vs": 1 },
    { "t": "Rev.18.1-Rev.18.2", "v": 2, "ch": 18, "vs": 1, "ve": 2 },
    { "t": "Rev.11.19", "v": 2, "ch": 11, "vs": 19 }
  ],
  "John.12.31": [
    { "t": "Rev.20.2-Rev.20.3", "v": 9, "ch": 20, "vs": 2, "ve": 3 },
    { "t": "Rev.12.9-Rev.12.11", "v": 8, "ch": 12, "vs": 9, "ve": 11 }
  ],
  "John.12.32": [{ "t": "Rev.5.9", "v": 7, "ch": 5, "vs": 9 }],
  "John.12.41": [{ "t": "Rev.19.10", "v": 2, "ch": 19, "vs": 10 }],
  "John.12.49": [{ "t": "Rev.1.1", "v": 3, "ch": 1, "vs": 1 }],
  "John.13.1": [{ "t": "Rev.1.5", "v": 3, "ch": 1, "vs": 5 }],
  "John.13.2": [{ "t": "Rev.17.17", "v": 2, "ch": 17, "vs": 17 }],
  "John.13.5": [
    { "t": "Rev.7.14", "v": 3, "ch": 7, "vs": 14 },
    { "t": "Rev.1.5", "v": 1, "ch": 1, "vs": 5 }
  ],
  "John.13.8": [
    { "t": "Rev.7.14", "v": 3, "ch": 7, "vs": 14 },
    { "t": "Rev.1.5", "v": 3, "ch": 1, "vs": 5 }
  ],
  "John.13.17": [{ "t": "Rev.22.14", "v": 5, "ch": 22, "vs": 14 }],
  "John.13.18": [{ "t": "Rev.2.23", "v": 0, "ch": 2, "vs": 23 }],
  "John.13.19": [
    { "t": "Rev.1.17-Rev.1.18", "v": 5, "ch": 1, "vs": 17, "ve": 18 }
  ],
  "John.13.23": [
    { "t": "Rev.1.16-Rev.1.18", "v": 4, "ch": 1, "vs": 16, "ve": 18 }
  ],
  "John.13.31": [
    { "t": "Rev.5.9-Rev.5.14", "v": 3, "ch": 5, "vs": 9, "ve": 14 }
  ],
  "John.13.32": [
    { "t": "Rev.22.3", "v": 3, "ch": 22, "vs": 3 },
    { "t": "Rev.22.1", "v": 3, "ch": 22, "vs": 1 },
    { "t": "Rev.3.21", "v": 2, "ch": 3, "vs": 21 },
    { "t": "Rev.21.22-Rev.21.23", "v": 2, "ch": 21, "vs": 22, "ve": 23 },
    { "t": "Rev.22.13", "v": 2, "ch": 22, "vs": 13 }
  ],
  "John.14.2": [
    { "t": "Rev.21.2", "v": 16, "ch": 21, "vs": 2 },
    { "t": "Rev.3.12", "v": 13, "ch": 3, "vs": 12 },
    { "t": "Rev.3.21", "v": 4, "ch": 3, "vs": 21 },
    { "t": "Rev.1.5", "v": 4, "ch": 1, "vs": 5 },
    { "t": "Rev.21.10-Rev.21.27", "v": 2, "ch": 21, "vs": 10, "ve": 27 }
  ],
  "John.14.3": [
    { "t": "Rev.3.21", "v": 5, "ch": 3, "vs": 21 },
    { "t": "Rev.21.22-Rev.21.23", "v": 5, "ch": 21, "vs": 22, "ve": 23 },
    { "t": "Rev.22.3-Rev.22.5", "v": 4, "ch": 22, "vs": 3, "ve": 5 }
  ],
  "John.14.6": [
    { "t": "Rev.20.15", "v": 60, "ch": 20, "vs": 15 },
    { "t": "Rev.22.17", "v": 54, "ch": 22, "vs": 17 },
    { "t": "Rev.7.9-Rev.7.17", "v": 26, "ch": 7, "vs": 9, "ve": 17 },
    { "t": "Rev.1.5", "v": 26, "ch": 1, "vs": 5 },
    { "t": "Rev.13.7-Rev.13.8", "v": 26, "ch": 13, "vs": 7, "ve": 8 },
    { "t": "Rev.19.11", "v": 26, "ch": 19, "vs": 11 },
    { "t": "Rev.5.8-Rev.5.9", "v": 25, "ch": 5, "vs": 8, "ve": 9 },
    { "t": "Rev.3.7", "v": 23, "ch": 3, "vs": 7 },
    { "t": "Rev.3.14", "v": 22, "ch": 3, "vs": 14 },
    { "t": "Rev.22.1", "v": 21, "ch": 22, "vs": 1 }
  ],
  "John.14.8": [
    { "t": "Rev.22.3-Rev.22.5", "v": 9, "ch": 22, "vs": 3, "ve": 5 }
  ],
  "John.14.17": [{ "t": "Rev.2.17", "v": 4, "ch": 2, "vs": 17 }],
  "John.14.21": [
    { "t": "Rev.22.14", "v": 11, "ch": 22, "vs": 14 },
    { "t": "Rev.3.20", "v": 10, "ch": 3, "vs": 20 },
    { "t": "Rev.2.17", "v": 9, "ch": 2, "vs": 17 }
  ],
  "John.14.23": [
    { "t": "Rev.3.20-Rev.3.21", "v": 24, "ch": 3, "vs": 20, "ve": 21 },
    { "t": "Rev.21.22", "v": 7, "ch": 21, "vs": 22 },
    { "t": "Rev.7.15-Rev.7.17", "v": 7, "ch": 7, "vs": 15, "ve": 17 },
    { "t": "Rev.22.3", "v": 6, "ch": 22, "vs": 3 }
  ],
  "John.14.26": [{ "t": "Rev.2.11", "v": 7, "ch": 2, "vs": 11 }],
  "John.14.27": [
    { "t": "Rev.2.10", "v": 12, "ch": 2, "vs": 10 },
    { "t": "Rev.1.4", "v": 12, "ch": 1, "vs": 4 },
    { "t": "Rev.21.8", "v": 10, "ch": 21, "vs": 8 }
  ],
  "John.14.28": [
    { "t": "Rev.1.17-Rev.1.18", "v": 3, "ch": 1, "vs": 17, "ve": 18 },
    { "t": "Rev.1.11", "v": 2, "ch": 1, "vs": 11 }
  ],
  "John.14.30": [
    { "t": "Rev.12.9", "v": 20, "ch": 12, "vs": 9 },
    { "t": "Rev.20.2-Rev.20.3", "v": 5, "ch": 20, "vs": 2, "ve": 3 },
    { "t": "Rev.20.7-Rev.20.8", "v": 4, "ch": 20, "vs": 7, "ve": 8 }
  ],
  "John.15.2": [{ "t": "Rev.3.19", "v": 29, "ch": 3, "vs": 19 }],
  "John.15.6": [
    { "t": "Rev.20.15", "v": 6, "ch": 20, "vs": 15 },
    { "t": "Rev.21.8", "v": 0, "ch": 21, "vs": 8 }
  ],
  "John.15.9": [{ "t": "Rev.1.5", "v": 9, "ch": 1, "vs": 5 }],
  "John.15.10": [{ "t": "Rev.22.14", "v": 9, "ch": 22, "vs": 14 }],
  "John.15.15": [{ "t": "Rev.1.1", "v": 15, "ch": 1, "vs": 1 }],
  "John.15.19": [
    { "t": "Rev.20.7-Rev.20.9", "v": 2, "ch": 20, "vs": 7, "ve": 9 },
    { "t": "Rev.12.17", "v": 1, "ch": 12, "vs": 17 },
    { "t": "Rev.12.9", "v": 0, "ch": 12, "vs": 9 }
  ],
  "John.15.21": [{ "t": "Rev.2.3", "v": 2, "ch": 2, "vs": 3 }],
  "John.15.25": [
    { "t": "Rev.21.6", "v": 3, "ch": 21, "vs": 6 },
    { "t": "Rev.22.17", "v": 2, "ch": 22, "vs": 17 }
  ],
  "John.15.26": [{ "t": "Rev.22.1", "v": 3, "ch": 22, "vs": 1 }],
  "John.15.27": [
    { "t": "Rev.1.2", "v": 2, "ch": 1, "vs": 2 },
    { "t": "Rev.1.9", "v": 2, "ch": 1, "vs": 9 }
  ],
  "John.16.2": [{ "t": "Rev.6.9", "v": 6, "ch": 6, "vs": 9 }],
  "John.16.11": [
    { "t": "Rev.12.7-Rev.12.10", "v": 5, "ch": 12, "vs": 7, "ve": 10 },
    { "t": "Rev.20.10-Rev.20.15", "v": 5, "ch": 20, "vs": 10, "ve": 15 },
    { "t": "Rev.1.7", "v": 4, "ch": 1, "vs": 7 },
    { "t": "Rev.20.2-Rev.20.3", "v": 3, "ch": 20, "vs": 2, "ve": 3 }
  ],
  "John.16.13": [
    { "t": "Rev.1.19", "v": 13, "ch": 1, "vs": 19 },
    { "t": "Rev.22.1-Rev.22.21", "v": 10, "ch": 22, "vs": 1, "ve": 21 },
    { "t": "Rev.1.1", "v": 9, "ch": 1, "vs": 1 },
    { "t": "Rev.6.1-Rev.6.17", "v": 3, "ch": 6, "vs": 1, "ve": 17 }
  ],
  "John.16.14": [{ "t": "Rev.19.10", "v": 5, "ch": 19, "vs": 10 }],
  "John.16.19": [{ "t": "Rev.2.23", "v": 2, "ch": 2, "vs": 23 }],
  "John.16.20": [
    { "t": "Rev.7.14-Rev.7.17", "v": 7, "ch": 7, "vs": 14, "ve": 17 },
    { "t": "Rev.18.7", "v": 3, "ch": 18, "vs": 7 },
    { "t": "Rev.11.10", "v": 3, "ch": 11, "vs": 10 }
  ],
  "John.16.21": [
    { "t": "Rev.12.2-Rev.12.5", "v": 3, "ch": 12, "vs": 2, "ve": 5 }
  ],
  "John.16.27": [
    { "t": "Rev.3.19", "v": 2, "ch": 3, "vs": 19 },
    { "t": "Rev.3.9", "v": 2, "ch": 3, "vs": 9 }
  ],
  "John.16.33": [
    { "t": "Rev.3.21", "v": 38, "ch": 3, "vs": 21 },
    { "t": "Rev.7.14", "v": 34, "ch": 7, "vs": 14 },
    { "t": "Rev.12.11", "v": 33, "ch": 12, "vs": 11 }
  ],
  "John.17.5": [
    { "t": "Rev.5.9-Rev.5.14", "v": 8, "ch": 5, "vs": 9, "ve": 14 },
    { "t": "Rev.3.21", "v": 1, "ch": 3, "vs": 21 },
    { "t": "Rev.13.8", "v": 0, "ch": 13, "vs": 8 }
  ],
  "John.17.6": [
    { "t": "Rev.3.8", "v": 3, "ch": 3, "vs": 8 },
    { "t": "Rev.2.13", "v": 2, "ch": 2, "vs": 13 }
  ],
  "John.17.9": [
    { "t": "Rev.20.15", "v": 5, "ch": 20, "vs": 15 },
    { "t": "Rev.13.8", "v": 4, "ch": 13, "vs": 8 },
    { "t": "Rev.12.9", "v": 3, "ch": 12, "vs": 9 }
  ],
  "John.17.10": [
    { "t": "Rev.5.8-Rev.5.14", "v": 11, "ch": 5, "vs": 8, "ve": 14 }
  ],
  "John.17.11": [
    { "t": "Rev.4.8", "v": 2, "ch": 4, "vs": 8 },
    { "t": "Rev.15.4", "v": 1, "ch": 15, "vs": 4 },
    { "t": "Rev.19.12", "v": 1, "ch": 19, "vs": 12 }
  ],
  "John.17.22": [{ "t": "Rev.21.14", "v": 1, "ch": 21, "vs": 14 }],
  "John.17.24": [
    { "t": "Rev.3.21", "v": 9, "ch": 3, "vs": 21 },
    { "t": "Rev.7.14-Rev.7.17", "v": 5, "ch": 7, "vs": 14, "ve": 17 },
    { "t": "Rev.21.22", "v": 2, "ch": 21, "vs": 22 }
  ],
  "John.17.25": [{ "t": "Rev.13.8", "v": 2, "ch": 13, "vs": 8 }],
  "John.18.37": [
    { "t": "Rev.1.4", "v": 3, "ch": 1, "vs": 4 },
    { "t": "Rev.3.14", "v": 3, "ch": 3, "vs": 14 }
  ],
  "John.19.20": [
    { "t": "Rev.16.16", "v": 2, "ch": 16, "vs": 16 },
    { "t": "Rev.9.11", "v": 1, "ch": 9, "vs": 11 }
  ],
  "John.19.34": [
    { "t": "Rev.7.14", "v": 5, "ch": 7, "vs": 14 },
    { "t": "Rev.1.5", "v": 3, "ch": 1, "vs": 5 }
  ],
  "John.19.37": [{ "t": "Rev.1.7", "v": 18, "ch": 1, "vs": 7 }],
  "John.20.1": [{ "t": "Rev.1.10", "v": 4, "ch": 1, "vs": 10 }],
  "John.20.12": [
    { "t": "Rev.3.4", "v": 3, "ch": 3, "vs": 4 },
    { "t": "Rev.7.14", "v": 2, "ch": 7, "vs": 14 }
  ],
  "John.20.17": [
    { "t": "Rev.21.7", "v": 3, "ch": 21, "vs": 7 },
    { "t": "Rev.21.3", "v": 3, "ch": 21, "vs": 3 }
  ],
  "John.20.19": [{ "t": "Rev.1.4", "v": 3, "ch": 1, "vs": 4 }],
  "John.20.28": [
    { "t": "Rev.5.9-Rev.5.14", "v": 4, "ch": 5, "vs": 9, "ve": 14 }
  ],
  "John.20.31": [{ "t": "Rev.2.18", "v": 4, "ch": 2, "vs": 18 }],
  "John.21.15": [{ "t": "Rev.2.23", "v": 4, "ch": 2, "vs": 23 }],
  "John.21.16": [{ "t": "Rev.7.17", "v": 1, "ch": 7, "vs": 17 }],
  "John.21.17": [
    { "t": "Rev.2.23", "v": 4, "ch": 2, "vs": 23 },
    { "t": "Rev.3.19", "v": 1, "ch": 3, "vs": 19 }
  ],
  "John.21.22": [
    { "t": "Rev.2.25", "v": 4, "ch": 2, "vs": 25 },
    { "t": "Rev.3.11", "v": 3, "ch": 3, "vs": 11 },
    { "t": "Rev.22.7", "v": 2, "ch": 22, "vs": 7 },
    { "t": "Rev.22.20", "v": 2, "ch": 22, "vs": 20 },
    { "t": "Rev.1.7", "v": 2, "ch": 1, "vs": 7 }
  ]
}
