{
  "Acts.1.2": [
    { "t": "Rev.3.16", "v": 2, "ch": 3, "vs": 16 },
    { "t": "Rev.21.14", "v": 2, "ch": 21, "vs": 14 },
    { "t": "Rev.2.11", "v": 2, "ch": 2, "vs": 11 },
    { "t": "Rev.2.7", "v": 2, "ch": 2, "vs": 7 },
    { "t": "Rev.3.13", "v": 2, "ch": 3, "vs": 13 },
    { "t": "Rev.1.1", "v": 2, "ch": 1, "vs": 1 },
    { "t": "Rev.3.22", "v": 2, "ch": 3, "vs": 22 },
    { "t": "Rev.2.29", "v": 2, "ch": 2, "vs": 29 },
    { "t": "Rev.2.17", "v": 1, "ch": 2, "vs": 17 }
  ],
  "Acts.1.8": [
    { "t": "Rev.11.3-Rev.11.6", "v": 10, "ch": 11, "vs": 3, "ve": 6 }
  ],
  "Acts.1.9": [
    { "t": "Rev.11.12", "v": 3, "ch": 11, "vs": 12 },
    { "t": "Rev.1.7", "v": 2, "ch": 1, "vs": 7 },
    { "t": "Rev.14.4", "v": 2, "ch": 14, "vs": 4 }
  ],
  "Acts.1.10": [
    { "t": "Rev.7.14", "v": 6, "ch": 7, "vs": 14 },
    { "t": "Rev.3.4", "v": 4, "ch": 3, "vs": 4 }
  ],
  "Acts.1.11": [{ "t": "Rev.1.7", "v": 24, "ch": 1, "vs": 7 }],
  "Acts.1.13": [{ "t": "Rev.1.1-Rev.1.3", "v": 3, "ch": 1, "vs": 1, "ve": 3 }],
  "Acts.1.15": [
    { "t": "Rev.11.13", "v": 2, "ch": 11, "vs": 13 },
    { "t": "Rev.3.4", "v": 2, "ch": 3, "vs": 4 }
  ],
  "Acts.1.24": [{ "t": "Rev.2.23", "v": 3, "ch": 2, "vs": 23 }],
  "Acts.2.3": [
    { "t": "Rev.14.6", "v": 2, "ch": 14, "vs": 6 },
    { "t": "Rev.11.3", "v": -1, "ch": 11, "vs": 3 }
  ],
  "Acts.2.9": [
    { "t": "Rev.1.4", "v": 4, "ch": 1, "vs": 4 },
    { "t": "Rev.1.11", "v": 2, "ch": 1, "vs": 11 }
  ],
  "Acts.2.10": [{ "t": "Rev.11.8", "v": 1, "ch": 11, "vs": 8 }],
  "Acts.2.20": [
    { "t": "Rev.6.12", "v": 3, "ch": 6, "vs": 12 },
    { "t": "Rev.16.8", "v": 3, "ch": 16, "vs": 8 }
  ],
  "Acts.2.23": [{ "t": "Rev.13.8", "v": 5, "ch": 13, "vs": 8 }],
  "Acts.2.24": [{ "t": "Rev.1.18", "v": 5, "ch": 1, "vs": 18 }],
  "Acts.2.27": [
    { "t": "Rev.1.18", "v": 9, "ch": 1, "vs": 18 },
    { "t": "Rev.20.13", "v": 5, "ch": 20, "vs": 13 },
    { "t": "Rev.3.7", "v": 3, "ch": 3, "vs": 7 }
  ],
  "Acts.2.30": [
    { "t": "Rev.19.16", "v": 2, "ch": 19, "vs": 16 },
    { "t": "Rev.17.14", "v": 2, "ch": 17, "vs": 14 }
  ],
  "Acts.2.35": [
    { "t": "Rev.19.19-Rev.20.3", "v": 5, "ch": 19, "vs": 19, "ve": 3 },
    { "t": "Rev.20.8-Rev.20.15", "v": 4, "ch": 20, "vs": 8, "ve": 15 }
  ],
  "Acts.2.39": [
    { "t": "Rev.19.9", "v": 6, "ch": 19, "vs": 9 },
    { "t": "Rev.17.14", "v": 4, "ch": 17, "vs": 14 }
  ],
  "Acts.2.40": [
    { "t": "Rev.18.4-Rev.18.5", "v": 3, "ch": 18, "vs": 4, "ve": 5 },
    { "t": "Rev.3.17-Rev.3.19", "v": 0, "ch": 3, "vs": 17, "ve": 19 }
  ],
  "Acts.3.13": [
    { "t": "Rev.1.18", "v": 2, "ch": 1, "vs": 18 },
    { "t": "Rev.1.5", "v": 2, "ch": 1, "vs": 5 }
  ],
  "Acts.3.14": [{ "t": "Rev.3.7", "v": 3, "ch": 3, "vs": 7 }],
  "Acts.3.15": [
    { "t": "Rev.21.6", "v": 7, "ch": 21, "vs": 6 },
    { "t": "Rev.22.17", "v": 4, "ch": 22, "vs": 17 },
    { "t": "Rev.22.1", "v": 3, "ch": 22, "vs": 1 }
  ],
  "Acts.3.18": [{ "t": "Rev.19.10", "v": 3, "ch": 19, "vs": 10 }],
  "Acts.3.19": [{ "t": "Rev.21.4", "v": 2, "ch": 21, "vs": 4 }],
  "Acts.3.20": [
    { "t": "Rev.19.11-Rev.19.16", "v": 2, "ch": 19, "vs": 11, "ve": 16 },
    { "t": "Rev.1.7", "v": 2, "ch": 1, "vs": 7 }
  ],
  "Acts.3.21": [
    { "t": "Rev.22.6", "v": 5, "ch": 22, "vs": 6 },
    { "t": "Rev.18.20", "v": 1, "ch": 18, "vs": 20 }
  ],
  "Acts.3.22": [{ "t": "Rev.1.1", "v": 3, "ch": 1, "vs": 1 }],
  "Acts.3.23": [
    { "t": "Rev.20.15", "v": 3, "ch": 20, "vs": 15 },
    { "t": "Rev.13.8", "v": 2, "ch": 13, "vs": 8 }
  ],
  "Acts.3.25": [
    { "t": "Rev.7.9", "v": 4, "ch": 7, "vs": 9 },
    { "t": "Rev.5.9", "v": 2, "ch": 5, "vs": 9 },
    { "t": "Rev.14.6", "v": 2, "ch": 14, "vs": 6 }
  ],
  "Acts.3.26": [{ "t": "Rev.7.4-Rev.7.9", "v": 3, "ch": 7, "vs": 4, "ve": 9 }],
  "Acts.4.12": [
    { "t": "Rev.7.9-Rev.7.10", "v": 27, "ch": 7, "vs": 9, "ve": 10 },
    { "t": "Rev.20.15", "v": 26, "ch": 20, "vs": 15 }
  ],
  "Acts.4.19": [
    { "t": "Rev.13.3-Rev.13.10", "v": 2, "ch": 13, "vs": 3, "ve": 10 },
    { "t": "Rev.14.9-Rev.14.12", "v": 2, "ch": 14, "vs": 9, "ve": 12 }
  ],
  "Acts.4.26": [
    { "t": "Rev.17.12-Rev.17.14", "v": 13, "ch": 17, "vs": 12, "ve": 14 },
    { "t": "Rev.17.17", "v": 3, "ch": 17, "vs": 17 },
    { "t": "Rev.11.15", "v": 2, "ch": 11, "vs": 15 },
    { "t": "Rev.12.10", "v": 2, "ch": 12, "vs": 10 },
    { "t": "Rev.19.16-Rev.19.21", "v": 1, "ch": 19, "vs": 16, "ve": 21 }
  ],
  "Acts.5.3": [
    { "t": "Rev.12.9-Rev.12.11", "v": 2, "ch": 12, "vs": 9, "ve": 11 }
  ],
  "Acts.5.5": [
    { "t": "Rev.11.5", "v": 3, "ch": 11, "vs": 5 },
    { "t": "Rev.11.13", "v": 3, "ch": 11, "vs": 13 }
  ],
  "Acts.5.11": [{ "t": "Rev.15.4", "v": 2, "ch": 15, "vs": 4 }],
  "Acts.5.18": [{ "t": "Rev.2.10", "v": 2, "ch": 2, "vs": 10 }],
  "Acts.5.29": [
    { "t": "Rev.14.8-Rev.14.12", "v": 6, "ch": 14, "vs": 8, "ve": 12 }
  ],
  "Acts.5.31": [{ "t": "Rev.1.5", "v": 6, "ch": 1, "vs": 5 }],
  "Acts.5.36": [
    { "t": "Rev.17.5", "v": 3, "ch": 17, "vs": 5 },
    { "t": "Rev.17.3", "v": 2, "ch": 17, "vs": 3 }
  ],
  "Acts.5.39": [
    { "t": "Rev.17.12-Rev.17.14", "v": 7, "ch": 17, "vs": 12, "ve": 14 }
  ],
  "Acts.6.5": [
    { "t": "Rev.2.15", "v": 2, "ch": 2, "vs": 15 },
    { "t": "Rev.2.6", "v": 2, "ch": 2, "vs": 6 }
  ],
  "Acts.7.2": [
    { "t": "Rev.4.11", "v": 2, "ch": 4, "vs": 11 },
    { "t": "Rev.5.12-Rev.5.13", "v": 2, "ch": 5, "vs": 12, "ve": 13 }
  ],
  "Acts.7.10": [{ "t": "Rev.7.14", "v": 6, "ch": 7, "vs": 14 }],
  "Acts.7.19": [
    { "t": "Rev.12.4-Rev.12.5", "v": 2, "ch": 12, "vs": 4, "ve": 5 }
  ],
  "Acts.7.23": [{ "t": "Rev.17.17", "v": 2, "ch": 17, "vs": 17 }],
  "Acts.7.32": [{ "t": "Rev.1.17", "v": 2, "ch": 1, "vs": 17 }],
  "Acts.7.35": [{ "t": "Rev.15.3", "v": 2, "ch": 15, "vs": 3 }],
  "Acts.7.41": [{ "t": "Rev.9.20", "v": 2, "ch": 9, "vs": 20 }],
  "Acts.7.49": [{ "t": "Rev.3.21", "v": 6, "ch": 3, "vs": 21 }],
  "Acts.7.52": [
    { "t": "Rev.19.10", "v": 3, "ch": 19, "vs": 10 },
    { "t": "Rev.3.7", "v": 2, "ch": 3, "vs": 7 }
  ],
  "Acts.7.55": [
    { "t": "Rev.4.1-Rev.4.3", "v": 2, "ch": 4, "vs": 1, "ve": 3 },
    { "t": "Rev.21.11", "v": 1, "ch": 21, "vs": 11 }
  ],
  "Acts.7.56": [
    { "t": "Rev.11.19", "v": 5, "ch": 11, "vs": 19 },
    { "t": "Rev.19.11", "v": 5, "ch": 19, "vs": 11 },
    { "t": "Rev.4.1", "v": 3, "ch": 4, "vs": 1 }
  ],
  "Acts.8.9": [
    { "t": "Rev.13.13-Rev.13.14", "v": 2, "ch": 13, "vs": 13, "ve": 14 },
    { "t": "Rev.22.15", "v": 2, "ch": 22, "vs": 15 }
  ],
  "Acts.8.10": [{ "t": "Rev.13.3", "v": 4, "ch": 13, "vs": 3 }],
  "Acts.8.20": [{ "t": "Rev.18.15", "v": 6, "ch": 18, "vs": 15 }],
  "Acts.8.21": [
    { "t": "Rev.22.19", "v": 4, "ch": 22, "vs": 19 },
    { "t": "Rev.2.23", "v": 3, "ch": 2, "vs": 23 },
    { "t": "Rev.20.6", "v": 3, "ch": 20, "vs": 6 }
  ],
  "Acts.8.22": [
    { "t": "Rev.2.21", "v": 3, "ch": 2, "vs": 21 },
    { "t": "Rev.3.17-Rev.3.18", "v": 2, "ch": 3, "vs": 17, "ve": 18 }
  ],
  "Acts.8.30": [{ "t": "Rev.13.18", "v": 1, "ch": 13, "vs": 18 }],
  "Acts.9.3": [
    { "t": "Rev.21.23", "v": 6, "ch": 21, "vs": 23 },
    { "t": "Rev.22.5", "v": 2, "ch": 22, "vs": 5 }
  ],
  "Acts.9.15": [{ "t": "Rev.17.14", "v": 3, "ch": 17, "vs": 14 }],
  "Acts.9.16": [{ "t": "Rev.1.9", "v": 2, "ch": 1, "vs": 9 }],
  "Acts.9.20": [{ "t": "Rev.2.18", "v": 1, "ch": 2, "vs": 18 }],
  "Acts.10.2": [{ "t": "Rev.15.4", "v": 3, "ch": 15, "vs": 4 }],
  "Acts.10.4": [{ "t": "Rev.8.4", "v": 9, "ch": 8, "vs": 4 }],
  "Acts.10.10": [
    { "t": "Rev.4.2-Rev.4.3", "v": 2, "ch": 4, "vs": 2, "ve": 3 },
    { "t": "Rev.1.10", "v": 2, "ch": 1, "vs": 10 }
  ],
  "Acts.10.11": [
    { "t": "Rev.4.1", "v": 2, "ch": 4, "vs": 1 },
    { "t": "Rev.11.19", "v": 2, "ch": 11, "vs": 19 },
    { "t": "Rev.19.11", "v": 2, "ch": 19, "vs": 11 }
  ],
  "Acts.10.15": [
    { "t": "Rev.14.20", "v": 1, "ch": 14, "vs": 20 },
    { "t": "Rev.14.14-Rev.14.17", "v": 1, "ch": 14, "vs": 14, "ve": 17 }
  ],
  "Acts.10.25": [
    { "t": "Rev.19.10", "v": 8, "ch": 19, "vs": 10 },
    { "t": "Rev.22.8-Rev.22.9", "v": 7, "ch": 22, "vs": 8, "ve": 9 }
  ],
  "Acts.10.26": [
    { "t": "Rev.19.10", "v": 9, "ch": 19, "vs": 10 },
    { "t": "Rev.22.8-Rev.22.9", "v": 7, "ch": 22, "vs": 8, "ve": 9 },
    { "t": "Rev.13.8", "v": 2, "ch": 13, "vs": 8 }
  ],
  "Acts.10.31": [
    { "t": "Rev.8.3-Rev.8.4", "v": 5, "ch": 8, "vs": 3, "ve": 4 },
    { "t": "Rev.5.8", "v": 5, "ch": 5, "vs": 8 }
  ],
  "Acts.10.36": [
    { "t": "Rev.17.14", "v": 6, "ch": 17, "vs": 14 },
    { "t": "Rev.19.16", "v": 4, "ch": 19, "vs": 16 },
    { "t": "Rev.1.18", "v": 3, "ch": 1, "vs": 18 },
    { "t": "Rev.1.5", "v": 2, "ch": 1, "vs": 5 }
  ],
  "Acts.10.42": [
    { "t": "Rev.22.12", "v": 4, "ch": 22, "vs": 12 },
    { "t": "Rev.20.11-Rev.20.15", "v": 4, "ch": 20, "vs": 11, "ve": 15 },
    { "t": "Rev.1.7", "v": 2, "ch": 1, "vs": 7 }
  ],
  "Acts.10.43": [{ "t": "Rev.19.10", "v": 4, "ch": 19, "vs": 10 }],
  "Acts.11.12": [{ "t": "Rev.22.17", "v": 1, "ch": 22, "vs": 17 }],
  "Acts.11.26": [{ "t": "Rev.3.18", "v": 2, "ch": 3, "vs": 18 }],
  "Acts.12.7": [{ "t": "Rev.18.1", "v": 2, "ch": 18, "vs": 1 }],
  "Acts.12.10": [{ "t": "Rev.3.7", "v": 1, "ch": 3, "vs": 7 }],
  "Acts.12.22": [{ "t": "Rev.13.4", "v": 4, "ch": 13, "vs": 4 }],
  "Acts.13.6": [{ "t": "Rev.19.20", "v": 2, "ch": 19, "vs": 20 }],
  "Acts.13.16": [
    { "t": "Rev.2.29", "v": 2, "ch": 2, "vs": 29 },
    { "t": "Rev.2.17", "v": 2, "ch": 2, "vs": 17 },
    { "t": "Rev.2.7", "v": 2, "ch": 2, "vs": 7 },
    { "t": "Rev.2.11", "v": 2, "ch": 2, "vs": 11 }
  ],
  "Acts.13.23": [{ "t": "Rev.22.16", "v": 6, "ch": 22, "vs": 16 }],
  "Acts.13.25": [{ "t": "Rev.11.7", "v": 2, "ch": 11, "vs": 7 }],
  "Acts.14.15": [
    { "t": "Rev.14.7", "v": 5, "ch": 14, "vs": 7 },
    { "t": "Rev.22.9", "v": 1, "ch": 22, "vs": 9 },
    { "t": "Rev.19.19", "v": 1, "ch": 19, "vs": 19 },
    { "t": "Rev.19.10", "v": 1, "ch": 19, "vs": 10 }
  ],
  "Acts.14.20": [
    { "t": "Rev.11.7-Rev.11.12", "v": 2, "ch": 11, "vs": 7, "ve": 12 }
  ],
  "Acts.14.22": [
    { "t": "Rev.2.10", "v": 15, "ch": 2, "vs": 10 },
    { "t": "Rev.7.14", "v": 6, "ch": 7, "vs": 14 },
    { "t": "Rev.1.9", "v": 3, "ch": 1, "vs": 9 }
  ],
  "Acts.14.27": [{ "t": "Rev.3.7-Rev.3.8", "v": 3, "ch": 3, "vs": 7, "ve": 8 }],
  "Acts.15.8": [{ "t": "Rev.2.23", "v": 3, "ch": 2, "vs": 23 }],
  "Acts.15.11": [{ "t": "Rev.5.9", "v": 2, "ch": 5, "vs": 9 }],
  "Acts.15.18": [
    { "t": "Rev.17.8", "v": 2, "ch": 17, "vs": 8 },
    { "t": "Rev.13.8", "v": 2, "ch": 13, "vs": 8 }
  ],
  "Acts.15.20": [
    { "t": "Rev.2.20", "v": 8, "ch": 2, "vs": 20 },
    { "t": "Rev.2.14", "v": 7, "ch": 2, "vs": 14 },
    { "t": "Rev.9.20", "v": 3, "ch": 9, "vs": 20 },
    { "t": "Rev.10.2", "v": 2, "ch": 10, "vs": 2 },
    { "t": "Rev.10.8", "v": 2, "ch": 10, "vs": 8 }
  ],
  "Acts.15.28": [{ "t": "Rev.2.24", "v": 3, "ch": 2, "vs": 24 }],
  "Acts.15.29": [
    { "t": "Rev.2.20", "v": 8, "ch": 2, "vs": 20 },
    { "t": "Rev.2.14", "v": 8, "ch": 2, "vs": 14 }
  ],
  "Acts.16.6": [
    { "t": "Rev.1.4", "v": 2, "ch": 1, "vs": 4 },
    { "t": "Rev.1.11", "v": 2, "ch": 1, "vs": 11 }
  ],
  "Acts.16.14": [
    { "t": "Rev.3.20", "v": 13, "ch": 3, "vs": 20 },
    { "t": "Rev.3.7", "v": 5, "ch": 3, "vs": 7 },
    { "t": "Rev.2.18-Rev.2.24", "v": 1, "ch": 2, "vs": 18, "ve": 24 },
    { "t": "Rev.1.11", "v": 0, "ch": 1, "vs": 11 }
  ],
  "Acts.16.16": [
    { "t": "Rev.18.11-Rev.18.13", "v": 2, "ch": 18, "vs": 11, "ve": 13 }
  ],
  "Acts.16.23": [
    { "t": "Rev.2.10", "v": 7, "ch": 2, "vs": 10 },
    { "t": "Rev.1.9", "v": 2, "ch": 1, "vs": 9 }
  ],
  "Acts.16.26": [
    { "t": "Rev.11.13", "v": 3, "ch": 11, "vs": 13 },
    { "t": "Rev.6.12", "v": 2, "ch": 6, "vs": 12 }
  ],
  "Acts.16.29": [{ "t": "Rev.3.9", "v": 3, "ch": 3, "vs": 9 }],
  "Acts.16.39": [{ "t": "Rev.3.9", "v": 1, "ch": 3, "vs": 9 }],
  "Acts.17.24": [{ "t": "Rev.20.11", "v": 12, "ch": 20, "vs": 11 }],
  "Acts.18.16": [{ "t": "Rev.12.16", "v": 2, "ch": 12, "vs": 16 }],
  "Acts.18.19": [
    { "t": "Rev.2.1", "v": 3, "ch": 2, "vs": 1 },
    { "t": "Rev.1.11", "v": 3, "ch": 1, "vs": 11 }
  ],
  "Acts.19.10": [
    { "t": "Rev.1.11", "v": 2, "ch": 1, "vs": 11 },
    { "t": "Rev.1.4", "v": 2, "ch": 1, "vs": 4 }
  ],
  "Acts.19.17": [
    { "t": "Rev.5.12-Rev.5.14", "v": 2, "ch": 5, "vs": 12, "ve": 14 }
  ],
  "Acts.19.25": [
    { "t": "Rev.18.11-Rev.18.19", "v": 2, "ch": 18, "vs": 11, "ve": 19 },
    { "t": "Rev.18.3", "v": 2, "ch": 18, "vs": 3 }
  ],
  "Acts.19.26": [{ "t": "Rev.9.20", "v": 4, "ch": 9, "vs": 20 }],
  "Acts.19.27": [
    { "t": "Rev.13.3", "v": 2, "ch": 13, "vs": 3 },
    { "t": "Rev.13.8", "v": 2, "ch": 13, "vs": 8 }
  ],
  "Acts.19.28": [
    { "t": "Rev.13.4", "v": 2, "ch": 13, "vs": 4 },
    { "t": "Rev.17.13", "v": 2, "ch": 17, "vs": 13 },
    { "t": "Rev.12.12", "v": 2, "ch": 12, "vs": 12 }
  ],
  "Acts.19.34": [{ "t": "Rev.13.4", "v": 2, "ch": 13, "vs": 4 }],
  "Acts.20.7": [{ "t": "Rev.1.10", "v": 6, "ch": 1, "vs": 10 }],
  "Acts.20.19": [{ "t": "Rev.7.15", "v": 2, "ch": 7, "vs": 15 }],
  "Acts.20.24": [{ "t": "Rev.12.11", "v": 5, "ch": 12, "vs": 11 }],
  "Acts.20.28": [{ "t": "Rev.5.9", "v": 3, "ch": 5, "vs": 9 }],
  "Acts.20.30": [{ "t": "Rev.2.6", "v": 2, "ch": 2, "vs": 6 }],
  "Acts.20.31": [{ "t": "Rev.16.15", "v": 2, "ch": 16, "vs": 15 }],
  "Acts.20.37": [
    { "t": "Rev.21.4", "v": 3, "ch": 21, "vs": 4 },
    { "t": "Rev.7.17", "v": 2, "ch": 7, "vs": 17 }
  ],
  "Acts.21.4": [{ "t": "Rev.1.10", "v": 1, "ch": 1, "vs": 10 }],
  "Acts.21.9": [{ "t": "Rev.2.20", "v": 5, "ch": 2, "vs": 20 }],
  "Acts.21.13": [
    { "t": "Rev.12.11", "v": 5, "ch": 12, "vs": 11 },
    { "t": "Rev.3.10", "v": 3, "ch": 3, "vs": 10 }
  ],
  "Acts.21.20": [
    { "t": "Rev.19.6-Rev.19.7", "v": 2, "ch": 19, "vs": 6, "ve": 7 }
  ],
  "Acts.21.40": [
    { "t": "Rev.9.11", "v": 2, "ch": 9, "vs": 11 },
    { "t": "Rev.16.16", "v": 2, "ch": 16, "vs": 16 }
  ],
  "Acts.22.6": [{ "t": "Rev.1.16", "v": 3, "ch": 1, "vs": 16 }],
  "Acts.22.17": [{ "t": "Rev.1.10", "v": 1, "ch": 1, "vs": 10 }],
  "Acts.22.20": [
    { "t": "Rev.2.13", "v": 3, "ch": 2, "vs": 13 },
    { "t": "Rev.17.6", "v": 2, "ch": 17, "vs": 6 }
  ],
  "Acts.24.14": [{ "t": "Rev.19.10", "v": 2, "ch": 19, "vs": 10 }],
  "Acts.24.15": [
    { "t": "Rev.20.12-Rev.20.13", "v": 5, "ch": 20, "vs": 12, "ve": 13 },
    { "t": "Rev.20.6", "v": 3, "ch": 20, "vs": 6 }
  ],
  "Acts.24.24": [{ "t": "Rev.14.12", "v": 2, "ch": 14, "vs": 12 }],
  "Acts.24.25": [
    { "t": "Rev.20.11-Rev.20.15", "v": 5, "ch": 20, "vs": 11, "ve": 15 }
  ],
  "Acts.25.19": [{ "t": "Rev.1.18", "v": 2, "ch": 1, "vs": 18 }],
  "Acts.26.7": [{ "t": "Rev.7.4-Rev.7.8", "v": 2, "ch": 7, "vs": 4, "ve": 8 }],
  "Acts.26.10": [{ "t": "Rev.17.6", "v": 2, "ch": 17, "vs": 6 }],
  "Acts.26.13": [
    { "t": "Rev.1.16", "v": 2, "ch": 1, "vs": 16 },
    { "t": "Rev.21.23", "v": 2, "ch": 21, "vs": 23 }
  ],
  "Acts.26.18": [
    { "t": "Rev.21.27", "v": 8, "ch": 21, "vs": 27 },
    { "t": "Rev.20.2-Rev.20.3", "v": 6, "ch": 20, "vs": 2, "ve": 3 }
  ],
  "Acts.26.20": [
    { "t": "Rev.2.5", "v": 5, "ch": 2, "vs": 5 },
    { "t": "Rev.3.3", "v": 5, "ch": 3, "vs": 3 },
    { "t": "Rev.2.21", "v": 3, "ch": 2, "vs": 21 },
    { "t": "Rev.16.11", "v": 3, "ch": 16, "vs": 11 }
  ],
  "Acts.26.22": [
    { "t": "Rev.15.3", "v": 3, "ch": 15, "vs": 3 },
    { "t": "Rev.11.18", "v": 1, "ch": 11, "vs": 18 },
    { "t": "Rev.20.12", "v": 1, "ch": 20, "vs": 12 }
  ],
  "Acts.26.23": [{ "t": "Rev.1.5", "v": 6, "ch": 1, "vs": 5 }],
  "Acts.27.11": [{ "t": "Rev.18.17", "v": 3, "ch": 18, "vs": 17 }],
  "Acts.27.23": [{ "t": "Rev.22.16", "v": 2, "ch": 22, "vs": 16 }],
  "Acts.27.24": [
    { "t": "Rev.1.17", "v": 4, "ch": 1, "vs": 17 },
    { "t": "Rev.11.5-Rev.11.7", "v": 3, "ch": 11, "vs": 5, "ve": 7 }
  ],
  "Acts.27.27": [{ "t": "Rev.18.17", "v": 2, "ch": 18, "vs": 17 }],
  "Acts.28.4": [{ "t": "Rev.21.8", "v": 1, "ch": 21, "vs": 8 }],
  "Acts.28.5": [{ "t": "Rev.9.3-Rev.9.4", "v": 2, "ch": 9, "vs": 3, "ve": 4 }],
  "Acts.28.16": [
    { "t": "Rev.17.9", "v": 2, "ch": 17, "vs": 9 },
    { "t": "Rev.17.18", "v": 2, "ch": 17, "vs": 18 }
  ]
}
