{
  "Rom.1.1": [
    { "t": "Rev.1.1", "v": 3, "ch": 1, "vs": 1 },
    { "t": "Rev.22.9", "v": 2, "ch": 22, "vs": 9 },
    { "t": "Rev.22.6", "v": 1, "ch": 22, "vs": 6 }
  ],
  "Rom.1.3": [{ "t": "Rev.2.18", "v": 2, "ch": 2, "vs": 18 }],
  "Rom.1.4": [
    { "t": "Rev.19.10", "v": 3, "ch": 19, "vs": 10 },
    { "t": "Rev.1.18", "v": 3, "ch": 1, "vs": 18 }
  ],
  "Rom.1.6": [{ "t": "Rev.17.14", "v": 8, "ch": 17, "vs": 14 }],
  "Rom.1.7": [
    { "t": "Rev.22.21", "v": 4, "ch": 22, "vs": 21 },
    { "t": "Rev.1.4-Rev.1.5", "v": 1, "ch": 1, "vs": 4, "ve": 5 },
    { "t": "Rev.2.1", "v": 1, "ch": 2, "vs": 1 },
    { "t": "Rev.2.18", "v": 0, "ch": 2, "vs": 18 },
    { "t": "Rev.2.8", "v": 0, "ch": 2, "vs": 8 },
    { "t": "Rev.3.22", "v": 0, "ch": 3, "vs": 22 },
    { "t": "Rev.3.14", "v": 0, "ch": 3, "vs": 14 },
    { "t": "Rev.3.7", "v": 0, "ch": 3, "vs": 7 },
    { "t": "Rev.2.12", "v": 0, "ch": 2, "vs": 12 },
    { "t": "Rev.2.29-Rev.3.1", "v": 0, "ch": 2, "vs": 29, "ve": 1 }
  ],
  "Rom.1.21": [
    { "t": "Rev.14.7", "v": 8, "ch": 14, "vs": 7 },
    { "t": "Rev.15.4", "v": 7, "ch": 15, "vs": 4 }
  ],
  "Rom.1.23": [{ "t": "Rev.9.20", "v": 3, "ch": 9, "vs": 20 }],
  "Rom.2.2": [
    { "t": "Rev.16.5", "v": 4, "ch": 16, "vs": 5 },
    { "t": "Rev.15.3-Rev.15.4", "v": 4, "ch": 15, "vs": 3, "ve": 4 },
    { "t": "Rev.19.2", "v": 4, "ch": 19, "vs": 2 }
  ],
  "Rom.2.4": [{ "t": "Rev.3.20", "v": 3, "ch": 3, "vs": 20 }],
  "Rom.2.5": [{ "t": "Rev.6.17", "v": 3, "ch": 6, "vs": 17 }],
  "Rom.2.6": [
    { "t": "Rev.22.12", "v": 10, "ch": 22, "vs": 12 },
    { "t": "Rev.20.12", "v": 10, "ch": 20, "vs": 12 },
    { "t": "Rev.2.23", "v": 8, "ch": 2, "vs": 23 }
  ],
  "Rom.2.7": [
    { "t": "Rev.2.10-Rev.2.11", "v": 8, "ch": 2, "vs": 10, "ve": 11 }
  ],
  "Rom.2.8": [
    { "t": "Rev.16.19", "v": 3, "ch": 16, "vs": 19 },
    { "t": "Rev.14.10", "v": 2, "ch": 14, "vs": 10 }
  ],
  "Rom.2.12": [
    { "t": "Rev.20.12-Rev.20.15", "v": 1, "ch": 20, "vs": 12, "ve": 15 }
  ],
  "Rom.2.16": [
    { "t": "Rev.20.11-Rev.20.15", "v": 4, "ch": 20, "vs": 11, "ve": 15 }
  ],
  "Rom.2.17": [
    { "t": "Rev.2.9", "v": 3, "ch": 2, "vs": 9 },
    { "t": "Rev.3.1", "v": 2, "ch": 3, "vs": 1 },
    { "t": "Rev.3.9", "v": 2, "ch": 3, "vs": 9 }
  ],
  "Rom.2.19": [
    { "t": "Rev.3.17-Rev.3.18", "v": 3, "ch": 3, "vs": 17, "ve": 18 }
  ],
  "Rom.2.28": [{ "t": "Rev.2.9", "v": 6, "ch": 2, "vs": 9 }],
  "Rom.3.2": [
    { "t": "Rev.22.6", "v": 2, "ch": 22, "vs": 6 },
    { "t": "Rev.19.10", "v": 2, "ch": 19, "vs": 10 }
  ],
  "Rom.3.4": [{ "t": "Rev.3.7", "v": 5, "ch": 3, "vs": 7 }],
  "Rom.3.5": [
    { "t": "Rev.16.5-Rev.16.7", "v": 2, "ch": 16, "vs": 5, "ve": 7 },
    { "t": "Rev.15.3", "v": 2, "ch": 15, "vs": 3 },
    { "t": "Rev.18.20", "v": 2, "ch": 18, "vs": 20 }
  ],
  "Rom.3.10": [
    { "t": "Rev.21.8", "v": 2, "ch": 21, "vs": 8 },
    { "t": "Rev.22.15", "v": 2, "ch": 22, "vs": 15 }
  ],
  "Rom.3.18": [{ "t": "Rev.19.5", "v": 2, "ch": 19, "vs": 5 }],
  "Rom.3.24": [
    { "t": "Rev.5.9", "v": 4, "ch": 5, "vs": 9 },
    { "t": "Rev.7.14", "v": 1, "ch": 7, "vs": 14 }
  ],
  "Rom.3.25": [
    { "t": "Rev.13.8", "v": 7, "ch": 13, "vs": 8 },
    { "t": "Rev.20.15", "v": 5, "ch": 20, "vs": 15 },
    { "t": "Rev.5.9", "v": 5, "ch": 5, "vs": 9 }
  ],
  "Rom.3.26": [{ "t": "Rev.15.3", "v": 2, "ch": 15, "vs": 3 }],
  "Rom.4.11": [{ "t": "Rev.9.4", "v": 3, "ch": 9, "vs": 4 }],
  "Rom.4.15": [
    { "t": "Rev.6.16-Rev.6.17", "v": 1, "ch": 6, "vs": 16, "ve": 17 },
    { "t": "Rev.19.15", "v": 0, "ch": 19, "vs": 15 }
  ],
  "Rom.4.25": [
    { "t": "Rev.1.5", "v": 5, "ch": 1, "vs": 5 },
    { "t": "Rev.5.9", "v": 3, "ch": 5, "vs": 9 },
    { "t": "Rev.7.14", "v": 0, "ch": 7, "vs": 14 }
  ],
  "Rom.5.2": [
    { "t": "Rev.22.4-Rev.22.5", "v": 3, "ch": 22, "vs": 4, "ve": 5 },
    { "t": "Rev.21.3", "v": 3, "ch": 21, "vs": 3 },
    { "t": "Rev.21.23", "v": 3, "ch": 21, "vs": 23 },
    { "t": "Rev.3.21", "v": 2, "ch": 3, "vs": 21 },
    { "t": "Rev.21.11", "v": 2, "ch": 21, "vs": 11 }
  ],
  "Rom.5.10": [{ "t": "Rev.1.18", "v": 7, "ch": 1, "vs": 18 }],
  "Rom.5.12": [
    { "t": "Rev.20.14-Rev.20.15", "v": 8, "ch": 20, "vs": 14, "ve": 15 }
  ],
  "Rom.5.15": [
    { "t": "Rev.7.14-Rev.7.17", "v": 2, "ch": 7, "vs": 14, "ve": 17 },
    { "t": "Rev.7.9-Rev.7.10", "v": 2, "ch": 7, "vs": 9, "ve": 10 }
  ],
  "Rom.5.17": [
    { "t": "Rev.22.5", "v": 10, "ch": 22, "vs": 5 },
    { "t": "Rev.20.4", "v": 8, "ch": 20, "vs": 4 },
    { "t": "Rev.20.6", "v": 8, "ch": 20, "vs": 6 },
    { "t": "Rev.3.21", "v": 6, "ch": 3, "vs": 21 },
    { "t": "Rev.5.9-Rev.5.10", "v": 5, "ch": 5, "vs": 9, "ve": 10 },
    { "t": "Rev.1.6", "v": 3, "ch": 1, "vs": 6 }
  ],
  "Rom.5.19": [
    { "t": "Rev.7.9-Rev.7.17", "v": -2, "ch": 7, "vs": 9, "ve": 17 }
  ],
  "Rom.6.9": [{ "t": "Rev.1.18", "v": 12, "ch": 1, "vs": 18 }],
  "Rom.6.21": [
    { "t": "Rev.16.6", "v": 2, "ch": 16, "vs": 6 },
    { "t": "Rev.20.14", "v": 2, "ch": 20, "vs": 14 }
  ],
  "Rom.6.22": [{ "t": "Rev.7.13", "v": 1, "ch": 7, "vs": 13 }],
  "Rom.6.23": [{ "t": "Rev.21.8", "v": 19, "ch": 21, "vs": 8 }],
  "Rom.7.4": [
    { "t": "Rev.19.7", "v": 4, "ch": 19, "vs": 7 },
    { "t": "Rev.21.9", "v": 2, "ch": 21, "vs": 9 }
  ],
  "Rom.7.24": [{ "t": "Rev.21.4", "v": 4, "ch": 21, "vs": 4 }],
  "Rom.8.2": [
    { "t": "Rev.22.1", "v": 11, "ch": 22, "vs": 1 },
    { "t": "Rev.11.11", "v": 7, "ch": 11, "vs": 11 }
  ],
  "Rom.8.4": [{ "t": "Rev.14.5", "v": 3, "ch": 14, "vs": 5 }],
  "Rom.8.9": [
    { "t": "Rev.13.8", "v": 5, "ch": 13, "vs": 8 },
    { "t": "Rev.20.15", "v": 5, "ch": 20, "vs": 15 }
  ],
  "Rom.8.10": [
    { "t": "Rev.14.13", "v": 5, "ch": 14, "vs": 13 },
    { "t": "Rev.7.14-Rev.7.17", "v": 2, "ch": 7, "vs": 14, "ve": 17 }
  ],
  "Rom.8.11": [
    { "t": "Rev.11.11", "v": 14, "ch": 11, "vs": 11 },
    { "t": "Rev.1.18", "v": 11, "ch": 1, "vs": 18 },
    { "t": "Rev.20.11-Rev.20.13", "v": 9, "ch": 20, "vs": 11, "ve": 13 }
  ],
  "Rom.8.14": [{ "t": "Rev.21.7", "v": 27, "ch": 21, "vs": 7 }],
  "Rom.8.17": [
    { "t": "Rev.21.7", "v": 17, "ch": 21, "vs": 7 },
    { "t": "Rev.3.21", "v": 4, "ch": 3, "vs": 21 }
  ],
  "Rom.8.19": [
    { "t": "Rev.21.1-Rev.21.5", "v": 9, "ch": 21, "vs": 1, "ve": 5 }
  ],
  "Rom.8.21": [
    { "t": "Rev.22.3-Rev.22.5", "v": 6, "ch": 22, "vs": 3, "ve": 5 },
    { "t": "Rev.21.1", "v": 2, "ch": 21, "vs": 1 }
  ],
  "Rom.8.22": [{ "t": "Rev.12.2", "v": 0, "ch": 12, "vs": 2 }],
  "Rom.8.25": [
    { "t": "Rev.1.9", "v": 2, "ch": 1, "vs": 9 },
    { "t": "Rev.13.10", "v": 1, "ch": 13, "vs": 10 },
    { "t": "Rev.14.12", "v": 1, "ch": 14, "vs": 12 }
  ],
  "Rom.8.27": [{ "t": "Rev.2.23", "v": 4, "ch": 2, "vs": 23 }],
  "Rom.8.28": [{ "t": "Rev.3.19", "v": 82, "ch": 3, "vs": 19 }],
  "Rom.8.29": [
    { "t": "Rev.13.8", "v": 411, "ch": 13, "vs": 8 },
    { "t": "Rev.1.5-Rev.1.6", "v": 152, "ch": 1, "vs": 5, "ve": 6 }
  ],
  "Rom.8.30": [
    { "t": "Rev.17.14", "v": 39, "ch": 17, "vs": 14 },
    { "t": "Rev.19.9", "v": 7, "ch": 19, "vs": 9 }
  ],
  "Rom.8.32": [{ "t": "Rev.21.7", "v": 6, "ch": 21, "vs": 7 }],
  "Rom.8.33": [
    { "t": "Rev.12.10-Rev.12.11", "v": 19, "ch": 12, "vs": 10, "ve": 11 }
  ],
  "Rom.8.34": [{ "t": "Rev.1.18", "v": 5, "ch": 1, "vs": 18 }],
  "Rom.8.35": [
    { "t": "Rev.7.14-Rev.7.17", "v": 10, "ch": 7, "vs": 14, "ve": 17 },
    { "t": "Rev.1.5", "v": 6, "ch": 1, "vs": 5 }
  ],
  "Rom.8.37": [
    { "t": "Rev.21.7", "v": 28, "ch": 21, "vs": 7 },
    { "t": "Rev.12.11", "v": 24, "ch": 12, "vs": 11 },
    { "t": "Rev.17.14", "v": 16, "ch": 17, "vs": 14 },
    { "t": "Rev.1.5", "v": 10, "ch": 1, "vs": 5 },
    { "t": "Rev.7.9-Rev.7.10", "v": 6, "ch": 7, "vs": 9, "ve": 10 },
    { "t": "Rev.3.9", "v": 5, "ch": 3, "vs": 9 },
    { "t": "Rev.11.7-Rev.11.12", "v": 4, "ch": 11, "vs": 7, "ve": 12 }
  ],
  "Rom.8.39": [
    { "t": "Rev.20.3", "v": 1, "ch": 20, "vs": 3 },
    { "t": "Rev.20.7", "v": 1, "ch": 20, "vs": 7 },
    { "t": "Rev.13.14", "v": 1, "ch": 13, "vs": 14 },
    { "t": "Rev.2.24", "v": 1, "ch": 2, "vs": 24 },
    { "t": "Rev.12.9", "v": 0, "ch": 12, "vs": 9 },
    { "t": "Rev.13.1-Rev.13.8", "v": 0, "ch": 13, "vs": 1, "ve": 8 },
    { "t": "Rev.19.20", "v": 0, "ch": 19, "vs": 20 }
  ],
  "Rom.9.2": [{ "t": "Rev.11.3", "v": 1, "ch": 11, "vs": 3 }],
  "Rom.9.5": [
    { "t": "Rev.1.18", "v": 5, "ch": 1, "vs": 18 },
    { "t": "Rev.22.16", "v": 4, "ch": 22, "vs": 16 },
    { "t": "Rev.22.20", "v": 3, "ch": 22, "vs": 20 },
    { "t": "Rev.5.14", "v": 2, "ch": 5, "vs": 14 }
  ],
  "Rom.9.11": [{ "t": "Rev.17.14", "v": 5, "ch": 17, "vs": 14 }],
  "Rom.9.14": [
    { "t": "Rev.16.7", "v": 8, "ch": 16, "vs": 7 },
    { "t": "Rev.15.3-Rev.15.4", "v": 4, "ch": 15, "vs": 3, "ve": 4 }
  ],
  "Rom.9.22": [
    { "t": "Rev.6.16-Rev.6.17", "v": 1, "ch": 6, "vs": 16, "ve": 17 },
    { "t": "Rev.6.9-Rev.6.11", "v": 1, "ch": 6, "vs": 9, "ve": 11 }
  ],
  "Rom.9.24": [{ "t": "Rev.19.9", "v": 2, "ch": 19, "vs": 9 }],
  "Rom.9.28": [{ "t": "Rev.19.11", "v": 3, "ch": 19, "vs": 11 }],
  "Rom.10.3": [
    { "t": "Rev.3.17-Rev.3.18", "v": 10, "ch": 3, "vs": 17, "ve": 18 }
  ],
  "Rom.10.7": [{ "t": "Rev.1.18", "v": 1, "ch": 1, "vs": 18 }],
  "Rom.10.10": [{ "t": "Rev.2.13", "v": 6, "ch": 2, "vs": 13 }],
  "Rom.10.12": [
    { "t": "Rev.17.14", "v": 15, "ch": 17, "vs": 14 },
    { "t": "Rev.19.16", "v": 4, "ch": 19, "vs": 16 }
  ],
  "Rom.10.17": [{ "t": "Rev.1.9", "v": 13, "ch": 1, "vs": 9 }],
  "Rom.11.12": [
    { "t": "Rev.11.15-Rev.11.19", "v": 2, "ch": 11, "vs": 15, "ve": 19 }
  ],
  "Rom.11.15": [
    { "t": "Rev.11.11", "v": 3, "ch": 11, "vs": 11 },
    { "t": "Rev.20.4-Rev.20.6", "v": 1, "ch": 20, "vs": 4, "ve": 6 }
  ],
  "Rom.11.16": [{ "t": "Rev.14.4", "v": 1, "ch": 14, "vs": 4 }],
  "Rom.11.17": [{ "t": "Rev.11.4", "v": 2, "ch": 11, "vs": 4 }],
  "Rom.11.20": [
    { "t": "Rev.3.17", "v": 2, "ch": 3, "vs": 17 },
    { "t": "Rev.18.7", "v": 2, "ch": 18, "vs": 7 }
  ],
  "Rom.11.22": [{ "t": "Rev.2.5", "v": 6, "ch": 2, "vs": 5 }],
  "Rom.11.25": [
    { "t": "Rev.7.9", "v": 3, "ch": 7, "vs": 9 },
    { "t": "Rev.10.7", "v": 3, "ch": 10, "vs": 7 },
    { "t": "Rev.11.15", "v": 2, "ch": 11, "vs": 15 },
    { "t": "Rev.20.2-Rev.20.4", "v": 2, "ch": 20, "vs": 2, "ve": 4 }
  ],
  "Rom.11.36": [
    { "t": "Rev.21.6", "v": 9, "ch": 21, "vs": 6 },
    { "t": "Rev.4.10-Rev.4.11", "v": 8, "ch": 4, "vs": 10, "ve": 11 },
    { "t": "Rev.5.12-Rev.5.14", "v": 8, "ch": 5, "vs": 12, "ve": 14 },
    { "t": "Rev.19.1", "v": 4, "ch": 19, "vs": 1 },
    { "t": "Rev.7.10", "v": 3, "ch": 7, "vs": 10 },
    { "t": "Rev.1.5-Rev.1.6", "v": 3, "ch": 1, "vs": 5, "ve": 6 },
    { "t": "Rev.19.6-Rev.19.7", "v": 3, "ch": 19, "vs": 6, "ve": 7 }
  ],
  "Rom.12.2": [
    { "t": "Rev.13.8", "v": 47, "ch": 13, "vs": 8 },
    { "t": "Rev.12.9", "v": 40, "ch": 12, "vs": 9 }
  ],
  "Rom.12.11": [
    { "t": "Rev.3.15-Rev.3.16", "v": 15, "ch": 3, "vs": 15, "ve": 16 },
    { "t": "Rev.2.4", "v": 1, "ch": 2, "vs": 4 }
  ],
  "Rom.12.12": [{ "t": "Rev.13.10", "v": 4, "ch": 13, "vs": 10 }],
  "Rom.12.16": [
    { "t": "Rev.13.7-Rev.13.8", "v": 1, "ch": 13, "vs": 7, "ve": 8 }
  ],
  "Rom.13.1": [
    { "t": "Rev.19.16", "v": 5, "ch": 19, "vs": 16 },
    { "t": "Rev.1.5", "v": 5, "ch": 1, "vs": 5 },
    { "t": "Rev.17.14", "v": 2, "ch": 17, "vs": 14 }
  ],
  "Rom.13.11": [
    { "t": "Rev.22.20", "v": 17, "ch": 22, "vs": 20 },
    { "t": "Rev.22.12", "v": 13, "ch": 22, "vs": 12 }
  ],
  "Rom.13.12": [
    { "t": "Rev.22.10", "v": 4, "ch": 22, "vs": 10 },
    { "t": "Rev.1.3", "v": 3, "ch": 1, "vs": 3 }
  ],
  "Rom.14.8": [{ "t": "Rev.14.13", "v": 8, "ch": 14, "vs": 13 }],
  "Rom.14.9": [
    { "t": "Rev.1.18", "v": 7, "ch": 1, "vs": 18 },
    { "t": "Rev.2.8", "v": 1, "ch": 2, "vs": 8 }
  ],
  "Rom.14.10": [
    { "t": "Rev.20.11-Rev.20.15", "v": 2, "ch": 20, "vs": 11, "ve": 15 }
  ],
  "Rom.14.11": [{ "t": "Rev.5.14", "v": 3, "ch": 5, "vs": 14 }],
  "Rom.14.13": [{ "t": "Rev.2.14", "v": 4, "ch": 2, "vs": 14 }],
  "Rom.14.21": [{ "t": "Rev.2.14", "v": 2, "ch": 2, "vs": 14 }],
  "Rom.15.6": [{ "t": "Rev.1.6", "v": 9, "ch": 1, "vs": 6 }],
  "Rom.15.12": [
    { "t": "Rev.22.16", "v": 8, "ch": 22, "vs": 16 },
    { "t": "Rev.5.5", "v": 6, "ch": 5, "vs": 5 }
  ],
  "Rom.16.4": [{ "t": "Rev.1.4", "v": 1, "ch": 1, "vs": 4 }],
  "Rom.16.5": [{ "t": "Rev.14.4", "v": 1, "ch": 14, "vs": 4 }],
  "Rom.16.7": [{ "t": "Rev.1.9", "v": 2, "ch": 1, "vs": 9 }],
  "Rom.16.18": [{ "t": "Rev.1.1", "v": 2, "ch": 1, "vs": 1 }],
  "Rom.16.20": [
    { "t": "Rev.12.10", "v": 10, "ch": 12, "vs": 10 },
    { "t": "Rev.22.21", "v": 6, "ch": 22, "vs": 21 },
    { "t": "Rev.20.1-Rev.20.3", "v": 6, "ch": 20, "vs": 1, "ve": 3 }
  ],
  "Rom.16.26": [
    { "t": "Rev.1.17", "v": 1, "ch": 1, "vs": 17 },
    { "t": "Rev.1.8-Rev.1.11", "v": 1, "ch": 1, "vs": 8, "ve": 11 },
    { "t": "Rev.19.10", "v": 1, "ch": 19, "vs": 10 }
  ],
  "Rom.16.27": [
    { "t": "Rev.7.10-Rev.7.12", "v": 3, "ch": 7, "vs": 10, "ve": 12 },
    { "t": "Rev.19.1-Rev.19.6", "v": 2, "ch": 19, "vs": 1, "ve": 6 },
    { "t": "Rev.5.9-Rev.5.14", "v": 2, "ch": 5, "vs": 9, "ve": 14 },
    { "t": "Rev.1.5-Rev.1.6", "v": 2, "ch": 1, "vs": 5, "ve": 6 },
    { "t": "Rev.4.9-Rev.4.11", "v": 1, "ch": 4, "vs": 9, "ve": 11 }
  ]
}
