{
  "1Cor.1.2": [{ "t": "Rev.19.16", "v": 2, "ch": 19, "vs": 16 }],
  "1Cor.1.6": [
    { "t": "Rev.1.2", "v": 6, "ch": 1, "vs": 2 },
    { "t": "Rev.12.17", "v": 3, "ch": 12, "vs": 17 },
    { "t": "Rev.19.10", "v": 3, "ch": 19, "vs": 10 },
    { "t": "Rev.12.11", "v": 2, "ch": 12, "vs": 11 },
    { "t": "Rev.6.9", "v": 2, "ch": 6, "vs": 9 },
    { "t": "Rev.1.9", "v": 2, "ch": 1, "vs": 9 }
  ],
  "1Cor.1.9": [{ "t": "Rev.19.11", "v": 11, "ch": 19, "vs": 11 }],
  "1Cor.1.28": [{ "t": "Rev.18.17", "v": 1, "ch": 18, "vs": 17 }],
  "1Cor.1.30": [
    { "t": "Rev.14.4", "v": 5, "ch": 14, "vs": 4 },
    { "t": "Rev.5.9", "v": 2, "ch": 5, "vs": 9 }
  ],
  "1Cor.2.1": [
    { "t": "Rev.1.2", "v": 2, "ch": 1, "vs": 2 },
    { "t": "Rev.1.9", "v": 1, "ch": 1, "vs": 9 },
    { "t": "Rev.19.10", "v": 1, "ch": 19, "vs": 10 }
  ],
  "1Cor.2.7": [{ "t": "Rev.13.8", "v": 6, "ch": 13, "vs": 8 }],
  "1Cor.2.10": [{ "t": "Rev.1.1", "v": 6, "ch": 1, "vs": 1 }],
  "1Cor.2.12": [
    { "t": "Rev.22.6", "v": 5, "ch": 22, "vs": 6 },
    { "t": "Rev.12.9", "v": -2, "ch": 12, "vs": 9 }
  ],
  "1Cor.3.8": [
    { "t": "Rev.22.12", "v": 7, "ch": 22, "vs": 12 },
    { "t": "Rev.2.23", "v": 2, "ch": 2, "vs": 23 }
  ],
  "1Cor.3.10": [
    { "t": "Rev.21.19", "v": 2, "ch": 21, "vs": 19 },
    { "t": "Rev.21.14", "v": 1, "ch": 21, "vs": 14 }
  ],
  "1Cor.3.12": [
    { "t": "Rev.3.18", "v": 4, "ch": 3, "vs": 18 },
    { "t": "Rev.21.18", "v": 4, "ch": 21, "vs": 18 },
    { "t": "Rev.2.14", "v": 3, "ch": 2, "vs": 14 }
  ],
  "1Cor.3.13": [{ "t": "Rev.20.12", "v": 12, "ch": 20, "vs": 12 }],
  "1Cor.3.14": [
    { "t": "Rev.2.8-Rev.2.11", "v": 3, "ch": 2, "vs": 8, "ve": 11 }
  ],
  "1Cor.3.15": [{ "t": "Rev.3.18", "v": 8, "ch": 3, "vs": 18 }],
  "1Cor.3.21": [{ "t": "Rev.21.7", "v": 6, "ch": 21, "vs": 7 }],
  "1Cor.4.5": [
    { "t": "Rev.20.12", "v": 7, "ch": 20, "vs": 12 },
    { "t": "Rev.1.7", "v": 3, "ch": 1, "vs": 7 }
  ],
  "1Cor.4.8": [
    { "t": "Rev.5.10", "v": 3, "ch": 5, "vs": 10 },
    { "t": "Rev.3.17", "v": 2, "ch": 3, "vs": 17 }
  ],
  "1Cor.4.9": [
    { "t": "Rev.6.9-Rev.6.11", "v": 4, "ch": 6, "vs": 9, "ve": 11 },
    { "t": "Rev.17.6-Rev.17.7", "v": 3, "ch": 17, "vs": 6, "ve": 7 },
    { "t": "Rev.7.11-Rev.7.14", "v": 3, "ch": 7, "vs": 11, "ve": 14 }
  ],
  "1Cor.4.17": [
    { "t": "Rev.2.10", "v": 5, "ch": 2, "vs": 10 },
    { "t": "Rev.2.13", "v": 4, "ch": 2, "vs": 13 }
  ],
  "1Cor.5.1": [
    { "t": "Rev.21.8", "v": 9, "ch": 21, "vs": 8 },
    { "t": "Rev.2.21", "v": 8, "ch": 2, "vs": 21 }
  ],
  "1Cor.5.2": [
    { "t": "Rev.2.20-Rev.2.22", "v": 4, "ch": 2, "vs": 20, "ve": 22 }
  ],
  "1Cor.5.7": [
    { "t": "Rev.5.12", "v": 7, "ch": 5, "vs": 12 },
    { "t": "Rev.5.6-Rev.5.9", "v": 5, "ch": 5, "vs": 6, "ve": 9 }
  ],
  "1Cor.5.10": [{ "t": "Rev.12.9", "v": 3, "ch": 12, "vs": 9 }],
  "1Cor.5.11": [
    { "t": "Rev.21.8", "v": 5, "ch": 21, "vs": 8 },
    { "t": "Rev.22.15", "v": 5, "ch": 22, "vs": 15 },
    { "t": "Rev.2.20", "v": 4, "ch": 2, "vs": 20 },
    { "t": "Rev.2.14", "v": 1, "ch": 2, "vs": 14 }
  ],
  "1Cor.6.2": [
    { "t": "Rev.20.4", "v": 17, "ch": 20, "vs": 4 },
    { "t": "Rev.3.21", "v": 16, "ch": 3, "vs": 21 },
    { "t": "Rev.2.26-Rev.2.27", "v": 13, "ch": 2, "vs": 26, "ve": 27 }
  ],
  "1Cor.6.9": [
    { "t": "Rev.22.15", "v": 29, "ch": 22, "vs": 15 },
    { "t": "Rev.21.8", "v": 27, "ch": 21, "vs": 8 }
  ],
  "1Cor.6.11": [
    { "t": "Rev.1.5", "v": 6, "ch": 1, "vs": 5 },
    { "t": "Rev.7.14", "v": 5, "ch": 7, "vs": 14 }
  ],
  "1Cor.6.20": [{ "t": "Rev.5.9", "v": 15, "ch": 5, "vs": 9 }],
  "1Cor.7.19": [{ "t": "Rev.22.14", "v": 3, "ch": 22, "vs": 14 }],
  "1Cor.7.23": [{ "t": "Rev.5.9", "v": 9, "ch": 5, "vs": 9 }],
  "1Cor.7.30": [
    { "t": "Rev.18.7", "v": 2, "ch": 18, "vs": 7 },
    { "t": "Rev.7.17", "v": 2, "ch": 7, "vs": 17 }
  ],
  "1Cor.8.1": [
    { "t": "Rev.2.14", "v": 6, "ch": 2, "vs": 14 },
    { "t": "Rev.2.20", "v": 1, "ch": 2, "vs": 20 }
  ],
  "1Cor.8.3": [
    { "t": "Rev.3.8-Rev.3.9", "v": 236, "ch": 3, "vs": 8, "ve": 9 },
    { "t": "Rev.2.19", "v": 69, "ch": 2, "vs": 19 },
    { "t": "Rev.2.9", "v": 37, "ch": 2, "vs": 9 },
    { "t": "Rev.3.15-Rev.3.16", "v": 30, "ch": 3, "vs": 15, "ve": 16 },
    { "t": "Rev.2.13", "v": 27, "ch": 2, "vs": 13 }
  ],
  "1Cor.8.6": [{ "t": "Rev.1.18", "v": 3, "ch": 1, "vs": 18 }],
  "1Cor.8.9": [{ "t": "Rev.2.14", "v": 2, "ch": 2, "vs": 14 }],
  "1Cor.9.24": [{ "t": "Rev.3.11", "v": 32, "ch": 3, "vs": 11 }],
  "1Cor.9.25": [
    { "t": "Rev.2.10", "v": 20, "ch": 2, "vs": 10 },
    { "t": "Rev.3.11", "v": 13, "ch": 3, "vs": 11 },
    { "t": "Rev.4.4", "v": -1, "ch": 4, "vs": 4 },
    { "t": "Rev.4.10", "v": -1, "ch": 4, "vs": 10 }
  ],
  "1Cor.10.1": [
    { "t": "Rev.15.2-Rev.15.3", "v": 1, "ch": 15, "vs": 2, "ve": 3 }
  ],
  "1Cor.10.4": [{ "t": "Rev.22.17", "v": 5, "ch": 22, "vs": 17 }],
  "1Cor.10.8": [{ "t": "Rev.2.14", "v": 6, "ch": 2, "vs": 14 }],
  "1Cor.10.10": [{ "t": "Rev.16.1", "v": 2, "ch": 16, "vs": 1 }],
  "1Cor.10.12": [
    { "t": "Rev.3.17-Rev.3.18", "v": 13, "ch": 3, "vs": 17, "ve": 18 }
  ],
  "1Cor.10.13": [
    { "t": "Rev.3.10", "v": 28, "ch": 3, "vs": 10 },
    { "t": "Rev.2.10", "v": 25, "ch": 2, "vs": 10 },
    { "t": "Rev.19.11", "v": 8, "ch": 19, "vs": 11 }
  ],
  "1Cor.10.14": [
    { "t": "Rev.21.8", "v": 11, "ch": 21, "vs": 8 },
    { "t": "Rev.22.15", "v": 8, "ch": 22, "vs": 15 },
    { "t": "Rev.13.8", "v": 6, "ch": 13, "vs": 8 },
    { "t": "Rev.2.14", "v": 5, "ch": 2, "vs": 14 }
  ],
  "1Cor.10.20": [{ "t": "Rev.9.20", "v": 12, "ch": 9, "vs": 20 }],
  "1Cor.11.26": [
    { "t": "Rev.1.7", "v": 9, "ch": 1, "vs": 7 },
    { "t": "Rev.20.11-Rev.20.12", "v": 4, "ch": 20, "vs": 11, "ve": 12 },
    { "t": "Rev.22.20", "v": 4, "ch": 22, "vs": 20 }
  ],
  "1Cor.11.30": [{ "t": "Rev.3.19", "v": 7, "ch": 3, "vs": 19 }],
  "1Cor.11.31": [
    { "t": "Rev.2.5", "v": 4, "ch": 2, "vs": 5 },
    { "t": "Rev.3.2-Rev.3.3", "v": 4, "ch": 3, "vs": 2, "ve": 3 }
  ],
  "1Cor.11.32": [{ "t": "Rev.3.19", "v": 7, "ch": 3, "vs": 19 }],
  "1Cor.12.3": [{ "t": "Rev.1.10", "v": 2, "ch": 1, "vs": 10 }],
  "1Cor.12.10": [{ "t": "Rev.2.2", "v": 4, "ch": 2, "vs": 2 }],
  "1Cor.12.18": [{ "t": "Rev.4.11", "v": 1, "ch": 4, "vs": 11 }],
  "1Cor.13.10": [
    { "t": "Rev.22.4-Rev.22.5", "v": 2, "ch": 22, "vs": 4, "ve": 5 },
    { "t": "Rev.21.22-Rev.21.23", "v": 2, "ch": 21, "vs": 22, "ve": 23 }
  ],
  "1Cor.13.12": [{ "t": "Rev.22.4", "v": 10, "ch": 22, "vs": 4 }],
  "1Cor.14.2": [{ "t": "Rev.10.7", "v": 2, "ch": 10, "vs": 7 }],
  "1Cor.14.16": [
    { "t": "Rev.5.14", "v": 6, "ch": 5, "vs": 14 },
    { "t": "Rev.7.12", "v": 3, "ch": 7, "vs": 12 },
    { "t": "Rev.22.20", "v": 2, "ch": 22, "vs": 20 }
  ],
  "1Cor.14.25": [
    { "t": "Rev.19.4", "v": 2, "ch": 19, "vs": 4 },
    { "t": "Rev.5.8", "v": 2, "ch": 5, "vs": 8 }
  ],
  "1Cor.14.38": [
    { "t": "Rev.22.11-Rev.22.12", "v": 4, "ch": 22, "vs": 11, "ve": 12 }
  ],
  "1Cor.15.3": [{ "t": "Rev.1.5", "v": 9, "ch": 1, "vs": 5 }],
  "1Cor.15.13": [{ "t": "Rev.1.18", "v": 5, "ch": 1, "vs": 18 }],
  "1Cor.15.18": [{ "t": "Rev.14.13", "v": 5, "ch": 14, "vs": 13 }],
  "1Cor.15.19": [{ "t": "Rev.14.13", "v": 8, "ch": 14, "vs": 13 }],
  "1Cor.15.20": [{ "t": "Rev.1.5", "v": 10, "ch": 1, "vs": 5 }],
  "1Cor.15.26": [
    { "t": "Rev.21.4", "v": 13, "ch": 21, "vs": 4 },
    { "t": "Rev.20.14", "v": 11, "ch": 20, "vs": 14 }
  ],
  "1Cor.15.27": [{ "t": "Rev.1.18", "v": 3, "ch": 1, "vs": 18 }],
  "1Cor.15.28": [
    { "t": "Rev.19.11-Rev.19.21", "v": 2, "ch": 19, "vs": 11, "ve": 21 },
    { "t": "Rev.20.10-Rev.20.15", "v": 2, "ch": 20, "vs": 10, "ve": 15 },
    { "t": "Rev.20.2-Rev.20.4", "v": 2, "ch": 20, "vs": 2, "ve": 4 }
  ],
  "1Cor.15.33": [
    { "t": "Rev.12.9", "v": 9, "ch": 12, "vs": 9 },
    { "t": "Rev.13.8-Rev.13.14", "v": 6, "ch": 13, "vs": 8, "ve": 14 }
  ],
  "1Cor.15.45": [
    { "t": "Rev.22.1", "v": 3, "ch": 22, "vs": 1 },
    { "t": "Rev.22.17", "v": 3, "ch": 22, "vs": 17 },
    { "t": "Rev.21.6", "v": 2, "ch": 21, "vs": 6 },
    { "t": "Rev.16.3", "v": 1, "ch": 16, "vs": 3 }
  ],
  "1Cor.15.52": [
    { "t": "Rev.9.13-Rev.9.14", "v": 5, "ch": 9, "vs": 13, "ve": 14 },
    { "t": "Rev.8.13", "v": 5, "ch": 8, "vs": 13 },
    { "t": "Rev.8.2", "v": 4, "ch": 8, "vs": 2 }
  ],
  "1Cor.15.54": [
    { "t": "Rev.20.14", "v": 12, "ch": 20, "vs": 14 },
    { "t": "Rev.21.4", "v": 10, "ch": 21, "vs": 4 }
  ],
  "1Cor.15.55": [
    { "t": "Rev.20.13-Rev.20.14", "v": 3, "ch": 20, "vs": 13, "ve": 14 },
    { "t": "Rev.9.10", "v": 0, "ch": 9, "vs": 10 }
  ],
  "1Cor.15.57": [
    { "t": "Rev.12.11", "v": 23, "ch": 12, "vs": 11 },
    { "t": "Rev.15.2-Rev.15.3", "v": 12, "ch": 15, "vs": 2, "ve": 3 }
  ],
  "1Cor.16.2": [{ "t": "Rev.1.10", "v": 3, "ch": 1, "vs": 10 }],
  "1Cor.16.9": [{ "t": "Rev.3.7-Rev.3.8", "v": 16, "ch": 3, "vs": 7, "ve": 8 }],
  "1Cor.16.13": [
    { "t": "Rev.3.2-Rev.3.3", "v": 30, "ch": 3, "vs": 2, "ve": 3 },
    { "t": "Rev.16.15", "v": 27, "ch": 16, "vs": 15 }
  ],
  "1Cor.15.15": [{ "t": "Rev.14.4", "v": 2, "ch": 14, "vs": 4 }],
  "1Cor.16.16": [{ "t": "Rev.2.3", "v": 2, "ch": 2, "vs": 3 }],
  "1Cor.16.19": [{ "t": "Rev.1.11", "v": 2, "ch": 1, "vs": 11 }],
  "1Cor.16.22": [{ "t": "Rev.22.20", "v": 4, "ch": 22, "vs": 20 }],
  "1Cor.16.24": [{ "t": "Rev.3.19", "v": 2, "ch": 3, "vs": 19 }]
}
