{
  "2Cor.1.18": [
    { "t": "Rev.3.7", "v": 3, "ch": 3, "vs": 7 },
    { "t": "Rev.3.14", "v": 3, "ch": 3, "vs": 14 }
  ],
  "2Cor.1.19": [
    { "t": "Rev.1.8", "v": 5, "ch": 1, "vs": 8 },
    { "t": "Rev.1.17", "v": 5, "ch": 1, "vs": 17 },
    { "t": "Rev.2.18", "v": 4, "ch": 2, "vs": 18 },
    { "t": "Rev.1.11", "v": 3, "ch": 1, "vs": 11 }
  ],
  "2Cor.1.20": [
    { "t": "Rev.7.12", "v": 9, "ch": 7, "vs": 12 },
    { "t": "Rev.3.14", "v": 6, "ch": 3, "vs": 14 }
  ],
  "2Cor.1.21": [
    { "t": "Rev.1.6", "v": 2, "ch": 1, "vs": 6 },
    { "t": "Rev.3.18", "v": 2, "ch": 3, "vs": 18 }
  ],
  "2Cor.1.22": [
    { "t": "Rev.9.4", "v": 7, "ch": 9, "vs": 4 },
    { "t": "Rev.2.17", "v": 3, "ch": 2, "vs": 17 },
    { "t": "Rev.7.3", "v": 3, "ch": 7, "vs": 3 }
  ],
  "2Cor.2.11": [
    { "t": "Rev.12.9-Rev.12.11", "v": 13, "ch": 12, "vs": 9, "ve": 11 },
    { "t": "Rev.2.24", "v": 6, "ch": 2, "vs": 24 },
    { "t": "Rev.13.8", "v": 3, "ch": 13, "vs": 8 }
  ],
  "2Cor.2.12": [{ "t": "Rev.3.7-Rev.3.8", "v": 3, "ch": 3, "vs": 7, "ve": 8 }],
  "2Cor.2.14": [{ "t": "Rev.7.12", "v": 4, "ch": 7, "vs": 12 }],
  "2Cor.2.17": [
    { "t": "Rev.2.20", "v": 5, "ch": 2, "vs": 20 },
    { "t": "Rev.2.14-Rev.2.15", "v": 5, "ch": 2, "vs": 14, "ve": 15 },
    { "t": "Rev.12.9", "v": 3, "ch": 12, "vs": 9 },
    { "t": "Rev.19.20", "v": 3, "ch": 19, "vs": 20 }
  ],
  "2Cor.3.3": [
    { "t": "Rev.2.8", "v": 2, "ch": 2, "vs": 8 },
    { "t": "Rev.2.18", "v": 2, "ch": 2, "vs": 18 },
    { "t": "Rev.3.22", "v": 2, "ch": 3, "vs": 22 },
    { "t": "Rev.2.12", "v": 1, "ch": 2, "vs": 12 },
    { "t": "Rev.3.7", "v": 1, "ch": 3, "vs": 7 },
    { "t": "Rev.2.1", "v": 1, "ch": 2, "vs": 1 },
    { "t": "Rev.3.14", "v": 1, "ch": 3, "vs": 14 },
    { "t": "Rev.3.1", "v": 0, "ch": 3, "vs": 1 }
  ],
  "2Cor.3.10": [
    { "t": "Rev.21.23-Rev.21.24", "v": 2, "ch": 21, "vs": 23, "ve": 24 },
    { "t": "Rev.22.5", "v": 1, "ch": 22, "vs": 5 }
  ],
  "2Cor.4.1": [{ "t": "Rev.2.3", "v": 6, "ch": 2, "vs": 3 }],
  "2Cor.4.4": [
    { "t": "Rev.20.2-Rev.20.3", "v": 16, "ch": 20, "vs": 2, "ve": 3 }
  ],
  "2Cor.4.10": [{ "t": "Rev.1.17", "v": 3, "ch": 1, "vs": 17 }],
  "2Cor.4.15": [
    { "t": "Rev.5.8-Rev.5.14", "v": 2, "ch": 5, "vs": 8, "ve": 14 },
    { "t": "Rev.4.8-Rev.4.11", "v": 2, "ch": 4, "vs": 8, "ve": 11 },
    { "t": "Rev.19.4-Rev.19.6", "v": 2, "ch": 19, "vs": 4, "ve": 6 }
  ],
  "2Cor.5.3": [
    { "t": "Rev.3.18", "v": 2, "ch": 3, "vs": 18 },
    { "t": "Rev.16.15", "v": 1, "ch": 16, "vs": 15 }
  ],
  "2Cor.5.6": [{ "t": "Rev.1.9", "v": 2, "ch": 1, "vs": 9 }],
  "2Cor.5.8": [
    { "t": "Rev.22.3", "v": 2, "ch": 22, "vs": 3 },
    { "t": "Rev.7.14-Rev.7.17", "v": 1, "ch": 7, "vs": 14, "ve": 17 }
  ],
  "2Cor.5.10": [
    { "t": "Rev.22.12", "v": 38, "ch": 22, "vs": 12 },
    { "t": "Rev.2.23", "v": 13, "ch": 2, "vs": 23 },
    { "t": "Rev.20.11-Rev.20.15", "v": 12, "ch": 20, "vs": 11, "ve": 15 }
  ],
  "2Cor.5.11": [{ "t": "Rev.20.15", "v": 3, "ch": 20, "vs": 15 }],
  "2Cor.5.15": [{ "t": "Rev.1.18", "v": 14, "ch": 1, "vs": 18 }],
  "2Cor.5.17": [
    { "t": "Rev.21.1-Rev.21.5", "v": 42, "ch": 21, "vs": 1, "ve": 5 }
  ],
  "2Cor.6.4": [
    { "t": "Rev.3.10", "v": 2, "ch": 3, "vs": 10 },
    { "t": "Rev.1.9", "v": 2, "ch": 1, "vs": 9 }
  ],
  "2Cor.6.5": [{ "t": "Rev.2.10", "v": 2, "ch": 2, "vs": 10 }],
  "2Cor.6.8": [{ "t": "Rev.3.9", "v": 3, "ch": 3, "vs": 9 }],
  "2Cor.6.10": [
    { "t": "Rev.2.9", "v": 8, "ch": 2, "vs": 9 },
    { "t": "Rev.21.7", "v": 0, "ch": 21, "vs": 7 }
  ],
  "2Cor.6.11": [{ "t": "Rev.22.12", "v": 4, "ch": 22, "vs": 12 }],
  "2Cor.6.16": [
    { "t": "Rev.21.3", "v": 425, "ch": 21, "vs": 3 },
    { "t": "Rev.21.7", "v": 117, "ch": 21, "vs": 7 },
    { "t": "Rev.2.1", "v": 25, "ch": 2, "vs": 1 }
  ],
  "2Cor.6.17": [{ "t": "Rev.18.4", "v": 31, "ch": 18, "vs": 4 }],
  "2Cor.6.18": [
    { "t": "Rev.21.7", "v": 15, "ch": 21, "vs": 7 },
    { "t": "Rev.1.8", "v": 5, "ch": 1, "vs": 8 },
    { "t": "Rev.21.22", "v": 0, "ch": 21, "vs": 22 }
  ],
  "2Cor.7.8": [{ "t": "Rev.3.19", "v": 3, "ch": 3, "vs": 19 }],
  "2Cor.7.11": [{ "t": "Rev.3.19", "v": 3, "ch": 3, "vs": 19 }],
  "2Cor.8.2": [{ "t": "Rev.2.9", "v": 4, "ch": 2, "vs": 9 }],
  "2Cor.8.7": [{ "t": "Rev.3.17", "v": 3, "ch": 3, "vs": 17 }],
  "2Cor.8.9": [
    { "t": "Rev.3.18", "v": 2, "ch": 3, "vs": 18 },
    { "t": "Rev.21.7", "v": 0, "ch": 21, "vs": 7 }
  ],
  "2Cor.8.16": [{ "t": "Rev.17.17", "v": 4, "ch": 17, "vs": 17 }],
  "2Cor.9.15": [{ "t": "Rev.4.9", "v": 9, "ch": 4, "vs": 9 }],
  "2Cor.10.1": [{ "t": "Rev.1.9", "v": 2, "ch": 1, "vs": 9 }],
  "2Cor.11.3": [
    { "t": "Rev.12.9", "v": 11, "ch": 12, "vs": 9 },
    { "t": "tRev.20.2", "v": 2, "ch": 20, "vs": 2 }
  ],
  "2Cor.11.11": [{ "t": "Rev.2.23", "v": 2, "ch": 2, "vs": 23 }],
  "2Cor.11.13": [
    { "t": "Rev.2.2", "v": 11, "ch": 2, "vs": 2 },
    { "t": "Rev.19.20", "v": 5, "ch": 19, "vs": 20 },
    { "t": "Rev.2.9", "v": 4, "ch": 2, "vs": 9 },
    { "t": "Rev.2.20", "v": 4, "ch": 2, "vs": 20 }
  ],
  "2Cor.11.14": [{ "t": "Rev.12.9", "v": 8, "ch": 12, "vs": 9 }],
  "2Cor.11.15": [
    { "t": "Rev.9.11", "v": 3, "ch": 9, "vs": 11 },
    { "t": "Rev.13.14", "v": 2, "ch": 13, "vs": 14 },
    { "t": "Rev.13.2", "v": 2, "ch": 13, "vs": 2 },
    { "t": "Rev.20.2-Rev.20.3", "v": 2, "ch": 20, "vs": 2, "ve": 3 },
    { "t": "Rev.20.7-Rev.20.10", "v": 2, "ch": 20, "vs": 7, "ve": 10 },
    { "t": "Rev.19.19-Rev.19.21", "v": 2, "ch": 19, "vs": 19, "ve": 21 }
  ],
  "2Cor.11.19": [{ "t": "Rev.3.17", "v": 1, "ch": 3, "vs": 17 }],
  "2Cor.11.29": [
    { "t": "Rev.2.2", "v": 2, "ch": 2, "vs": 2 },
    { "t": "Rev.2.20", "v": 2, "ch": 2, "vs": 20 },
    { "t": "Rev.3.15-Rev.3.18", "v": 2, "ch": 3, "vs": 15, "ve": 18 }
  ],
  "2Cor.12.2": [
    { "t": "Rev.4.2", "v": 5, "ch": 4, "vs": 2 },
    { "t": "Rev.12.5", "v": 3, "ch": 12, "vs": 5 },
    { "t": "Rev.1.10", "v": 1, "ch": 1, "vs": 10 }
  ],
  "2Cor.12.4": [{ "t": "Rev.2.7", "v": 3, "ch": 2, "vs": 7 }],
  "2Cor.12.10": [{ "t": "Rev.2.3", "v": 7, "ch": 2, "vs": 3 }],
  "2Cor.12.21": [
    { "t": "Rev.22.15", "v": 2, "ch": 22, "vs": 15 },
    { "t": "Rev.22.20", "v": 2, "ch": 22, "vs": 20 },
    { "t": "Rev.21.8", "v": 2, "ch": 21, "vs": 8 }
  ],
  "2Cor.13.4": [
    { "t": "Rev.1.17-Rev.1.18", "v": 0, "ch": 1, "vs": 17, "ve": 18 }
  ],
  "2Cor.13.5": [
    { "t": "Rev.2.5", "v": 32, "ch": 2, "vs": 5 },
    { "t": "Rev.3.2-Rev.3.3", "v": 16, "ch": 3, "vs": 2, "ve": 3 }
  ],
  "2Cor.13.11": [{ "t": "Rev.22.21", "v": 2, "ch": 22, "vs": 21 }],
  "2Cor.13.14": [{ "t": "Rev.1.4-Rev.1.5", "v": 3, "ch": 1, "vs": 4, "ve": 5 }]
}
