{
  "Gal.1.1": [
    { "t": "Rev.1.5", "v": 7, "ch": 1, "vs": 5 },
    { "t": "Rev.2.8", "v": 3, "ch": 2, "vs": 8 },
    { "t": "Rev.1.18", "v": 3, "ch": 1, "vs": 18 }
  ],
  "Gal.1.4": [
    { "t": "Rev.1.5", "v": 4, "ch": 1, "vs": 5 },
    { "t": "Rev.5.9", "v": 4, "ch": 5, "vs": 9 },
    { "t": "Rev.7.9", "v": 2, "ch": 7, "vs": 9 }
  ],
  "Gal.1.5": [
    { "t": "Rev.7.12", "v": 2, "ch": 7, "vs": 12 },
    { "t": "Rev.5.12", "v": 2, "ch": 5, "vs": 12 },
    { "t": "Rev.4.9-Rev.4.11", "v": 2, "ch": 4, "vs": 9, "ve": 11 },
    { "t": "Rev.14.7", "v": 2, "ch": 14, "vs": 7 }
  ],
  "Gal.1.6": [{ "t": "Rev.22.21", "v": 4, "ch": 22, "vs": 21 }],
  "Gal.1.7": [
    { "t": "Rev.20.3", "v": 3, "ch": 20, "vs": 3 },
    { "t": "Rev.12.9", "v": 2, "ch": 12, "vs": 9 },
    { "t": "Rev.2.20", "v": 2, "ch": 2, "vs": 20 },
    { "t": "Rev.2.14-Rev.2.15", "v": 2, "ch": 2, "vs": 14, "ve": 15 },
    { "t": "Rev.2.2", "v": 2, "ch": 2, "vs": 2 },
    { "t": "Rev.19.20", "v": 2, "ch": 19, "vs": 20 },
    { "t": "Rev.2.6", "v": 2, "ch": 2, "vs": 6 },
    { "t": "Rev.13.14", "v": 2, "ch": 13, "vs": 14 }
  ],
  "Gal.1.8": [
    { "t": "Rev.22.18-Rev.22.19", "v": 14, "ch": 22, "vs": 18, "ve": 19 }
  ],
  "Gal.1.9": [
    { "t": "Rev.22.18-Rev.22.19", "v": 7, "ch": 22, "vs": 18, "ve": 19 }
  ],
  "Gal.2.9": [
    { "t": "Rev.3.12", "v": 5, "ch": 3, "vs": 12 },
    { "t": "Rev.21.14-Rev.21.20", "v": 3, "ch": 21, "vs": 14, "ve": 20 }
  ],
  "Gal.2.16": [
    { "t": "Rev.7.9", "v": 3, "ch": 7, "vs": 9 },
    { "t": "Rev.7.14", "v": 1, "ch": 7, "vs": 14 }
  ],
  "Gal.2.20": [
    { "t": "Rev.1.5", "v": 13, "ch": 1, "vs": 5 },
    { "t": "Rev.3.20", "v": 12, "ch": 3, "vs": 20 }
  ],
  "Gal.3.1": [
    { "t": "Rev.2.20", "v": 9, "ch": 2, "vs": 20 },
    { "t": "Rev.13.13-Rev.13.14", "v": 5, "ch": 13, "vs": 13, "ve": 14 },
    { "t": "Rev.18.3", "v": 3, "ch": 18, "vs": 3 }
  ],
  "Gal.3.8": [{ "t": "Rev.11.15", "v": 3, "ch": 11, "vs": 15 }],
  "Gal.3.11": [
    { "t": "Rev.5.9", "v": 3, "ch": 5, "vs": 9 },
    { "t": "Rev.7.14-Rev.7.15", "v": 1, "ch": 7, "vs": 14, "ve": 15 }
  ],
  "Gal.3.13": [
    { "t": "Rev.5.9", "v": 29, "ch": 5, "vs": 9 },
    { "t": "Rev.1.5", "v": 15, "ch": 1, "vs": 5 },
    { "t": "Rev.13.8", "v": 5, "ch": 13, "vs": 8 }
  ],
  "Gal.3.26": [{ "t": "Rev.21.7", "v": 7, "ch": 21, "vs": 7 }],
  "Gal.3.29": [{ "t": "Rev.21.7", "v": 4, "ch": 21, "vs": 7 }],
  "Gal.4.5": [
    { "t": "Rev.5.9", "v": 11, "ch": 5, "vs": 9 },
    { "t": "Rev.14.3", "v": -1, "ch": 14, "vs": 3 }
  ],
  "Gal.4.6": [{ "t": "Rev.19.10", "v": 2, "ch": 19, "vs": 10 }],
  "Gal.4.7": [{ "t": "Rev.21.7", "v": 3, "ch": 21, "vs": 7 }],
  "Gal.4.18": [{ "t": "Rev.3.19", "v": 4, "ch": 3, "vs": 19 }],
  "Gal.4.19": [
    { "t": "Rev.12.1-Rev.12.2", "v": 3, "ch": 12, "vs": 1, "ve": 2 }
  ],
  "Gal.4.26": [
    { "t": "Rev.21.2", "v": 7, "ch": 21, "vs": 2 },
    { "t": "Rev.3.12", "v": 6, "ch": 3, "vs": 12 },
    { "t": "Rev.21.10-Rev.21.27", "v": 3, "ch": 21, "vs": 10, "ve": 27 },
    { "t": "Rev.17.5", "v": 1, "ch": 17, "vs": 5 }
  ],
  "Gal.5.1": [
    { "t": "Rev.3.3", "v": 20, "ch": 3, "vs": 3 },
    { "t": "Rev.2.25", "v": 5, "ch": 2, "vs": 25 }
  ],
  "Gal.5.4": [{ "t": "Rev.2.5", "v": 10, "ch": 2, "vs": 5 }],
  "Gal.5.19": [
    { "t": "Rev.21.8", "v": 32, "ch": 21, "vs": 8 },
    { "t": "Rev.22.15", "v": 15, "ch": 22, "vs": 15 }
  ],
  "Gal.5.20": [{ "t": "Rev.21.8", "v": 8, "ch": 21, "vs": 8 }],
  "Gal.5.21": [
    { "t": "Rev.21.27", "v": 8, "ch": 21, "vs": 27 },
    { "t": "Rev.22.15", "v": 7, "ch": 22, "vs": 15 }
  ],
  "Gal.5.25": [{ "t": "Rev.11.11", "v": 10, "ch": 11, "vs": 11 }],
  "Gal.6.5": [
    { "t": "Rev.2.23", "v": 3, "ch": 2, "vs": 23 },
    { "t": "Rev.20.12-Rev.20.15", "v": 3, "ch": 20, "vs": 12, "ve": 15 },
    { "t": "Rev.22.12", "v": 1, "ch": 22, "vs": 12 }
  ],
  "Gal.6.8": [{ "t": "Rev.22.11", "v": 7, "ch": 22, "vs": 11 }],
  "Gal.6.9": [
    { "t": "Rev.2.3", "v": 89, "ch": 2, "vs": 3 },
    { "t": "Rev.2.7", "v": 49, "ch": 2, "vs": 7 },
    { "t": "Rev.2.26-Rev.2.29", "v": 48, "ch": 2, "vs": 26, "ve": 29 },
    { "t": "Rev.2.17", "v": 40, "ch": 2, "vs": 17 },
    { "t": "Rev.3.12-Rev.3.13", "v": 38, "ch": 3, "vs": 12, "ve": 13 },
    { "t": "Rev.3.5-Rev.3.6", "v": 36, "ch": 3, "vs": 5, "ve": 6 },
    { "t": "Rev.3.21-Rev.3.22", "v": 34, "ch": 3, "vs": 21, "ve": 22 },
    { "t": "Rev.2.10-Rev.2.11", "v": 32, "ch": 2, "vs": 10, "ve": 11 }
  ],
  "Gal.6.15": [{ "t": "Rev.21.5", "v": 4, "ch": 21, "vs": 5 }],
  "Gal.6.18": [{ "t": "Rev.22.21", "v": 3, "ch": 22, "vs": 21 }]
}
