{
  "Eph.1.1": [
    { "t": "Rev.2.10", "v": 2, "ch": 2, "vs": 10 },
    { "t": "Rev.17.14", "v": 1, "ch": 17, "vs": 14 },
    { "t": "Rev.2.13", "v": 0, "ch": 2, "vs": 13 }
  ],
  "Eph.1.3": [
    { "t": "Rev.5.9-Rev.5.14", "v": 27, "ch": 5, "vs": 9, "ve": 14 },
    { "t": "Rev.4.9-Rev.4.11", "v": 4, "ch": 4, "vs": 9, "ve": 11 }
  ],
  "Eph.1.4": [
    { "t": "Rev.13.8", "v": 29, "ch": 13, "vs": 8 },
    { "t": "Rev.17.8", "v": 16, "ch": 17, "vs": 8 }
  ],
  "Eph.1.5": [{ "t": "Rev.21.7", "v": 8, "ch": 21, "vs": 7 }],
  "Eph.1.7": [
    { "t": "Rev.5.9", "v": 14, "ch": 5, "vs": 9 },
    { "t": "Rev.14.4", "v": 1, "ch": 14, "vs": 4 }
  ],
  "Eph.1.8": [{ "t": "Rev.5.12", "v": 7, "ch": 5, "vs": 12 }],
  "Eph.1.10": [
    { "t": "Rev.5.9", "v": 4, "ch": 5, "vs": 9 },
    { "t": "Rev.19.4-Rev.19.6", "v": 3, "ch": 19, "vs": 4, "ve": 6 },
    { "t": "Rev.7.4-Rev.7.12", "v": 1, "ch": 7, "vs": 4, "ve": 12 }
  ],
  "Eph.1.13": [{ "t": "Rev.7.2", "v": 2, "ch": 7, "vs": 2 }],
  "Eph.1.17": [{ "t": "Rev.7.12", "v": 8, "ch": 7, "vs": 12 }],
  "Eph.1.20": [
    { "t": "Rev.5.11-Rev.5.14", "v": 2, "ch": 5, "vs": 11, "ve": 14 },
    { "t": "Rev.1.17", "v": 2, "ch": 1, "vs": 17 }
  ],
  "Eph.1.21": [
    { "t": "Rev.20.10-Rev.20.15", "v": 6, "ch": 20, "vs": 10, "ve": 15 },
    { "t": "Rev.19.12-Rev.19.13", "v": 4, "ch": 19, "vs": 12, "ve": 13 }
  ],
  "Eph.2.1": [{ "t": "Rev.3.1", "v": 1, "ch": 3, "vs": 1 }],
  "Eph.2.2": [
    { "t": "Rev.20.2", "v": 10, "ch": 20, "vs": 2 },
    { "t": "Rev.13.8", "v": 4, "ch": 13, "vs": 8 },
    { "t": "Rev.13.14", "v": 3, "ch": 13, "vs": 14 },
    { "t": "Rev.12.9", "v": 3, "ch": 12, "vs": 9 },
    { "t": "Rev.16.17", "v": 3, "ch": 16, "vs": 17 }
  ],
  "Eph.2.5": [{ "t": "Rev.22.21", "v": 4, "ch": 22, "vs": 21 }],
  "Eph.2.6": [
    { "t": "Rev.3.20-Rev.3.21", "v": 12, "ch": 3, "vs": 20, "ve": 21 }
  ],
  "Eph.2.7": [{ "t": "Rev.5.9-Rev.5.14", "v": 8, "ch": 5, "vs": 9, "ve": 14 }],
  "Eph.2.13": [{ "t": "Rev.5.9", "v": 9, "ch": 5, "vs": 9 }],
  "Eph.2.19": [
    { "t": "Rev.21.12-Rev.21.26", "v": 4, "ch": 21, "vs": 12, "ve": 26 }
  ],
  "Eph.2.20": [{ "t": "Rev.21.14", "v": 8, "ch": 21, "vs": 14 }],
  "Eph.3.1": [{ "t": "Rev.2.10", "v": 1, "ch": 2, "vs": 10 }],
  "Eph.3.8": [{ "t": "Rev.3.18", "v": 4, "ch": 3, "vs": 18 }],
  "Eph.3.9": [
    { "t": "Rev.4.11", "v": 3, "ch": 4, "vs": 11 },
    { "t": "Rev.13.8", "v": 2, "ch": 13, "vs": 8 },
    { "t": "Rev.14.6", "v": 1, "ch": 14, "vs": 6 },
    { "t": "Rev.17.8", "v": 1, "ch": 17, "vs": 8 }
  ],
  "Eph.3.10": [{ "t": "Rev.5.9-Rev.5.14", "v": 4, "ch": 5, "vs": 9, "ve": 14 }],
  "Eph.3.15": [
    { "t": "Rev.5.8-Rev.5.14", "v": 4, "ch": 5, "vs": 8, "ve": 14 },
    { "t": "Rev.2.17", "v": 2, "ch": 2, "vs": 17 },
    { "t": "Rev.3.12", "v": 2, "ch": 3, "vs": 12 },
    { "t": "Rev.7.4-Rev.7.12", "v": 1, "ch": 7, "vs": 4, "ve": 12 }
  ],
  "Eph.3.17": [{ "t": "Rev.3.20", "v": 9, "ch": 3, "vs": 20 }],
  "Eph.3.18": [{ "t": "Rev.3.21", "v": 4, "ch": 3, "vs": 21 }],
  "Eph.3.19": [
    { "t": "Rev.22.3-Rev.22.5", "v": 9, "ch": 22, "vs": 3, "ve": 5 },
    { "t": "Rev.7.15-Rev.7.17", "v": 7, "ch": 7, "vs": 15, "ve": 17 },
    { "t": "Rev.21.22-Rev.21.24", "v": 3, "ch": 21, "vs": 22, "ve": 24 }
  ],
  "Eph.3.21": [
    { "t": "Rev.7.12-Rev.7.17", "v": 29, "ch": 7, "vs": 12, "ve": 17 },
    { "t": "Rev.4.9-Rev.4.11", "v": 19, "ch": 4, "vs": 9, "ve": 11 },
    { "t": "Rev.5.9-Rev.5.14", "v": 11, "ch": 5, "vs": 9, "ve": 14 }
  ],
  "Eph.4.6": [{ "t": "Rev.4.8-Rev.4.11", "v": 7, "ch": 4, "vs": 8, "ve": 11 }],
  "Eph.4.11": [
    { "t": "Rev.18.20", "v": 11, "ch": 18, "vs": 20 },
    { "t": "Rev.21.14", "v": 8, "ch": 21, "vs": 14 }
  ],
  "Eph.4.14": [
    { "t": "Rev.19.20", "v": 5, "ch": 19, "vs": 20 },
    { "t": "Rev.13.11-Rev.13.14", "v": 1, "ch": 13, "vs": 11, "ve": 14 }
  ],
  "Eph.4.19": [
    { "t": "Rev.18.3", "v": 3, "ch": 18, "vs": 3 },
    { "t": "Rev.17.1-Rev.17.6", "v": 1, "ch": 17, "vs": 1, "ve": 6 }
  ],
  "Eph.4.25": [
    { "t": "Rev.21.8", "v": 6, "ch": 21, "vs": 8 },
    { "t": "Rev.22.15", "v": 3, "ch": 22, "vs": 15 }
  ],
  "Eph.4.29": [
    { "t": "Rev.13.5-Rev.13.6", "v": 1, "ch": 13, "vs": 5, "ve": 6 }
  ],
  "Eph.4.31": [{ "t": "Rev.12.10", "v": 2, "ch": 12, "vs": 10 }],
  "Eph.5.2": [
    { "t": "Rev.1.5", "v": 5, "ch": 1, "vs": 5 },
    { "t": "Rev.5.9", "v": 3, "ch": 5, "vs": 9 }
  ],
  "Eph.5.3": [
    { "t": "Rev.2.21", "v": 6, "ch": 2, "vs": 21 },
    { "t": "Rev.22.15", "v": 5, "ch": 22, "vs": 15 },
    { "t": "Rev.2.14", "v": 4, "ch": 2, "vs": 14 },
    { "t": "Rev.21.8", "v": 4, "ch": 21, "vs": 8 },
    { "t": "Rev.9.21", "v": 2, "ch": 9, "vs": 21 }
  ],
  "Eph.5.5": [
    { "t": "Rev.22.15", "v": 10, "ch": 22, "vs": 15 },
    { "t": "Rev.21.8", "v": 7, "ch": 21, "vs": 8 }
  ],
  "Eph.5.7": [{ "t": "Rev.18.4", "v": 10, "ch": 18, "vs": 4 }],
  "Eph.5.11": [{ "t": "Rev.18.4", "v": 18, "ch": 18, "vs": 4 }],
  "Eph.5.12": [{ "t": "Rev.20.12", "v": 5, "ch": 20, "vs": 12 }],
  "Eph.5.15": [{ "t": "Rev.19.10", "v": 5, "ch": 19, "vs": 10 }],
  "Eph.5.23": [{ "t": "Rev.5.9", "v": -2, "ch": 5, "vs": 9 }],
  "Eph.5.25": [
    { "t": "Rev.1.5", "v": 8, "ch": 1, "vs": 5 },
    { "t": "Rev.5.9", "v": 5, "ch": 5, "vs": 9 }
  ],
  "Eph.5.27": [
    { "t": "Rev.21.10-Rev.21.27", "v": 5, "ch": 21, "vs": 10, "ve": 27 },
    { "t": "Rev.7.9-Rev.7.17", "v": 5, "ch": 7, "vs": 9, "ve": 17 }
  ],
  "Eph.5.32": [
    { "t": "Rev.21.2", "v": 10, "ch": 21, "vs": 2 },
    { "t": "Rev.19.7-Rev.19.8", "v": 7, "ch": 19, "vs": 7, "ve": 8 }
  ],
  "Eph.6.11": [
    { "t": "Rev.2.24", "v": 20, "ch": 2, "vs": 24 },
    { "t": "Rev.20.2-Rev.20.3", "v": 17, "ch": 20, "vs": 2, "ve": 3 },
    { "t": "Rev.12.9", "v": 12, "ch": 12, "vs": 9 },
    { "t": "Rev.13.11-Rev.13.15", "v": 12, "ch": 13, "vs": 11, "ve": 15 },
    { "t": "Rev.19.20", "v": 10, "ch": 19, "vs": 20 },
    { "t": "Rev.20.7-Rev.20.8", "v": 9, "ch": 20, "vs": 7, "ve": 8 }
  ],
  "Eph.6.13": [
    { "t": "Rev.3.10", "v": 12, "ch": 3, "vs": 10 },
    { "t": "Rev.6.17", "v": 9, "ch": 6, "vs": 17 }
  ],
  "Eph.6.14": [
    { "t": "Rev.9.9", "v": 8, "ch": 9, "vs": 9 },
    { "t": "Rev.9.17", "v": 8, "ch": 9, "vs": 17 }
  ],
  "Eph.6.17": [
    { "t": "Rev.19.15", "v": 23, "ch": 19, "vs": 15 },
    { "t": "Rev.2.16", "v": 18, "ch": 2, "vs": 16 },
    { "t": "Rev.12.11", "v": 14, "ch": 12, "vs": 11 },
    { "t": "Rev.1.16", "v": 12, "ch": 1, "vs": 16 }
  ],
  "Eph.6.23": [{ "t": "Rev.1.4", "v": 2, "ch": 1, "vs": 4 }]
}
