{
  "Deut.2.25": [{ "t": "Rev.3.9", "v": 4, "ch": 3, "vs": 9 }],
  "Deut.3.2": [{ "t": "Rev.2.10", "v": 3, "ch": 2, "vs": 10 }],
  "Deut.4.2": [
    { "t": "Rev.22.18-Rev.22.19", "v": 22, "ch": 22, "vs": 18, "ve": 19 }
  ],
  "Deut.4.4": [
    { "t": "Rev.14.4", "v": 3, "ch": 14, "vs": 4 },
    { "t": "Rev.20.4", "v": 0, "ch": 20, "vs": 4 }
  ],
  "Deut.4.9": [{ "t": "Rev.3.3", "v": 50, "ch": 3, "vs": 3 }],
  "Deut.4.10": [{ "t": "Rev.19.5", "v": 1, "ch": 19, "vs": 5 }],
  "Deut.5.29": [{ "t": "Rev.22.14", "v": 4, "ch": 22, "vs": 14 }],
  "Deut.7.25": [{ "t": "Rev.17.5", "v": 2, "ch": 17, "vs": 5 }],
  "Deut.8.2": [{ "t": "Rev.2.23", "v": 2, "ch": 2, "vs": 23 }],
  "Deut.8.5": [{ "t": "Rev.3.19", "v": 13, "ch": 3, "vs": 19 }],
  "Deut.9.3": [
    { "t": "Rev.19.11-Rev.19.16", "v": 5, "ch": 19, "vs": 11, "ve": 16 }
  ],
  "Deut.9.14": [{ "t": "Rev.3.5", "v": 3, "ch": 3, "vs": 5 }],
  "Deut.9.26": [{ "t": "Rev.5.9", "v": 3, "ch": 5, "vs": 9 }],
  "Deut.10.17": [
    { "t": "Rev.19.16", "v": 8, "ch": 19, "vs": 16 },
    { "t": "Rev.17.14", "v": 7, "ch": 17, "vs": 14 }
  ],
  "Deut.10.21": [{ "t": "Rev.21.23", "v": 3, "ch": 21, "vs": 23 }],
  "Deut.11.16": [
    { "t": "Rev.20.4", "v": 2, "ch": 20, "vs": 4 },
    { "t": "Rev.13.14", "v": 2, "ch": 13, "vs": 14 },
    { "t": "Rev.12.9", "v": 2, "ch": 12, "vs": 9 }
  ],
  "Deut.11.21": [{ "t": "Rev.20.6", "v": 2, "ch": 20, "vs": 6 }],
  "Deut.11.27": [{ "t": "Rev.22.14", "v": 37, "ch": 22, "vs": 14 }],
  "Deut.12.3": [{ "t": "Rev.13.1", "v": 2, "ch": 13, "vs": 1 }],
  "Deut.12.5": [{ "t": "Rev.14.1", "v": 0, "ch": 14, "vs": 1 }],
  "Deut.12.23": [{ "t": "Rev.5.9", "v": 0, "ch": 5, "vs": 9 }],
  "Deut.12.32": [
    { "t": "Rev.22.18-Rev.22.19", "v": 15, "ch": 22, "vs": 18, "ve": 19 }
  ],
  "Deut.13.2": [
    { "t": "Rev.13.13-Rev.13.14", "v": 3, "ch": 13, "vs": 13, "ve": 14 }
  ],
  "Deut.13.3": [{ "t": "Rev.13.14", "v": 2, "ch": 13, "vs": 14 }],
  "Deut.13.5": [{ "t": "Rev.19.20", "v": 2, "ch": 19, "vs": 20 }],
  "Deut.13.6": [
    { "t": "Rev.12.9", "v": 3, "ch": 12, "vs": 9 },
    { "t": "Rev.20.3", "v": 3, "ch": 20, "vs": 3 },
    { "t": "Rev.13.14", "v": 2, "ch": 13, "vs": 14 }
  ],
  "Deut.13.15": [
    { "t": "Rev.18.18-Rev.18.24", "v": 2, "ch": 18, "vs": 18, "ve": 24 },
    { "t": "Rev.19.2-Rev.19.3", "v": 2, "ch": 19, "vs": 2, "ve": 3 },
    { "t": "Rev.17.16", "v": 2, "ch": 17, "vs": 16 }
  ],
  "Deut.16.22": [
    { "t": "Rev.2.15", "v": 3, "ch": 2, "vs": 15 },
    { "t": "Rev.2.6", "v": 3, "ch": 2, "vs": 6 }
  ],
  "Deut.18.2": [{ "t": "Rev.1.5-Rev.1.6", "v": 1, "ch": 1, "vs": 5, "ve": 6 }],
  "Deut.18.13": [{ "t": "Rev.3.2", "v": 2, "ch": 3, "vs": 2 }],
  "Deut.18.20": [{ "t": "Rev.19.20", "v": 1, "ch": 19, "vs": 20 }],
  "Deut.18.21": [{ "t": "Rev.2.2", "v": 2, "ch": 2, "vs": 2 }],
  "Deut.19.15": [
    { "t": "Rev.11.3-Rev.11.7", "v": 2, "ch": 11, "vs": 3, "ve": 7 }
  ],
  "Deut.20.3": [{ "t": "Rev.2.10", "v": 5, "ch": 2, "vs": 10 }],
  "Deut.20.8": [
    { "t": "Rev.21.8", "v": 4, "ch": 21, "vs": 8 },
    { "t": "Rev.3.16", "v": 2, "ch": 3, "vs": 16 }
  ],
  "Deut.20.17": [{ "t": "Rev.19.18", "v": 2, "ch": 19, "vs": 18 }],
  "Deut.20.18": [
    { "t": "Rev.18.3-Rev.18.5", "v": 1, "ch": 18, "vs": 3, "ve": 5 }
  ],
  "Deut.23.9": [
    { "t": "Rev.19.11-Rev.19.14", "v": 2, "ch": 19, "vs": 11, "ve": 14 }
  ],
  "Deut.23.11": [{ "t": "Rev.1.5", "v": 2, "ch": 1, "vs": 5 }],
  "Deut.23.18": [{ "t": "Rev.22.15", "v": 3, "ch": 22, "vs": 15 }],
  "Deut.24.6": [{ "t": "Rev.18.22", "v": 2, "ch": 18, "vs": 22 }],
  "Deut.24.7": [{ "t": "Rev.18.13", "v": 2, "ch": 18, "vs": 13 }],
  "Deut.25.16": [{ "t": "Rev.21.27", "v": 3, "ch": 21, "vs": 27 }],
  "Deut.26.2": [{ "t": "Rev.14.4", "v": 2, "ch": 14, "vs": 4 }],
  "Deut.26.10": [{ "t": "Rev.22.9", "v": 2, "ch": 22, "vs": 9 }],
  "Deut.26.19": [{ "t": "Rev.1.5-Rev.1.6", "v": 7, "ch": 1, "vs": 5, "ve": 6 }],
  "Deut.27.15": [
    { "t": "Rev.17.4-Rev.17.5", "v": 1, "ch": 17, "vs": 4, "ve": 5 }
  ],
  "Deut.27.18": [{ "t": "Rev.2.14", "v": 2, "ch": 2, "vs": 14 }],
  "Deut.28.10": [{ "t": "Rev.3.9", "v": 1, "ch": 3, "vs": 9 }],
  "Deut.28.34": [
    { "t": "Rev.16.10-Rev.16.11", "v": 2, "ch": 16, "vs": 10, "ve": 11 }
  ],
  "Deut.28.66": [
    { "t": "Rev.6.15-Rev.6.17", "v": 2, "ch": 6, "vs": 15, "ve": 17 }
  ],
  "Deut.28.67": [{ "t": "Rev.9.6", "v": 4, "ch": 9, "vs": 6 }],
  "Deut.29.10": [
    { "t": "Rev.6.15", "v": 2, "ch": 6, "vs": 15 },
    { "t": "Rev.20.12", "v": 2, "ch": 20, "vs": 12 }
  ],
  "Deut.29.20": [{ "t": "Rev.3.5", "v": 2, "ch": 3, "vs": 5 }],
  "Deut.29.23": [{ "t": "Rev.19.20", "v": 2, "ch": 19, "vs": 20 }],
  "Deut.30.20": [
    { "t": "Rev.22.17", "v": 4, "ch": 22, "vs": 17 },
    { "t": "Rev.21.6", "v": 3, "ch": 21, "vs": 6 },
    { "t": "Rev.22.1", "v": 2, "ch": 22, "vs": 1 }
  ],
  "Deut.31.6": [{ "t": "Rev.21.8", "v": 15, "ch": 21, "vs": 8 }],
  "Deut.31.16": [
    { "t": "Rev.19.2", "v": 6, "ch": 19, "vs": 2 },
    { "t": "Rev.17.2-Rev.17.5", "v": 1, "ch": 17, "vs": 2, "ve": 5 }
  ],
  "Deut.32.4": [
    { "t": "Rev.15.3-Rev.15.4", "v": 10, "ch": 15, "vs": 3, "ve": 4 }
  ],
  "Deut.32.11": [{ "t": "Rev.12.4", "v": 2, "ch": 12, "vs": 4 }],
  "Deut.32.17": [{ "t": "Rev.9.20", "v": 2, "ch": 9, "vs": 20 }],
  "Deut.32.19": [{ "t": "Rev.3.16", "v": 2, "ch": 3, "vs": 16 }],
  "Deut.32.34": [
    { "t": "Rev.20.12-Rev.20.13", "v": 2, "ch": 20, "vs": 12, "ve": 13 }
  ],
  "Deut.32.39": [
    { "t": "Rev.1.17-Rev.1.18", "v": 12, "ch": 1, "vs": 17, "ve": 18 },
    { "t": "Rev.2.8", "v": 6, "ch": 2, "vs": 8 },
    { "t": "Rev.1.11", "v": 1, "ch": 1, "vs": 11 }
  ],
  "Deut.32.40": [
    { "t": "Rev.10.5-Rev.10.6", "v": 3, "ch": 10, "vs": 5, "ve": 6 }
  ],
  "Deut.32.43": [
    { "t": "Rev.19.2", "v": 6, "ch": 19, "vs": 2 },
    { "t": "Rev.6.10", "v": 5, "ch": 6, "vs": 10 },
    { "t": "Rev.15.2", "v": 2, "ch": 15, "vs": 2 },
    { "t": "Rev.5.9-Rev.5.10", "v": 2, "ch": 5, "vs": 9, "ve": 10 },
    { "t": "Rev.15.4", "v": 2, "ch": 15, "vs": 4 },
    { "t": "Rev.18.2", "v": 2, "ch": 18, "vs": 2 },
    { "t": "Rev.18.20", "v": 2, "ch": 18, "vs": 20 }
  ],
  "Deut.32.47": [{ "t": "Rev.22.14", "v": 3, "ch": 22, "vs": 14 }],
  "Deut.33.2": [{ "t": "Rev.5.11", "v": 6, "ch": 5, "vs": 11 }],
  "Deut.33.7": [
    { "t": "Rev.20.10-Rev.20.15", "v": 3, "ch": 20, "vs": 10, "ve": 15 },
    { "t": "Rev.19.13-Rev.19.16", "v": 3, "ch": 19, "vs": 13, "ve": 16 }
  ],
  "Deut.33.8": [{ "t": "Rev.3.7", "v": 3, "ch": 3, "vs": 7 }],
  "Deut.33.10": [{ "t": "Rev.8.3-Rev.8.5", "v": 2, "ch": 8, "vs": 3, "ve": 5 }],
  "Deut.33.14": [{ "t": "Rev.22.2", "v": 2, "ch": 22, "vs": 2 }],
  "Deut.33.27": [
    { "t": "Rev.20.10", "v": 6, "ch": 20, "vs": 10 },
    { "t": "Rev.20.2-Rev.20.3", "v": 5, "ch": 20, "vs": 2, "ve": 3 }
  ],
  "Deut.33.28": [
    { "t": "Rev.21.27", "v": 3, "ch": 21, "vs": 27 },
    { "t": "Rev.22.14-Rev.22.15", "v": 2, "ch": 22, "vs": 14, "ve": 15 }
  ],
  "Deut.33.29": [
    { "t": "Rev.1.16", "v": 3, "ch": 1, "vs": 16 },
    { "t": "Rev.19.21", "v": 3, "ch": 19, "vs": 21 }
  ],
  "Deut.34.1": [{ "t": "Rev.21.10", "v": 4, "ch": 21, "vs": 10 }],
  "Deut.34.5": [{ "t": "Rev.15.3", "v": 3, "ch": 15, "vs": 3 }]
}
