{
  "Phil.1.1": [
    { "t": "Rev.1.1", "v": 4, "ch": 1, "vs": 1 },
    { "t": "Rev.19.10", "v": 1, "ch": 19, "vs": 10 },
    { "t": "Rev.22.9", "v": 0, "ch": 22, "vs": 9 },
    { "t": "Rev.2.12", "v": 0, "ch": 2, "vs": 12 },
    { "t": "Rev.1.20-Rev.2.1", "v": 0, "ch": 1, "vs": 20, "ve": 1 },
    { "t": "Rev.2.8", "v": 0, "ch": 2, "vs": 8 }
  ],
  "Phil.1.10": [{ "t": "Rev.2.2", "v": 4, "ch": 2, "vs": 2 }],
  "Phil.1.21": [{ "t": "Rev.14.13", "v": 23, "ch": 14, "vs": 13 }],
  "Phil.1.23": [
    { "t": "Rev.14.13", "v": 7, "ch": 14, "vs": 13 },
    { "t": "Rev.7.14-Rev.7.17", "v": 6, "ch": 7, "vs": 14, "ve": 17 }
  ],
  "Phil.1.28": [{ "t": "Rev.2.10", "v": 6, "ch": 2, "vs": 10 }],
  "Phil.1.30": [
    { "t": "Rev.2.10-Rev.2.11", "v": 3, "ch": 2, "vs": 10, "ve": 11 },
    { "t": "Rev.12.11", "v": 3, "ch": 12, "vs": 11 }
  ],
  "Phil.2.6": [
    { "t": "Rev.21.6", "v": 17, "ch": 21, "vs": 6 },
    { "t": "Rev.1.17-Rev.1.18", "v": 7, "ch": 1, "vs": 17, "ve": 18 }
  ],
  "Phil.2.9": [
    { "t": "Rev.19.16", "v": 39, "ch": 19, "vs": 16 },
    { "t": "Rev.5.12", "v": 15, "ch": 5, "vs": 12 },
    { "t": "Rev.3.21", "v": 6, "ch": 3, "vs": 21 },
    { "t": "Rev.11.15", "v": 5, "ch": 11, "vs": 15 },
    { "t": "Rev.1.5", "v": 5, "ch": 1, "vs": 5 }
  ],
  "Phil.2.10": [
    { "t": "Rev.5.13-Rev.5.14", "v": 26, "ch": 5, "vs": 13, "ve": 14 },
    { "t": "Rev.4.10", "v": 13, "ch": 4, "vs": 10 },
    { "t": "Rev.20.13", "v": 6, "ch": 20, "vs": 13 }
  ],
  "Phil.2.11": [{ "t": "Rev.3.5", "v": 8, "ch": 3, "vs": 5 }],
  "Phil.2.15": [{ "t": "Rev.3.9", "v": 1, "ch": 3, "vs": 9 }],
  "Phil.2.16": [{ "t": "Rev.22.17", "v": 2, "ch": 22, "vs": 17 }],
  "Phil.2.30": [{ "t": "Rev.12.11", "v": 2, "ch": 12, "vs": 11 }],
  "Phil.3.2": [
    { "t": "Rev.22.15", "v": 11, "ch": 22, "vs": 15 },
    { "t": "Rev.21.8", "v": 5, "ch": 21, "vs": 8 },
    { "t": "Rev.3.9", "v": 4, "ch": 3, "vs": 9 },
    { "t": "Rev.2.9", "v": 2, "ch": 2, "vs": 9 }
  ],
  "Phil.3.10": [{ "t": "Rev.1.18", "v": 7, "ch": 1, "vs": 18 }],
  "Phil.3.11": [{ "t": "Rev.20.5", "v": 5, "ch": 20, "vs": 5 }],
  "Phil.3.14": [{ "t": "Rev.3.21", "v": 44, "ch": 3, "vs": 21 }],
  "Phil.3.16": [
    { "t": "Rev.3.3", "v": 8, "ch": 3, "vs": 3 },
    { "t": "Rev.2.4-Rev.2.5", "v": 7, "ch": 2, "vs": 4, "ve": 5 }
  ],
  "Phil.3.19": [
    { "t": "Rev.22.15", "v": 3, "ch": 22, "vs": 15 },
    { "t": "Rev.21.8", "v": 3, "ch": 21, "vs": 8 },
    { "t": "Rev.19.20", "v": 2, "ch": 19, "vs": 20 },
    { "t": "Rev.20.9-Rev.20.10", "v": 2, "ch": 20, "vs": 9, "ve": 10 },
    { "t": "Rev.18.7", "v": 1, "ch": 18, "vs": 7 }
  ],
  "Phil.3.20": [
    { "t": "Rev.1.7", "v": 4, "ch": 1, "vs": 7 },
    { "t": "Rev.21.10-Rev.21.27", "v": 3, "ch": 21, "vs": 10, "ve": 27 }
  ],
  "Phil.3.21": [
    { "t": "Rev.1.13-Rev.1.20", "v": 5, "ch": 1, "vs": 13, "ve": 20 },
    { "t": "Rev.1.8", "v": 4, "ch": 1, "vs": 8 },
    { "t": "Rev.20.11-Rev.20.15", "v": 2, "ch": 20, "vs": 11, "ve": 15 }
  ],
  "Phil.4.1": [
    { "t": "Rev.3.10-Rev.3.11", "v": 2, "ch": 3, "vs": 10, "ve": 11 }
  ],
  "Phil.4.3": [
    { "t": "Rev.13.8", "v": 8, "ch": 13, "vs": 8 },
    { "t": "Rev.3.5", "v": 8, "ch": 3, "vs": 5 },
    { "t": "Rev.21.27", "v": 5, "ch": 21, "vs": 27 },
    { "t": "Rev.20.12", "v": 4, "ch": 20, "vs": 12 },
    { "t": "Rev.17.8", "v": 4, "ch": 17, "vs": 8 },
    { "t": "Rev.20.15", "v": 3, "ch": 20, "vs": 15 }
  ],
  "Phil.4.5": [
    { "t": "Rev.22.7", "v": 6, "ch": 22, "vs": 7 },
    { "t": "Rev.22.20", "v": 5, "ch": 22, "vs": 20 }
  ],
  "Phil.4.7": [
    { "t": "Rev.1.4", "v": 21, "ch": 1, "vs": 4 },
    { "t": "Rev.2.17", "v": 4, "ch": 2, "vs": 17 }
  ],
  "Phil.4.14": [{ "t": "Rev.1.9", "v": 1, "ch": 1, "vs": 9 }],
  "Phil.4.20": [
    { "t": "Rev.14.7", "v": 3, "ch": 14, "vs": 7 },
    { "t": "Rev.7.12", "v": 3, "ch": 7, "vs": 12 },
    { "t": "Rev.4.9-Rev.4.11", "v": 3, "ch": 4, "vs": 9, "ve": 11 },
    { "t": "Rev.5.12", "v": 3, "ch": 5, "vs": 12 },
    { "t": "Rev.1.6", "v": 3, "ch": 1, "vs": 6 },
    { "t": "Rev.11.13", "v": 2, "ch": 11, "vs": 13 }
  ]
}
