{
  "Col.1.2": [{ "t": "Rev.1.4", "v": 8, "ch": 1, "vs": 4 }],
  "Col.1.11": [{ "t": "Rev.14.12", "v": 3, "ch": 14, "vs": 12 }],
  "Col.1.12": [
    { "t": "Rev.21.23", "v": 3, "ch": 21, "vs": 23 },
    { "t": "Rev.22.5", "v": 1, "ch": 22, "vs": 5 },
    { "t": "Rev.22.14", "v": 1, "ch": 22, "vs": 14 }
  ],
  "Col.1.14": [
    { "t": "Rev.5.9", "v": 23, "ch": 5, "vs": 9 },
    { "t": "Rev.1.5", "v": 8, "ch": 1, "vs": 5 },
    { "t": "Rev.14.4", "v": 2, "ch": 14, "vs": 4 }
  ],
  "Col.1.15": [{ "t": "Rev.3.14", "v": 12, "ch": 3, "vs": 14 }],
  "Col.1.16": [
    { "t": "Rev.5.13-Rev.5.14", "v": 6, "ch": 5, "vs": 13, "ve": 14 }
  ],
  "Col.1.17": [
    { "t": "Rev.1.17", "v": 11, "ch": 1, "vs": 17 },
    { "t": "Rev.1.8", "v": 11, "ch": 1, "vs": 8 },
    { "t": "Rev.2.8", "v": 8, "ch": 2, "vs": 8 },
    { "t": "Rev.1.11", "v": 0, "ch": 1, "vs": 11 }
  ],
  "Col.1.18": [
    { "t": "Rev.1.5", "v": 30, "ch": 1, "vs": 5 },
    { "t": "Rev.22.13", "v": 8, "ch": 22, "vs": 13 },
    { "t": "Rev.21.6", "v": 6, "ch": 21, "vs": 6 },
    { "t": "Rev.1.18", "v": 3, "ch": 1, "vs": 18 },
    { "t": "Rev.5.9-Rev.5.13", "v": 3, "ch": 5, "vs": 9, "ve": 13 },
    { "t": "Rev.1.8", "v": 3, "ch": 1, "vs": 8 },
    { "t": "Rev.11.15", "v": 3, "ch": 11, "vs": 15 },
    { "t": "Rev.21.23-Rev.21.24", "v": 3, "ch": 21, "vs": 23, "ve": 24 },
    { "t": "Rev.3.14", "v": 2, "ch": 3, "vs": 14 }
  ],
  "Col.1.23": [{ "t": "Rev.2.10", "v": 4, "ch": 2, "vs": 10 }],
  "Col.1.27": [{ "t": "Rev.3.20", "v": 30, "ch": 3, "vs": 20 }],
  "Col.1.29": [{ "t": "Rev.2.3", "v": 4, "ch": 2, "vs": 3 }],
  "Col.2.1": [
    { "t": "Rev.1.11", "v": 3, "ch": 1, "vs": 11 },
    { "t": "Rev.3.14-Rev.3.22", "v": 3, "ch": 3, "vs": 14, "ve": 22 }
  ],
  "Col.2.3": [{ "t": "Rev.2.17", "v": 6, "ch": 2, "vs": 17 }],
  "Col.2.4": [
    { "t": "Rev.20.8", "v": 3, "ch": 20, "vs": 8 },
    { "t": "Rev.12.9", "v": 2, "ch": 12, "vs": 9 },
    { "t": "Rev.13.8", "v": 2, "ch": 13, "vs": 8 },
    { "t": "Rev.20.3", "v": 2, "ch": 20, "vs": 3 }
  ],
  "Col.2.10": [{ "t": "Rev.5.9-Rev.5.13", "v": 7, "ch": 5, "vs": 9, "ve": 13 }],
  "Col.2.15": [
    { "t": "Rev.20.10", "v": 12, "ch": 20, "vs": 10 },
    { "t": "Rev.20.2-Rev.20.3", "v": 7, "ch": 20, "vs": 2, "ve": 3 },
    { "t": "Rev.12.9", "v": 5, "ch": 12, "vs": 9 }
  ],
  "Col.2.18": [
    { "t": "Rev.22.8-Rev.22.9", "v": 6, "ch": 22, "vs": 8, "ve": 9 },
    { "t": "Rev.3.11", "v": 3, "ch": 3, "vs": 11 },
    { "t": "Rev.13.14", "v": 2, "ch": 13, "vs": 14 },
    { "t": "Rev.19.10", "v": 2, "ch": 19, "vs": 10 },
    { "t": "Rev.13.8", "v": 2, "ch": 13, "vs": 8 },
    { "t": "Rev.12.9", "v": 2, "ch": 12, "vs": 9 }
  ],
  "Col.2.22": [{ "t": "Rev.17.18", "v": 2, "ch": 17, "vs": 18 }],
  "Col.3.3": [{ "t": "Rev.2.17", "v": 3, "ch": 2, "vs": 17 }],
  "Col.3.4": [
    { "t": "Rev.22.14", "v": 7, "ch": 22, "vs": 14 },
    { "t": "Rev.22.1", "v": 6, "ch": 22, "vs": 1 },
    { "t": "Rev.2.7", "v": 2, "ch": 2, "vs": 7 }
  ],
  "Col.3.5": [
    { "t": "Rev.21.8", "v": 5, "ch": 21, "vs": 8 },
    { "t": "Rev.22.15", "v": 4, "ch": 22, "vs": 15 }
  ],
  "Col.3.6": [{ "t": "Rev.22.15", "v": 2, "ch": 22, "vs": 15 }],
  "Col.3.8": [{ "t": "Rev.16.9", "v": 2, "ch": 16, "vs": 9 }],
  "Col.3.9": [
    { "t": "Rev.22.15", "v": 4, "ch": 22, "vs": 15 },
    { "t": "Rev.21.27", "v": 4, "ch": 21, "vs": 27 },
    { "t": "Rev.21.8", "v": 3, "ch": 21, "vs": 8 }
  ],
  "Col.3.10": [{ "t": "Rev.21.5", "v": 5, "ch": 21, "vs": 5 }],
  "Col.3.12": [{ "t": "Rev.17.14", "v": -1, "ch": 17, "vs": 14 }],
  "Col.3.15": [{ "t": "Rev.7.12", "v": 8, "ch": 7, "vs": 12 }],
  "Col.3.16": [
    { "t": "Rev.5.9", "v": 16, "ch": 5, "vs": 9 },
    { "t": "Rev.19.10", "v": 5, "ch": 19, "vs": 10 },
    { "t": "Rev.15.3", "v": 5, "ch": 15, "vs": 3 },
    { "t": "Rev.14.3", "v": 4, "ch": 14, "vs": 3 }
  ],
  "Col.4.1": [
    { "t": "Rev.17.14", "v": 9, "ch": 17, "vs": 14 },
    { "t": "Rev.19.16", "v": 3, "ch": 19, "vs": 16 }
  ],
  "Col.4.3": [{ "t": "Rev.3.7-Rev.3.8", "v": 7, "ch": 3, "vs": 7, "ve": 8 }],
  "Col.4.13": [
    { "t": "Rev.3.14-Rev.3.18", "v": 2, "ch": 3, "vs": 14, "ve": 18 },
    { "t": "Rev.1.11", "v": 2, "ch": 1, "vs": 11 }
  ]
}
