{
  "1Thess.1.3": [
    { "t": "Rev.2.19", "v": 19, "ch": 2, "vs": 19 },
    { "t": "Rev.2.2-Rev.2.4", "v": 2, "ch": 2, "vs": 2, "ve": 4 },
    { "t": "Rev.3.10", "v": 1, "ch": 3, "vs": 10 }
  ],
  "1Thess.1.8": [
    { "t": "Rev.22.17", "v": 3, "ch": 22, "vs": 17 },
    { "t": "Rev.14.6", "v": 3, "ch": 14, "vs": 6 }
  ],
  "1Thess.1.9": [{ "t": "Rev.17.2", "v": 1, "ch": 17, "vs": 2 }],
  "1Thess.1.10": [
    { "t": "Rev.1.18", "v": 3, "ch": 1, "vs": 18 },
    { "t": "Rev.1.7", "v": 1, "ch": 1, "vs": 7 }
  ],
  "1Thess.2.4": [{ "t": "Rev.2.23", "v": 3, "ch": 2, "vs": 23 }],
  "1Thess.2.5": [
    { "t": "Rev.18.12-Rev.18.13", "v": 3, "ch": 18, "vs": 12, "ve": 13 }
  ],
  "1Thess.2.16": [{ "t": "Rev.22.11", "v": 2, "ch": 22, "vs": 11 }],
  "1Thess.2.18": [
    { "t": "Rev.2.10", "v": 6, "ch": 2, "vs": 10 },
    { "t": "Rev.12.9-Rev.12.12", "v": 3, "ch": 12, "vs": 9, "ve": 12 }
  ],
  "1Thess.2.19": [
    { "t": "Rev.1.7", "v": 4, "ch": 1, "vs": 7 },
    { "t": "Rev.22.12", "v": 4, "ch": 22, "vs": 12 },
    { "t": "Rev.4.10-Rev.4.11", "v": 2, "ch": 4, "vs": 10, "ve": 11 }
  ],
  "1Thess.3.3": [
    { "t": "Rev.2.13", "v": 2, "ch": 2, "vs": 13 },
    { "t": "Rev.2.10", "v": 2, "ch": 2, "vs": 10 }
  ],
  "1Thess.3.8": [
    { "t": "Rev.3.11", "v": 5, "ch": 3, "vs": 11 },
    { "t": "Rev.3.3", "v": 3, "ch": 3, "vs": 3 }
  ],
  "1Thess.3.10": [
    { "t": "Rev.7.15", "v": 1, "ch": 7, "vs": 15 },
    { "t": "Rev.4.8", "v": 1, "ch": 4, "vs": 8 }
  ],
  "1Thess.4.3": [
    { "t": "Rev.21.8", "v": 12, "ch": 21, "vs": 8 },
    { "t": "Rev.22.15", "v": 4, "ch": 22, "vs": 15 }
  ],
  "1Thess.4.14": [
    { "t": "Rev.1.18", "v": 11, "ch": 1, "vs": 18 },
    { "t": "Rev.14.13", "v": 10, "ch": 14, "vs": 13 }
  ],
  "1Thess.4.16": [
    { "t": "Rev.1.7", "v": 33, "ch": 1, "vs": 7 },
    { "t": "Rev.20.5-Rev.20.6", "v": 12, "ch": 20, "vs": 5, "ve": 6 },
    { "t": "Rev.8.13", "v": 7, "ch": 8, "vs": 13 },
    { "t": "Rev.14.13", "v": 6, "ch": 14, "vs": 13 },
    { "t": "Rev.1.10", "v": 5, "ch": 1, "vs": 10 }
  ],
  "1Thess.4.17": [
    { "t": "Rev.11.12", "v": 29, "ch": 11, "vs": 12 },
    { "t": "Rev.7.14-Rev.7.17", "v": 13, "ch": 7, "vs": 14, "ve": 17 },
    { "t": "Rev.1.7", "v": 11, "ch": 1, "vs": 7 },
    { "t": "Rev.12.5", "v": 7, "ch": 12, "vs": 5 },
    { "t": "Rev.22.3-Rev.22.5", "v": 5, "ch": 22, "vs": 3, "ve": 5 },
    { "t": "Rev.21.3-Rev.21.7", "v": 4, "ch": 21, "vs": 3, "ve": 7 },
    { "t": "Rev.21.22-Rev.21.23", "v": 2, "ch": 21, "vs": 22, "ve": 23 }
  ],
  "1Thess.5.2": [
    { "t": "Rev.16.15", "v": 19, "ch": 16, "vs": 15 },
    { "t": "Rev.3.3", "v": 13, "ch": 3, "vs": 3 }
  ],
  "1Thess.5.3": [
    { "t": "Rev.18.7-Rev.18.8", "v": 12, "ch": 18, "vs": 7, "ve": 8 }
  ],
  "1Thess.5.4": [{ "t": "Rev.3.3", "v": 1, "ch": 3, "vs": 3 }],
  "1Thess.5.6": [
    { "t": "Rev.16.15", "v": 7, "ch": 16, "vs": 15 },
    { "t": "Rev.3.2", "v": 5, "ch": 3, "vs": 2 }
  ],
  "1Thess.5.12": [
    { "t": "Rev.1.20-Rev.2.1", "v": 3, "ch": 1, "vs": 20, "ve": 1 },
    { "t": "Rev.2.3", "v": 2, "ch": 2, "vs": 3 },
    { "t": "Rev.3.14", "v": 2, "ch": 3, "vs": 14 },
    { "t": "Rev.2.8", "v": 2, "ch": 2, "vs": 8 },
    { "t": "Rev.2.18", "v": 2, "ch": 2, "vs": 18 },
    { "t": "Rev.3.7", "v": 2, "ch": 3, "vs": 7 },
    { "t": "Rev.3.1", "v": 2, "ch": 3, "vs": 1 },
    { "t": "Rev.2.12", "v": 2, "ch": 2, "vs": 12 }
  ],
  "1Thess.5.15": [
    { "t": "Rev.22.9", "v": 2, "ch": 22, "vs": 9 },
    { "t": "Rev.19.10", "v": 1, "ch": 19, "vs": 10 }
  ],
  "1Thess.5.20": [
    { "t": "Rev.11.3-Rev.11.11", "v": 4, "ch": 11, "vs": 3, "ve": 11 }
  ],
  "1Thess.5.21": [
    { "t": "Rev.3.3", "v": 10, "ch": 3, "vs": 3 },
    { "t": "Rev.2.25", "v": 5, "ch": 2, "vs": 25 },
    { "t": "Rev.2.2", "v": 4, "ch": 2, "vs": 2 },
    { "t": "Rev.3.11", "v": 4, "ch": 3, "vs": 11 }
  ],
  "1Thess.5.24": [{ "t": "Rev.17.14", "v": 12, "ch": 17, "vs": 14 }]
}
