{
  "2Thess.1.4": [{ "t": "Rev.14.12", "v": 3, "ch": 14, "vs": 12 }],
  "2Thess.1.5": [
    { "t": "Rev.19.2", "v": 4, "ch": 19, "vs": 2 },
    { "t": "Rev.3.4", "v": 2, "ch": 3, "vs": 4 },
    { "t": "Rev.16.7", "v": 2, "ch": 16, "vs": 7 },
    { "t": "Rev.15.4", "v": 2, "ch": 15, "vs": 4 }
  ],
  "2Thess.1.6": [
    { "t": "Rev.6.10", "v": 6, "ch": 6, "vs": 10 },
    { "t": "Rev.19.2", "v": 5, "ch": 19, "vs": 2 },
    { "t": "Rev.11.18", "v": 3, "ch": 11, "vs": 18 },
    { "t": "Rev.15.4", "v": 3, "ch": 15, "vs": 4 },
    { "t": "Rev.18.20", "v": 3, "ch": 18, "vs": 20 },
    { "t": "Rev.18.24", "v": 2, "ch": 18, "vs": 24 },
    { "t": "Rev.16.5-Rev.16.6", "v": 2, "ch": 16, "vs": 5, "ve": 6 }
  ],
  "2Thess.1.7": [
    { "t": "Rev.14.13", "v": 9, "ch": 14, "vs": 13 },
    { "t": "Rev.22.16", "v": 5, "ch": 22, "vs": 16 },
    { "t": "Rev.21.4", "v": 3, "ch": 21, "vs": 4 },
    { "t": "Rev.1.7", "v": 2, "ch": 1, "vs": 7 },
    { "t": "Rev.20.11", "v": 2, "ch": 20, "vs": 11 },
    { "t": "Rev.7.14-Rev.7.17", "v": 2, "ch": 7, "vs": 14, "ve": 17 },
    { "t": "Rev.22.9", "v": 2, "ch": 22, "vs": 9 },
    { "t": "Rev.22.6", "v": 2, "ch": 22, "vs": 6 }
  ],
  "2Thess.1.8": [
    { "t": "Rev.20.14-Rev.20.15", "v": 6, "ch": 20, "vs": 14, "ve": 15 },
    { "t": "Rev.20.10", "v": 5, "ch": 20, "vs": 10 },
    { "t": "Rev.6.10", "v": 4, "ch": 6, "vs": 10 },
    { "t": "Rev.21.8", "v": 4, "ch": 21, "vs": 8 },
    { "t": "Rev.6.16-Rev.6.17", "v": 4, "ch": 6, "vs": 16, "ve": 17 }
  ],
  "2Thess.1.9": [
    { "t": "Rev.21.8", "v": 8, "ch": 21, "vs": 8 },
    { "t": "Rev.14.10-Rev.14.11", "v": 7, "ch": 14, "vs": 10, "ve": 11 },
    { "t": "Rev.20.14", "v": 5, "ch": 20, "vs": 14 },
    { "t": "Rev.20.11", "v": 3, "ch": 20, "vs": 11 },
    { "t": "Rev.22.15", "v": 2, "ch": 22, "vs": 15 }
  ],
  "2Thess.1.10": [
    { "t": "Rev.7.11-Rev.7.12", "v": 3, "ch": 7, "vs": 11, "ve": 12 }
  ],
  "2Thess.1.11": [
    { "t": "Rev.5.10", "v": 2, "ch": 5, "vs": 10 },
    { "t": "Rev.3.4", "v": 2, "ch": 3, "vs": 4 }
  ],
  "2Thess.1.12": [{ "t": "Rev.1.4", "v": 4, "ch": 1, "vs": 4 }],
  "2Thess.2.2": [{ "t": "Rev.19.20", "v": 4, "ch": 19, "vs": 20 }],
  "2Thess.2.3": [
    { "t": "Rev.13.11-Rev.13.18", "v": 10, "ch": 13, "vs": 11, "ve": 18 },
    { "t": "Rev.13.5-Rev.13.6", "v": 9, "ch": 13, "vs": 5, "ve": 6 },
    { "t": "Rev.17.8", "v": 7, "ch": 17, "vs": 8 },
    { "t": "Rev.17.11", "v": 6, "ch": 17, "vs": 11 }
  ],
  "2Thess.2.4": [
    { "t": "Rev.13.6-Rev.13.7", "v": 10, "ch": 13, "vs": 6, "ve": 7 }
  ],
  "2Thess.2.7": [
    { "t": "Rev.17.7", "v": 1, "ch": 17, "vs": 7 },
    { "t": "Rev.17.5", "v": 0, "ch": 17, "vs": 5 }
  ],
  "2Thess.2.8": [
    { "t": "Rev.19.20-Rev.19.21", "v": 12, "ch": 19, "vs": 20, "ve": 21 },
    { "t": "Rev.20.10", "v": 7, "ch": 20, "vs": 10 },
    { "t": "Rev.19.15", "v": 6, "ch": 19, "vs": 15 },
    { "t": "Rev.2.16", "v": 4, "ch": 2, "vs": 16 },
    { "t": "Rev.18.8-Rev.18.10", "v": 3, "ch": 18, "vs": 8, "ve": 10 },
    { "t": "Rev.1.16", "v": 1, "ch": 1, "vs": 16 }
  ],
  "2Thess.2.9": [
    { "t": "Rev.19.20", "v": 15, "ch": 19, "vs": 20 },
    { "t": "Rev.18.23", "v": 7, "ch": 18, "vs": 23 },
    { "t": "Rev.20.10", "v": 5, "ch": 20, "vs": 10 },
    { "t": "Rev.12.9", "v": 5, "ch": 12, "vs": 9 },
    { "t": "Rev.13.11-Rev.13.15", "v": 5, "ch": 13, "vs": 11, "ve": 15 },
    { "t": "Rev.12.17-Rev.13.5", "v": 2, "ch": 12, "vs": 17, "ve": 5 },
    { "t": "Rev.9.11", "v": 2, "ch": 9, "vs": 11 }
  ],
  "2Thess.2.14": [
    { "t": "Rev.22.3-Rev.22.5", "v": 3, "ch": 22, "vs": 3, "ve": 5 },
    { "t": "Rev.3.21", "v": 3, "ch": 3, "vs": 21 },
    { "t": "Rev.21.23", "v": 2, "ch": 21, "vs": 23 }
  ],
  "2Thess.2.16": [
    { "t": "Rev.1.5", "v": 3, "ch": 1, "vs": 5 },
    { "t": "Rev.7.16-Rev.7.17", "v": 1, "ch": 7, "vs": 16, "ve": 17 },
    { "t": "Rev.3.9", "v": 1, "ch": 3, "vs": 9 },
    { "t": "Rev.22.5", "v": 1, "ch": 22, "vs": 5 }
  ],
  "2Thess.3.5": [
    { "t": "Rev.3.10-Rev.3.11", "v": 6, "ch": 3, "vs": 10, "ve": 11 },
    { "t": "Rev.13.10", "v": 2, "ch": 13, "vs": 10 }
  ],
  "2Thess.3.13": [{ "t": "Rev.2.3", "v": 5, "ch": 2, "vs": 3 }]
}
