{
  "1Tim.1.3": [
    { "t": "Rev.2.14", "v": 2, "ch": 2, "vs": 14 },
    { "t": "Rev.2.20", "v": 2, "ch": 2, "vs": 20 },
    { "t": "Rev.2.1-Rev.2.2", "v": 2, "ch": 2, "vs": 1, "ve": 2 }
  ],
  "1Tim.1.9": [
    { "t": "Rev.22.15", "v": 3, "ch": 22, "vs": 15 },
    { "t": "Rev.21.8", "v": 3, "ch": 21, "vs": 8 }
  ],
  "1Tim.1.10": [
    { "t": "Rev.21.27", "v": 9, "ch": 21, "vs": 27 },
    { "t": "Rev.21.8", "v": 7, "ch": 21, "vs": 8 },
    { "t": "Rev.22.15", "v": 6, "ch": 22, "vs": 15 },
    { "t": "Rev.18.13", "v": 3, "ch": 18, "vs": 13 }
  ],
  "1Tim.1.12": [
    { "t": "Rev.5.9-Rev.5.14", "v": 1, "ch": 5, "vs": 9, "ve": 14 },
    { "t": "Rev.7.10-Rev.7.12", "v": 1, "ch": 7, "vs": 10, "ve": 12 }
  ],
  "1Tim.1.14": [{ "t": "Rev.22.21", "v": 2, "ch": 22, "vs": 21 }],
  "1Tim.1.15": [
    { "t": "Rev.5.9", "v": 6, "ch": 5, "vs": 9 },
    { "t": "Rev.22.6", "v": 6, "ch": 22, "vs": 6 },
    { "t": "Rev.21.5", "v": 4, "ch": 21, "vs": 5 }
  ],
  "1Tim.1.17": [
    { "t": "Rev.19.1", "v": 9, "ch": 19, "vs": 1 },
    { "t": "Rev.17.14", "v": 8, "ch": 17, "vs": 14 },
    { "t": "Rev.19.16", "v": 5, "ch": 19, "vs": 16 },
    { "t": "Rev.19.6", "v": 3, "ch": 19, "vs": 6 },
    { "t": "Rev.7.12", "v": 2, "ch": 7, "vs": 12 },
    { "t": "Rev.4.8-Rev.4.11", "v": 2, "ch": 4, "vs": 8, "ve": 11 },
    { "t": "Rev.5.9-Rev.5.14", "v": 2, "ch": 5, "vs": 9, "ve": 14 },
    { "t": "Rev.15.3", "v": 2, "ch": 15, "vs": 3 }
  ],
  "1Tim.1.19": [
    { "t": "Rev.3.10", "v": 8, "ch": 3, "vs": 10 },
    { "t": "Rev.3.8", "v": 4, "ch": 3, "vs": 8 },
    { "t": "Rev.3.3", "v": 2, "ch": 3, "vs": 3 }
  ],
  "1Tim.1.20": [
    { "t": "Rev.3.19", "v": 4, "ch": 3, "vs": 19 },
    { "t": "Rev.13.5-Rev.13.6", "v": 2, "ch": 13, "vs": 5, "ve": 6 },
    { "t": "tRev.13.1", "v": 2, "ch": 13, "vs": 1 }
  ],
  "1Tim.2.4": [{ "t": "Rev.14.6", "v": 6, "ch": 14, "vs": 6 }],
  "1Tim.2.5": [{ "t": "Rev.1.13", "v": 1, "ch": 1, "vs": 13 }],
  "1Tim.2.6": [
    { "t": "Rev.1.5", "v": 6, "ch": 1, "vs": 5 },
    { "t": "Rev.5.9", "v": 2, "ch": 5, "vs": 9 }
  ],
  "1Tim.2.10": [{ "t": "Rev.2.19", "v": 3, "ch": 2, "vs": 19 }],
  "1Tim.3.3": [
    { "t": "Rev.1.9", "v": 1, "ch": 1, "vs": 9 },
    { "t": "Rev.18.11-Rev.18.13", "v": 1, "ch": 18, "vs": 11, "ve": 13 }
  ],
  "1Tim.3.11": [
    { "t": "Rev.12.9-Rev.12.10", "v": 2, "ch": 12, "vs": 9, "ve": 10 }
  ],
  "1Tim.3.15": [{ "t": "Rev.7.2", "v": 3, "ch": 7, "vs": 2 }],
  "1Tim.3.16": [
    { "t": "Rev.1.17-Rev.1.18", "v": 7, "ch": 1, "vs": 17, "ve": 18 },
    { "t": "Rev.7.9", "v": 6, "ch": 7, "vs": 9 },
    { "t": "Rev.17.5", "v": 3, "ch": 17, "vs": 5 },
    { "t": "Rev.17.7", "v": 3, "ch": 17, "vs": 7 }
  ],
  "1Tim.4.1": [
    { "t": "Rev.3.6", "v": 5, "ch": 3, "vs": 6 },
    { "t": "Rev.20.10", "v": 5, "ch": 20, "vs": 10 },
    { "t": "Rev.2.11", "v": 5, "ch": 2, "vs": 11 },
    { "t": "Rev.2.29", "v": 5, "ch": 2, "vs": 29 },
    { "t": "Rev.18.2", "v": 3, "ch": 18, "vs": 2 },
    { "t": "Rev.20.2-Rev.20.3", "v": 2, "ch": 20, "vs": 2, "ve": 3 },
    { "t": "Rev.9.2-Rev.9.11", "v": 2, "ch": 9, "vs": 2, "ve": 11 },
    { "t": "Rev.2.7", "v": 2, "ch": 2, "vs": 7 },
    { "t": "Rev.9.20", "v": 2, "ch": 9, "vs": 20 },
    { "t": "Rev.13.14", "v": 2, "ch": 13, "vs": 14 },
    { "t": "Rev.18.23", "v": 2, "ch": 18, "vs": 23 },
    { "t": "Rev.19.20", "v": 2, "ch": 19, "vs": 20 },
    { "t": "Rev.3.22", "v": 2, "ch": 3, "vs": 22 },
    { "t": "Rev.3.13", "v": 2, "ch": 3, "vs": 13 },
    { "t": "Rev.2.17", "v": 2, "ch": 2, "vs": 17 },
    { "t": "Rev.20.8", "v": 2, "ch": 20, "vs": 8 },
    { "t": "Rev.16.14", "v": 1, "ch": 16, "vs": 14 }
  ],
  "1Tim.4.2": [{ "t": "Rev.16.14", "v": 6, "ch": 16, "vs": 14 }],
  "1Tim.4.8": [
    { "t": "Rev.3.21", "v": 4, "ch": 3, "vs": 21 },
    { "t": "Rev.3.12", "v": 2, "ch": 3, "vs": 12 }
  ],
  "1Tim.5.1": [{ "t": "Rev.4.4", "v": 3, "ch": 4, "vs": 4 }],
  "1Tim.5.6": [
    { "t": "Rev.3.1", "v": 7, "ch": 3, "vs": 1 },
    { "t": "Rev.18.7", "v": 7, "ch": 18, "vs": 7 }
  ],
  "1Tim.5.8": [
    { "t": "Rev.2.13", "v": 2, "ch": 2, "vs": 13 },
    { "t": "Rev.3.8", "v": 2, "ch": 3, "vs": 8 }
  ],
  "1Tim.5.11": [{ "t": "Rev.18.7", "v": 2, "ch": 18, "vs": 7 }],
  "1Tim.5.12": [{ "t": "Rev.2.4-Rev.2.5", "v": 3, "ch": 2, "vs": 4, "ve": 5 }],
  "1Tim.5.15": [{ "t": "Rev.12.9", "v": 2, "ch": 12, "vs": 9 }],
  "1Tim.5.21": [
    { "t": "Rev.14.10", "v": 2, "ch": 14, "vs": 10 },
    { "t": "Rev.12.7-Rev.12.9", "v": 2, "ch": 12, "vs": 7, "ve": 9 }
  ],
  "1Tim.5.22": [{ "t": "Rev.18.4", "v": 3, "ch": 18, "vs": 4 }],
  "1Tim.6.4": [{ "t": "Rev.3.17", "v": 2, "ch": 3, "vs": 17 }],
  "1Tim.6.5": [
    { "t": "Rev.18.3", "v": 4, "ch": 18, "vs": 3 },
    { "t": "Rev.18.13", "v": 0, "ch": 18, "vs": 13 }
  ],
  "1Tim.6.10": [
    { "t": "Rev.18.13", "v": 2, "ch": 18, "vs": 13 },
    { "t": "Rev.2.14-Rev.2.15", "v": 2, "ch": 2, "vs": 14, "ve": 15 }
  ],
  "1Tim.6.12": [{ "t": "Rev.3.3", "v": 13, "ch": 3, "vs": 3 }],
  "1Tim.6.13": [
    { "t": "Rev.3.14", "v": 3, "ch": 3, "vs": 14 },
    { "t": "Rev.1.5", "v": 3, "ch": 1, "vs": 5 },
    { "t": "Rev.22.1", "v": 2, "ch": 22, "vs": 1 },
    { "t": "Rev.21.6", "v": 2, "ch": 21, "vs": 6 }
  ],
  "1Tim.6.14": [{ "t": "Rev.1.7", "v": 3, "ch": 1, "vs": 7 }],
  "1Tim.6.15": [
    { "t": "Rev.19.16", "v": 16, "ch": 19, "vs": 16 },
    { "t": "Rev.17.14", "v": 13, "ch": 17, "vs": 14 }
  ],
  "1Tim.6.16": [
    { "t": "Rev.1.6", "v": 6, "ch": 1, "vs": 6 },
    { "t": "Rev.22.5", "v": 6, "ch": 22, "vs": 5 },
    { "t": "Rev.4.11", "v": 6, "ch": 4, "vs": 11 },
    { "t": "Rev.7.12", "v": 5, "ch": 7, "vs": 12 },
    { "t": "Rev.21.3", "v": 4, "ch": 21, "vs": 3 },
    { "t": "Rev.1.16-Rev.1.18", "v": 4, "ch": 1, "vs": 16, "ve": 18 },
    { "t": "Rev.1.8", "v": 3, "ch": 1, "vs": 8 }
  ],
  "1Tim.6.17": [
    { "t": "Rev.18.6-Rev.18.7", "v": 4, "ch": 18, "vs": 6, "ve": 7 }
  ],
  "1Tim.6.20": [{ "t": "Rev.3.3", "v": 2, "ch": 3, "vs": 3 }]
}
