{
  "2Tim.1.4": [
    { "t": "Rev.7.17", "v": 2, "ch": 7, "vs": 17 },
    { "t": "Rev.21.4", "v": 2, "ch": 21, "vs": 4 }
  ],
  "2Tim.1.8": [
    { "t": "Rev.12.11", "v": 12, "ch": 12, "vs": 11 },
    { "t": "Rev.1.9", "v": 6, "ch": 1, "vs": 9 },
    { "t": "Rev.19.10", "v": 4, "ch": 19, "vs": 10 },
    { "t": "Rev.1.2", "v": 4, "ch": 1, "vs": 2 }
  ],
  "2Tim.1.9": [
    { "t": "Rev.13.8", "v": 13, "ch": 13, "vs": 8 },
    { "t": "Rev.17.8", "v": 7, "ch": 17, "vs": 8 }
  ],
  "2Tim.1.10": [
    { "t": "Rev.22.17", "v": 3, "ch": 22, "vs": 17 },
    { "t": "Rev.22.14", "v": 3, "ch": 22, "vs": 14 },
    { "t": "Rev.2.7", "v": 3, "ch": 2, "vs": 7 },
    { "t": "Rev.18.1", "v": 3, "ch": 18, "vs": 1 },
    { "t": "Rev.22.1-Rev.22.2", "v": 3, "ch": 22, "vs": 1, "ve": 2 },
    { "t": "Rev.20.14", "v": 3, "ch": 20, "vs": 14 }
  ],
  "2Tim.1.13": [
    { "t": "Rev.3.11", "v": 9, "ch": 3, "vs": 11 },
    { "t": "Rev.3.3", "v": 7, "ch": 3, "vs": 3 },
    { "t": "Rev.2.25", "v": 3, "ch": 2, "vs": 25 }
  ],
  "2Tim.1.18": [{ "t": "Rev.2.1", "v": 2, "ch": 2, "vs": 1 }],
  "2Tim.2.2": [
    { "t": "Rev.2.10-Rev.2.13", "v": 5, "ch": 2, "vs": 10, "ve": 13 }
  ],
  "2Tim.2.5": [
    { "t": "Rev.3.11", "v": 12, "ch": 3, "vs": 11 },
    { "t": "Rev.2.10", "v": 4, "ch": 2, "vs": 10 },
    { "t": "Rev.4.10", "v": 1, "ch": 4, "vs": 10 },
    { "t": "Rev.4.4", "v": 0, "ch": 4, "vs": 4 }
  ],
  "2Tim.2.8": [{ "t": "Rev.5.5", "v": 3, "ch": 5, "vs": 5 }],
  "2Tim.2.12": [
    { "t": "Rev.20.4", "v": 12, "ch": 20, "vs": 4 },
    { "t": "Rev.20.6", "v": 8, "ch": 20, "vs": 6 },
    { "t": "Rev.5.10", "v": 7, "ch": 5, "vs": 10 },
    { "t": "Rev.1.9", "v": 4, "ch": 1, "vs": 9 },
    { "t": "Rev.2.13", "v": 4, "ch": 2, "vs": 13 },
    { "t": "Rev.3.8", "v": 3, "ch": 3, "vs": 8 },
    { "t": "Rev.1.6", "v": 1, "ch": 1, "vs": 6 }
  ],
  "2Tim.2.16": [
    { "t": "Rev.13.3", "v": 3, "ch": 13, "vs": 3 },
    { "t": "Rev.13.14", "v": 2, "ch": 13, "vs": 14 }
  ],
  "2Tim.2.19": [
    { "t": "Rev.3.8", "v": 46, "ch": 3, "vs": 8 },
    { "t": "Rev.22.4", "v": 43, "ch": 22, "vs": 4 },
    { "t": "Rev.2.13", "v": 24, "ch": 2, "vs": 13 },
    { "t": "Rev.21.14", "v": 8, "ch": 21, "vs": 14 },
    { "t": "Rev.17.8", "v": 7, "ch": 17, "vs": 8 }
  ],
  "2Tim.2.26": [
    { "t": "Rev.20.2-Rev.20.3", "v": 3, "ch": 20, "vs": 2, "ve": 3 },
    { "t": "Rev.12.9", "v": 2, "ch": 12, "vs": 9 }
  ],
  "2Thess.3.1": [
    { "t": "Rev.8.1-Rev.8.13", "v": 5, "ch": 8, "vs": 1, "ve": 13 }
  ],
  "2Tim.3.2": [
    { "t": "Rev.16.11", "v": 4, "ch": 16, "vs": 11 },
    { "t": "Rev.16.21", "v": 2, "ch": 16, "vs": 21 },
    { "t": "Rev.18.12-Rev.18.13", "v": 2, "ch": 18, "vs": 12, "ve": 13 },
    { "t": "Rev.13.1", "v": 1, "ch": 13, "vs": 1 },
    { "t": "Rev.16.9", "v": 1, "ch": 16, "vs": 9 },
    { "t": "Rev.13.5-Rev.13.6", "v": 1, "ch": 13, "vs": 5, "ve": 6 }
  ],
  "2Tim.3.3": [
    { "t": "Rev.13.17", "v": 3, "ch": 13, "vs": 17 },
    { "t": "Rev.16.6", "v": 3, "ch": 16, "vs": 6 },
    { "t": "Rev.13.15", "v": 3, "ch": 13, "vs": 15 },
    { "t": "Rev.17.6", "v": 3, "ch": 17, "vs": 6 }
  ],
  "2Tim.3.8": [
    { "t": "Rev.2.20", "v": 10, "ch": 2, "vs": 20 },
    { "t": "Rev.2.14-Rev.2.15", "v": 6, "ch": 2, "vs": 14, "ve": 15 },
    { "t": "Rev.2.6", "v": 4, "ch": 2, "vs": 6 }
  ],
  "2Tim.3.12": [
    { "t": "Rev.1.9-Rev.1.10", "v": 2, "ch": 1, "vs": 9, "ve": 10 },
    { "t": "Rev.7.14", "v": 2, "ch": 7, "vs": 14 },
    { "t": "Rev.12.4", "v": 1, "ch": 12, "vs": 4 },
    { "t": "Rev.12.7-Rev.12.10", "v": 1, "ch": 12, "vs": 7, "ve": 10 }
  ],
  "2Tim.3.13": [
    { "t": "Rev.13.14", "v": 2, "ch": 13, "vs": 14 },
    { "t": "Rev.12.9", "v": 2, "ch": 12, "vs": 9 },
    { "t": "Rev.18.23", "v": 1, "ch": 18, "vs": 23 }
  ],
  "2Tim.3.15": [{ "t": "Rev.19.10", "v": 3, "ch": 19, "vs": 10 }],
  "2Tim.4.1": [
    { "t": "Rev.20.11-Rev.20.15", "v": 4, "ch": 20, "vs": 11, "ve": 15 },
    { "t": "Rev.1.7", "v": 2, "ch": 1, "vs": 7 }
  ],
  "2Tim.4.2": [{ "t": "Rev.3.19", "v": 16, "ch": 3, "vs": 19 }],
  "2Tim.4.5": [{ "t": "Rev.3.2", "v": 3, "ch": 3, "vs": 2 }],
  "2Tim.4.7": [
    { "t": "Rev.3.8", "v": 13, "ch": 3, "vs": 8 },
    { "t": "Rev.3.10", "v": 12, "ch": 3, "vs": 10 }
  ],
  "2Tim.4.8": [
    { "t": "Rev.2.10", "v": 18, "ch": 2, "vs": 10 },
    { "t": "Rev.1.7", "v": 8, "ch": 1, "vs": 7 },
    { "t": "Rev.19.11", "v": 7, "ch": 19, "vs": 11 },
    { "t": "Rev.4.10", "v": 3, "ch": 4, "vs": 10 },
    { "t": "Rev.4.4", "v": 3, "ch": 4, "vs": 4 },
    { "t": "Rev.22.20", "v": 3, "ch": 22, "vs": 20 }
  ],
  "2Tim.4.14": [
    { "t": "Rev.18.6", "v": 4, "ch": 18, "vs": 6 },
    { "t": "Rev.18.20", "v": 3, "ch": 18, "vs": 20 },
    { "t": "Rev.6.10", "v": 3, "ch": 6, "vs": 10 }
  ],
  "2Tim.4.22": [{ "t": "Rev.22.21", "v": 3, "ch": 22, "vs": 21 }]
}
