{
  "Heb.1.3": [
    { "t": "Rev.4.11", "v": 28, "ch": 4, "vs": 11 },
    { "t": "Rev.3.21", "v": 4, "ch": 3, "vs": 21 }
  ],
  "Heb.1.4": [
    { "t": "Rev.5.11-Rev.5.12", "v": 6, "ch": 5, "vs": 11, "ve": 12 }
  ],
  "Heb.1.6": [
    { "t": "Rev.1.5", "v": 5, "ch": 1, "vs": 5 },
    { "t": "Rev.5.9-Rev.5.12", "v": 4, "ch": 5, "vs": 9, "ve": 12 }
  ],
  "Heb.1.9": [
    { "t": "Rev.2.15", "v": 2, "ch": 2, "vs": 15 },
    { "t": "Rev.2.6-Rev.2.7", "v": 2, "ch": 2, "vs": 6, "ve": 7 }
  ],
  "Heb.1.10": [{ "t": "Rev.3.14", "v": 4, "ch": 3, "vs": 14 }],
  "Heb.1.11": [
    { "t": "Rev.21.1", "v": 4, "ch": 21, "vs": 1 },
    { "t": "Rev.20.11", "v": 2, "ch": 20, "vs": 11 },
    { "t": "Rev.2.8", "v": 2, "ch": 2, "vs": 8 },
    { "t": "Rev.1.11", "v": 2, "ch": 1, "vs": 11 },
    { "t": "Rev.1.17-Rev.1.18", "v": 1, "ch": 1, "vs": 17, "ve": 18 }
  ],
  "Heb.1.13": [
    { "t": "Rev.19.11-Rev.19.21", "v": 4, "ch": 19, "vs": 11, "ve": 21 },
    { "t": "Rev.20.15", "v": 2, "ch": 20, "vs": 15 }
  ],
  "Heb.1.14": [{ "t": "Rev.5.6", "v": 3, "ch": 5, "vs": 6 }],
  "Heb.2.3": [
    { "t": "Rev.6.16-Rev.6.17", "v": 5, "ch": 6, "vs": 16, "ve": 17 },
    { "t": "Rev.7.10", "v": 4, "ch": 7, "vs": 10 }
  ],
  "Heb.2.5": [{ "t": "Rev.11.15", "v": 6, "ch": 11, "vs": 15 }],
  "Heb.2.8": [
    { "t": "Rev.1.18", "v": 4, "ch": 1, "vs": 18 },
    { "t": "Rev.5.11-Rev.5.13", "v": 4, "ch": 5, "vs": 11, "ve": 13 },
    { "t": "Rev.1.5", "v": 3, "ch": 1, "vs": 5 }
  ],
  "Heb.2.9": [
    { "t": "Rev.5.9", "v": 11, "ch": 5, "vs": 9 },
    { "t": "Rev.19.12", "v": 2, "ch": 19, "vs": 12 }
  ],
  "Heb.2.10": [
    { "t": "Rev.7.9", "v": 2, "ch": 7, "vs": 9 },
    { "t": "Rev.4.11", "v": 2, "ch": 4, "vs": 11 }
  ],
  "Heb.2.14": [
    { "t": "Rev.1.18", "v": 7, "ch": 1, "vs": 18 },
    { "t": "Rev.2.10", "v": 4, "ch": 2, "vs": 10 },
    { "t": "Rev.20.2", "v": 3, "ch": 20, "vs": 2 },
    { "t": "Rev.12.9", "v": 3, "ch": 12, "vs": 9 }
  ],
  "Heb.2.18": [{ "t": "Rev.3.10", "v": 9, "ch": 3, "vs": 10 }],
  "Heb.3.1": [
    { "t": "Rev.18.20", "v": 3, "ch": 18, "vs": 20 },
    { "t": "Rev.17.14", "v": 3, "ch": 17, "vs": 14 }
  ],
  "Heb.3.6": [
    { "t": "Rev.3.11", "v": 4, "ch": 3, "vs": 11 },
    { "t": "Rev.2.18", "v": 4, "ch": 2, "vs": 18 },
    { "t": "Rev.2.25", "v": 2, "ch": 2, "vs": 25 }
  ],
  "Heb.3.7": [{ "t": "Rev.3.20", "v": 70, "ch": 3, "vs": 20 }],
  "Heb.4.9": [
    { "t": "Rev.21.4", "v": 7, "ch": 21, "vs": 4 },
    { "t": "Rev.7.14-Rev.7.17", "v": 6, "ch": 7, "vs": 14, "ve": 17 }
  ],
  "Heb.4.10": [{ "t": "Rev.14.13", "v": 14, "ch": 14, "vs": 13 }],
  "Heb.4.12": [
    { "t": "Rev.1.16", "v": 54, "ch": 1, "vs": 16 },
    { "t": "Rev.19.15", "v": 37, "ch": 19, "vs": 15 },
    { "t": "Rev.19.21", "v": 25, "ch": 19, "vs": 21 },
    { "t": "Rev.2.16", "v": 23, "ch": 2, "vs": 16 },
    { "t": "Rev.2.23", "v": 22, "ch": 2, "vs": 23 },
    { "t": "Rev.20.4", "v": 20, "ch": 20, "vs": 4 }
  ],
  "Heb.4.13": [
    { "t": "Rev.2.23", "v": 14, "ch": 2, "vs": 23 },
    { "t": "Rev.20.11-Rev.20.15", "v": 6, "ch": 20, "vs": 11, "ve": 15 }
  ],
  "Heb.6.2": [
    { "t": "Rev.20.10-Rev.20.15", "v": 1, "ch": 20, "vs": 10, "ve": 15 }
  ],
  "Heb.6.8": [{ "t": "Rev.20.15", "v": 2, "ch": 20, "vs": 15 }],
  "Heb.6.11": [{ "t": "Rev.2.26", "v": 5, "ch": 2, "vs": 26 }],
  "Heb.6.12": [
    { "t": "Rev.14.12-Rev.14.13", "v": 4, "ch": 14, "vs": 12, "ve": 13 },
    { "t": "Rev.13.10", "v": 2, "ch": 13, "vs": 10 }
  ],
  "Heb.7.8": [{ "t": "Rev.1.18", "v": 5, "ch": 1, "vs": 18 }],
  "Heb.7.14": [
    { "t": "Rev.5.5", "v": 5, "ch": 5, "vs": 5 },
    { "t": "Rev.22.16", "v": 4, "ch": 22, "vs": 16 }
  ],
  "Heb.7.16": [{ "t": "Rev.1.18", "v": 3, "ch": 1, "vs": 18 }],
  "Heb.7.24": [{ "t": "Rev.1.18", "v": 4, "ch": 1, "vs": 18 }],
  "Heb.7.25": [{ "t": "Rev.8.3-Rev.8.4", "v": 2, "ch": 8, "vs": 3, "ve": 4 }],
  "Heb.7.26": [
    { "t": "Rev.1.17-Rev.1.18", "v": 3, "ch": 1, "vs": 17, "ve": 18 },
    { "t": "Rev.3.7", "v": 3, "ch": 3, "vs": 7 }
  ],
  "Heb.8.1": [{ "t": "Rev.3.21", "v": 7, "ch": 3, "vs": 21 }],
  "Heb.8.12": [{ "t": "Rev.1.5", "v": 5, "ch": 1, "vs": 5 }],
  "Heb.9.4": [{ "t": "Rev.8.3", "v": 3, "ch": 8, "vs": 3 }],
  "Heb.9.12": [
    { "t": "Rev.1.5", "v": 7, "ch": 1, "vs": 5 },
    { "t": "Rev.5.9", "v": 3, "ch": 5, "vs": 9 }
  ],
  "Heb.9.14": [{ "t": "Rev.1.5", "v": 11, "ch": 1, "vs": 5 }],
  "Heb.9.15": [
    { "t": "Rev.5.9", "v": 5, "ch": 5, "vs": 9 },
    { "t": "Rev.14.3-Rev.14.4", "v": 4, "ch": 14, "vs": 3, "ve": 4 }
  ],
  "Heb.9.23": [{ "t": "Rev.5.9", "v": 5, "ch": 5, "vs": 9 }],
  "Heb.9.24": [{ "t": "Rev.8.3", "v": 3, "ch": 8, "vs": 3 }],
  "Heb.9.26": [
    { "t": "Rev.17.8", "v": 3, "ch": 17, "vs": 8 },
    { "t": "Rev.13.8", "v": 2, "ch": 13, "vs": 8 }
  ],
  "Heb.9.27": [{ "t": "Rev.20.11", "v": 7, "ch": 20, "vs": 11 }],
  "Heb.9.28": [{ "t": "Rev.1.7", "v": 7, "ch": 1, "vs": 7 }],
  "Heb.10.15": [
    { "t": "Rev.3.6", "v": 3, "ch": 3, "vs": 6 },
    { "t": "Rev.2.11", "v": 3, "ch": 2, "vs": 11 },
    { "t": "Rev.3.13", "v": 2, "ch": 3, "vs": 13 },
    { "t": "Rev.3.22", "v": 2, "ch": 3, "vs": 22 },
    { "t": "Rev.2.29", "v": 2, "ch": 2, "vs": 29 },
    { "t": "Rev.2.17", "v": 2, "ch": 2, "vs": 17 },
    { "t": "Rev.2.7", "v": 2, "ch": 2, "vs": 7 },
    { "t": "Rev.19.10", "v": 1, "ch": 19, "vs": 10 }
  ],
  "Heb.10.22": [{ "t": "Rev.1.5", "v": 5, "ch": 1, "vs": 5 }],
  "Heb.10.23": [{ "t": "Rev.3.11", "v": 31, "ch": 3, "vs": 11 }],
  "Heb.10.27": [
    { "t": "Rev.20.15", "v": 3, "ch": 20, "vs": 15 },
    { "t": "Rev.6.15-Rev.6.17", "v": 1, "ch": 6, "vs": 15, "ve": 17 }
  ],
  "Heb.10.32": [
    { "t": "Rev.3.3", "v": 4, "ch": 3, "vs": 3 },
    { "t": "Rev.2.5", "v": 3, "ch": 2, "vs": 5 }
  ],
  "Heb.10.36": [
    { "t": "Rev.14.12", "v": 11, "ch": 14, "vs": 12 },
    { "t": "Rev.13.10", "v": 5, "ch": 13, "vs": 10 }
  ],
  "Heb.10.37": [{ "t": "Rev.22.20", "v": 5, "ch": 22, "vs": 20 }],
  "Heb.10.39": [
    { "t": "Rev.17.11", "v": 2, "ch": 17, "vs": 11 },
    { "t": "Rev.17.8", "v": 1, "ch": 17, "vs": 8 }
  ],
  "Heb.11.3": [{ "t": "Rev.4.11", "v": 16, "ch": 4, "vs": 11 }],
  "Heb.11.5": [
    { "t": "Rev.11.9-Rev.11.12", "v": 5, "ch": 11, "vs": 9, "ve": 12 }
  ],
  "Heb.11.6": [{ "t": "Rev.21.8", "v": 19, "ch": 21, "vs": 8 }],
  "Heb.11.10": [
    { "t": "Rev.21.2", "v": 10, "ch": 21, "vs": 2 },
    { "t": "Rev.21.10-Rev.21.27", "v": 9, "ch": 21, "vs": 10, "ve": 27 }
  ],
  "Heb.11.12": [{ "t": "Rev.20.8", "v": 4, "ch": 20, "vs": 8 }],
  "Heb.11.17": [{ "t": "Rev.3.10", "v": 5, "ch": 3, "vs": 10 }],
  "Heb.11.25": [{ "t": "Rev.18.7", "v": 5, "ch": 18, "vs": 7 }],
  "Heb.11.26": [
    { "t": "Rev.3.18", "v": 4, "ch": 3, "vs": 18 },
    { "t": "Rev.2.9", "v": 1, "ch": 2, "vs": 9 }
  ],
  "Heb.11.36": [{ "t": "Rev.2.10", "v": 2, "ch": 2, "vs": 10 }],
  "Heb.11.37": [{ "t": "Rev.11.3", "v": 2, "ch": 11, "vs": 3 }],
  "Heb.11.40": [{ "t": "Rev.6.11", "v": 8, "ch": 6, "vs": 11 }],
  "Heb.12.1": [
    { "t": "Rev.3.10", "v": 14, "ch": 3, "vs": 10 },
    { "t": "Rev.22.16", "v": 10, "ch": 22, "vs": 16 },
    { "t": "Rev.1.9", "v": 8, "ch": 1, "vs": 9 },
    { "t": "Rev.13.10", "v": 7, "ch": 13, "vs": 10 }
  ],
  "Heb.12.2": [
    { "t": "Rev.2.8", "v": 10, "ch": 2, "vs": 8 },
    { "t": "Rev.1.17", "v": 6, "ch": 1, "vs": 17 },
    { "t": "Rev.1.11", "v": 6, "ch": 1, "vs": 11 },
    { "t": "Rev.1.8", "v": 5, "ch": 1, "vs": 8 }
  ],
  "Heb.12.3": [{ "t": "Rev.2.3", "v": 17, "ch": 2, "vs": 3 }],
  "Heb.12.4": [
    { "t": "Rev.2.13", "v": 8, "ch": 2, "vs": 13 },
    { "t": "Rev.12.11", "v": 6, "ch": 12, "vs": 11 },
    { "t": "Rev.18.24", "v": 3, "ch": 18, "vs": 24 },
    { "t": "Rev.6.9-Rev.6.11", "v": 3, "ch": 6, "vs": 9, "ve": 11 },
    { "t": "Rev.17.6", "v": 2, "ch": 17, "vs": 6 }
  ],
  "Heb.12.5": [{ "t": "Rev.3.19", "v": 22, "ch": 3, "vs": 19 }],
  "Heb.12.6": [{ "t": "Rev.3.19", "v": 33, "ch": 3, "vs": 19 }],
  "Heb.12.14": [
    { "t": "Rev.22.11-Rev.22.15", "v": 12, "ch": 22, "vs": 11, "ve": 15 },
    { "t": "Rev.21.24-Rev.21.27", "v": 5, "ch": 21, "vs": 24, "ve": 27 },
    { "t": "Rev.22.3-Rev.22.4", "v": 5, "ch": 22, "vs": 3, "ve": 4 }
  ],
  "Heb.12.16": [
    { "t": "Rev.22.15", "v": 4, "ch": 22, "vs": 15 },
    { "t": "Rev.21.8", "v": 2, "ch": 21, "vs": 8 },
    { "t": "Rev.2.20-Rev.2.23", "v": 2, "ch": 2, "vs": 20, "ve": 23 }
  ],
  "Heb.12.21": [{ "t": "Rev.1.17", "v": 4, "ch": 1, "vs": 17 }],
  "Heb.12.22": [
    { "t": "Rev.14.1", "v": 9, "ch": 14, "vs": 1 },
    { "t": "Rev.21.2", "v": 7, "ch": 21, "vs": 2 },
    { "t": "Rev.3.12", "v": 6, "ch": 3, "vs": 12 },
    { "t": "Rev.22.19", "v": 6, "ch": 22, "vs": 19 },
    { "t": "Rev.5.11-Rev.5.12", "v": 5, "ch": 5, "vs": 11, "ve": 12 },
    { "t": "Rev.7.2", "v": 3, "ch": 7, "vs": 2 },
    { "t": "Rev.21.10", "v": 3, "ch": 21, "vs": 10 }
  ],
  "Heb.12.23": [
    { "t": "Rev.20.15", "v": 5, "ch": 20, "vs": 15 },
    { "t": "Rev.14.4", "v": 5, "ch": 14, "vs": 4 },
    { "t": "Rev.7.14-Rev.7.17", "v": 4, "ch": 7, "vs": 14, "ve": 17 },
    { "t": "Rev.13.8", "v": 3, "ch": 13, "vs": 8 }
  ],
  "Heb.12.25": [
    { "t": "Rev.22.9", "v": 0, "ch": 22, "vs": 9 },
    { "t": "Rev.19.10", "v": 0, "ch": 19, "vs": 10 }
  ],
  "Heb.12.27": [
    { "t": "Rev.11.15", "v": 2, "ch": 11, "vs": 15 },
    { "t": "Rev.21.1", "v": 2, "ch": 21, "vs": 1 }
  ],
  "Heb.12.28": [
    { "t": "Rev.1.6", "v": 7, "ch": 1, "vs": 6 },
    { "t": "Rev.15.4", "v": 5, "ch": 15, "vs": 4 },
    { "t": "Rev.5.10", "v": 3, "ch": 5, "vs": 10 }
  ],
  "Heb.13.1": [{ "t": "Rev.2.4", "v": 2, "ch": 2, "vs": 4 }],
  "Heb.13.4": [{ "t": "Rev.22.15", "v": 4, "ch": 22, "vs": 15 }],
  "Heb.13.7": [
    { "t": "Rev.6.9", "v": 5, "ch": 6, "vs": 9 },
    { "t": "Rev.20.4", "v": 4, "ch": 20, "vs": 4 },
    { "t": "Rev.1.9", "v": 3, "ch": 1, "vs": 9 }
  ],
  "Heb.13.8": [
    { "t": "Rev.1.8", "v": 76, "ch": 1, "vs": 8 },
    { "t": "Rev.1.17-Rev.1.18", "v": 28, "ch": 1, "vs": 17, "ve": 18 },
    { "t": "Rev.1.4", "v": 25, "ch": 1, "vs": 4 },
    { "t": "Rev.1.11", "v": 0, "ch": 1, "vs": 11 }
  ],
  "Heb.13.15": [
    { "t": "Rev.5.9-Rev.5.14", "v": 6, "ch": 5, "vs": 9, "ve": 14 },
    { "t": "Rev.19.1-Rev.19.6", "v": 5, "ch": 19, "vs": 1, "ve": 6 },
    { "t": "Rev.7.9-Rev.7.12", "v": 2, "ch": 7, "vs": 9, "ve": 12 },
    { "t": "Rev.4.8-Rev.4.11", "v": 1, "ch": 4, "vs": 8, "ve": 11 }
  ],
  "Heb.13.21": [
    { "t": "Rev.5.9", "v": 3, "ch": 5, "vs": 9 },
    { "t": "Rev.4.6", "v": 2, "ch": 4, "vs": 6 },
    { "t": "Rev.5.13", "v": 2, "ch": 5, "vs": 13 }
  ],
  "Heb.13.23": [{ "t": "Rev.7.14", "v": 1, "ch": 7, "vs": 14 }],
  "Heb.13.25": [{ "t": "Rev.22.21", "v": 3, "ch": 22, "vs": 21 }]
}
