{
  "Jas.1.1": [{ "t": "Rev.7.4", "v": 2, "ch": 7, "vs": 4 }],
  "Jas.1.2": [{ "t": "Rev.2.10", "v": 27, "ch": 2, "vs": 10 }],
  "Jas.1.9": [
    { "t": "Rev.2.9", "v": 4, "ch": 2, "vs": 9 },
    { "t": "Rev.5.9-Rev.5.10", "v": 1, "ch": 5, "vs": 9, "ve": 10 },
    { "t": "Rev.7.9-Rev.7.10", "v": -1, "ch": 7, "vs": 9, "ve": 10 }
  ],
  "Jas.1.12": [
    { "t": "Rev.2.10", "v": 53, "ch": 2, "vs": 10 },
    { "t": "Rev.3.21", "v": 19, "ch": 3, "vs": 21 },
    { "t": "Rev.3.19", "v": 15, "ch": 3, "vs": 19 }
  ],
  "Jas.1.15": [
    { "t": "Rev.20.14-Rev.20.15", "v": 3, "ch": 20, "vs": 14, "ve": 15 }
  ],
  "Jas.1.17": [
    { "t": "Rev.21.23", "v": 10, "ch": 21, "vs": 23 },
    { "t": "Rev.22.5", "v": 8, "ch": 22, "vs": 5 }
  ],
  "Jas.1.18": [{ "t": "Rev.14.4", "v": 8, "ch": 14, "vs": 4 }],
  "Jas.1.22": [
    { "t": "Rev.22.7", "v": 22, "ch": 22, "vs": 7 },
    { "t": "Rev.12.9", "v": 6, "ch": 12, "vs": 9 }
  ],
  "Jas.1.25": [
    { "t": "Rev.14.13", "v": 4, "ch": 14, "vs": 13 },
    { "t": "Rev.22.14", "v": 2, "ch": 22, "vs": 14 }
  ],
  "Jas.2.1": [{ "t": "Rev.14.12", "v": 4, "ch": 14, "vs": 12 }],
  "Jas.2.5": [
    { "t": "Rev.2.9", "v": 14, "ch": 2, "vs": 9 },
    { "t": "Rev.21.7", "v": 4, "ch": 21, "vs": 7 },
    { "t": "Rev.3.18", "v": 3, "ch": 3, "vs": 18 }
  ],
  "Jas.2.7": [
    { "t": "Rev.13.5-Rev.13.6", "v": 3, "ch": 13, "vs": 5, "ve": 6 },
    { "t": "Rev.19.16", "v": 2, "ch": 19, "vs": 16 },
    { "t": "Rev.19.13", "v": 2, "ch": 19, "vs": 13 }
  ],
  "Jas.2.19": [
    { "t": "Rev.20.2-Rev.20.3", "v": 3, "ch": 20, "vs": 2, "ve": 3 },
    { "t": "Rev.20.10", "v": 2, "ch": 20, "vs": 10 }
  ],
  "Jas.3.5": [{ "t": "Rev.13.5-Rev.13.6", "v": 4, "ch": 13, "vs": 5, "ve": 6 }],
  "Jas.3.6": [
    { "t": "Rev.2.14-Rev.2.15", "v": 3, "ch": 2, "vs": 14, "ve": 15 },
    { "t": "Rev.13.14", "v": 3, "ch": 13, "vs": 14 },
    { "t": "Rev.18.23", "v": 3, "ch": 18, "vs": 23 },
    { "t": "Rev.19.20", "v": 3, "ch": 19, "vs": 20 },
    { "t": "Rev.12.9", "v": 3, "ch": 12, "vs": 9 },
    { "t": "Rev.13.1-Rev.13.5", "v": 3, "ch": 13, "vs": 1, "ve": 5 }
  ],
  "Jas.3.8": [{ "t": "Rev.12.9", "v": 3, "ch": 12, "vs": 9 }],
  "Jas.3.15": [
    { "t": "Rev.2.24", "v": 2, "ch": 2, "vs": 24 },
    { "t": "Rev.9.11", "v": 2, "ch": 9, "vs": 11 },
    { "t": "Rev.12.9", "v": 2, "ch": 12, "vs": 9 }
  ],
  "Jas.4.7": [
    { "t": "Rev.12.9-Rev.12.11", "v": 14, "ch": 12, "vs": 9, "ve": 11 }
  ],
  "Jas.4.9": [{ "t": "Rev.18.7-Rev.18.8", "v": 6, "ch": 18, "vs": 7, "ve": 8 }],
  "Jas.4.16": [{ "t": "Rev.18.7", "v": 3, "ch": 18, "vs": 7 }],
  "Jas.5.1": [
    { "t": "Rev.6.15-Rev.6.17", "v": 4, "ch": 6, "vs": 15, "ve": 17 }
  ],
  "Jas.5.3": [
    { "t": "Rev.21.8", "v": 3, "ch": 21, "vs": 8 },
    { "t": "Rev.20.15", "v": 2, "ch": 20, "vs": 15 },
    { "t": "Rev.17.16", "v": 1, "ch": 17, "vs": 16 }
  ],
  "Jas.5.5": [
    { "t": "Rev.19.17-Rev.19.18", "v": 3, "ch": 19, "vs": 17, "ve": 18 },
    { "t": "Rev.18.7", "v": 3, "ch": 18, "vs": 7 }
  ],
  "Jas.5.8": [{ "t": "Rev.22.20", "v": 11, "ch": 22, "vs": 20 }],
  "Jas.5.9": [{ "t": "Rev.3.20", "v": 1, "ch": 3, "vs": 20 }],
  "Jas.5.13": [
    { "t": "Rev.19.1-Rev.19.6", "v": 12, "ch": 19, "vs": 1, "ve": 6 },
    { "t": "Rev.5.9-Rev.5.14", "v": 10, "ch": 5, "vs": 9, "ve": 14 },
    { "t": "Rev.14.3", "v": 5, "ch": 14, "vs": 3 },
    { "t": "Rev.7.10", "v": 3, "ch": 7, "vs": 10 }
  ],
  "Jas.5.17": [{ "t": "Rev.11.6", "v": 10, "ch": 11, "vs": 6 }],
  "Jas.5.20": [{ "t": "Rev.20.6", "v": 3, "ch": 20, "vs": 6 }]
}
