{
  "Josh.1.1": [{ "t": "Rev.1.18", "v": 2, "ch": 1, "vs": 18 }],
  "Josh.1.8": [{ "t": "Rev.22.14", "v": 27, "ch": 22, "vs": 14 }],
  "Josh.1.14": [{ "t": "Rev.17.4", "v": 2, "ch": 17, "vs": 4 }],
  "Josh.2.5": [{ "t": "Rev.21.25", "v": 2, "ch": 21, "vs": 25 }],
  "Josh.2.11": [{ "t": "Rev.6.16", "v": 2, "ch": 6, "vs": 16 }],
  "Josh.2.24": [
    { "t": "Rev.6.16-Rev.6.17", "v": 2, "ch": 6, "vs": 16, "ve": 17 }
  ],
  "Josh.3.3": [{ "t": "Rev.14.4", "v": 2, "ch": 14, "vs": 4 }],
  "Josh.4.16": [{ "t": "Rev.11.19", "v": 2, "ch": 11, "vs": 19 }],
  "Josh.4.22": [{ "t": "Rev.16.12", "v": 2, "ch": 16, "vs": 12 }],
  "Josh.5.1": [{ "t": "Rev.18.10", "v": 2, "ch": 18, "vs": 10 }],
  "Josh.5.12": [
    { "t": "Rev.7.16-Rev.7.17", "v": 5, "ch": 7, "vs": 16, "ve": 17 }
  ],
  "Josh.5.14": [
    { "t": "Rev.19.10-Rev.19.14", "v": 4, "ch": 19, "vs": 10, "ve": 14 },
    { "t": "Rev.12.7", "v": 3, "ch": 12, "vs": 7 },
    { "t": "Rev.22.8-Rev.22.9", "v": 1, "ch": 22, "vs": 8, "ve": 9 }
  ],
  "Josh.6.4": [
    { "t": "Rev.16.1", "v": 6, "ch": 16, "vs": 1 },
    { "t": "Rev.8.2", "v": 4, "ch": 8, "vs": 2 },
    { "t": "Rev.5.1", "v": 3, "ch": 5, "vs": 1 },
    { "t": "Rev.15.7", "v": 3, "ch": 15, "vs": 7 },
    { "t": "Rev.5.6", "v": 3, "ch": 5, "vs": 6 },
    { "t": "Rev.1.20", "v": 3, "ch": 1, "vs": 20 },
    { "t": "Rev.8.6", "v": 3, "ch": 8, "vs": 6 },
    { "t": "Rev.15.1", "v": 3, "ch": 15, "vs": 1 },
    { "t": "Rev.10.3", "v": 3, "ch": 10, "vs": 3 },
    { "t": "Rev.1.4", "v": 3, "ch": 1, "vs": 4 }
  ],
  "Josh.6.21": [{ "t": "Rev.18.21", "v": 2, "ch": 18, "vs": 21 }],
  "Josh.6.24": [
    { "t": "Rev.17.16", "v": 4, "ch": 17, "vs": 16 },
    { "t": "Rev.18.8", "v": 3, "ch": 18, "vs": 8 }
  ],
  "Josh.7.6": [{ "t": "Rev.18.19", "v": 3, "ch": 18, "vs": 19 }],
  "Josh.7.19": [{ "t": "Rev.16.9", "v": 2, "ch": 16, "vs": 9 }],
  "Josh.8.16": [
    { "t": "Rev.19.19-Rev.19.21", "v": 2, "ch": 19, "vs": 19, "ve": 21 },
    { "t": "Rev.16.14", "v": 2, "ch": 16, "vs": 14 }
  ],
  "Josh.8.20": [
    { "t": "Rev.18.9", "v": 2, "ch": 18, "vs": 9 },
    { "t": "Rev.6.15-Rev.6.17", "v": 2, "ch": 6, "vs": 15, "ve": 17 },
    { "t": "Rev.19.3", "v": 2, "ch": 19, "vs": 3 }
  ],
  "Josh.8.23": [{ "t": "Rev.19.20", "v": 2, "ch": 19, "vs": 20 }],
  "Josh.8.29": [
    { "t": "Rev.19.17-Rev.19.18", "v": 2, "ch": 19, "vs": 17, "ve": 18 }
  ],
  "Josh.9.2": [
    { "t": "Rev.20.8-Rev.20.9", "v": 2, "ch": 20, "vs": 8, "ve": 9 },
    { "t": "Rev.16.14", "v": 2, "ch": 16, "vs": 14 }
  ],
  "Josh.10.2": [
    { "t": "Rev.6.15-Rev.6.17", "v": 2, "ch": 6, "vs": 15, "ve": 17 }
  ],
  "Josh.10.4": [
    { "t": "Rev.20.8-Rev.20.10", "v": 2, "ch": 20, "vs": 8, "ve": 10 },
    { "t": "Rev.16.14", "v": 2, "ch": 16, "vs": 14 }
  ],
  "Josh.10.11": [
    { "t": "Rev.16.21", "v": 3, "ch": 16, "vs": 21 },
    { "t": "Rev.11.19", "v": 3, "ch": 11, "vs": 19 }
  ],
  "Josh.10.13": [
    { "t": "Rev.16.8-Rev.16.9", "v": 4, "ch": 16, "vs": 8, "ve": 9 },
    { "t": "Rev.6.12", "v": 3, "ch": 6, "vs": 12 },
    { "t": "Rev.8.12", "v": 3, "ch": 8, "vs": 12 },
    { "t": "Rev.6.10", "v": 3, "ch": 6, "vs": 10 },
    { "t": "Rev.21.23", "v": 3, "ch": 21, "vs": 23 }
  ],
  "Josh.10.16": [{ "t": "Rev.6.15", "v": 2, "ch": 6, "vs": 15 }],
  "Josh.10.24": [
    { "t": "Rev.2.26-Rev.2.27", "v": 6, "ch": 2, "vs": 26, "ve": 27 }
  ],
  "Josh.11.5": [{ "t": "Rev.16.14", "v": 2, "ch": 16, "vs": 14 }],
  "Josh.11.21": [
    { "t": "Rev.6.2", "v": 2, "ch": 6, "vs": 2 },
    { "t": "Rev.19.11-Rev.19.21", "v": 2, "ch": 19, "vs": 11, "ve": 21 }
  ],
  "Josh.13.22": [
    { "t": "Rev.2.14", "v": 4, "ch": 2, "vs": 14 },
    { "t": "Rev.19.20", "v": 2, "ch": 19, "vs": 20 }
  ],
  "Josh.14.8": [{ "t": "Rev.14.4", "v": 1, "ch": 14, "vs": 4 }],
  "Josh.22.22": [
    { "t": "Rev.2.23", "v": 2, "ch": 2, "vs": 23 },
    { "t": "Rev.19.16", "v": 2, "ch": 19, "vs": 16 }
  ],
  "Josh.23.6": [{ "t": "Rev.21.8", "v": 2, "ch": 21, "vs": 8 }],
  "Josh.24.27": [{ "t": "Rev.3.8", "v": 1, "ch": 3, "vs": 8 }],
  "Josh.24.29": [{ "t": "Rev.14.13", "v": 2, "ch": 14, "vs": 13 }]
}
