{
  "1Pet.1.1": [{ "t": "Rev.1.11", "v": 2, "ch": 1, "vs": 11 }],
  "1Pet.1.4": [{ "t": "Rev.21.27", "v": 22, "ch": 21, "vs": 27 }],
  "1Pet.1.7": [
    { "t": "Rev.18.16-Rev.18.17", "v": 3, "ch": 18, "vs": 16, "ve": 17 },
    { "t": "Rev.3.10", "v": 3, "ch": 3, "vs": 10 },
    { "t": "Rev.2.10", "v": 3, "ch": 2, "vs": 10 },
    { "t": "Rev.1.7", "v": 3, "ch": 1, "vs": 7 },
    { "t": "Rev.3.18", "v": 2, "ch": 3, "vs": 18 }
  ],
  "1Pet.1.11": [{ "t": "Rev.19.10", "v": 3, "ch": 19, "vs": 10 }],
  "1Pet.1.12": [{ "t": "Rev.5.11", "v": 7, "ch": 5, "vs": 11 }],
  "1Pet.1.15": [
    { "t": "Rev.3.7", "v": 8, "ch": 3, "vs": 7 },
    { "t": "Rev.6.10", "v": 6, "ch": 6, "vs": 10 },
    { "t": "Rev.4.8", "v": 4, "ch": 4, "vs": 8 }
  ],
  "1Pet.1.19": [
    { "t": "Rev.5.9", "v": 17, "ch": 5, "vs": 9 },
    { "t": "Rev.1.5", "v": 11, "ch": 1, "vs": 5 },
    { "t": "Rev.7.14", "v": 8, "ch": 7, "vs": 14 },
    { "t": "Rev.5.6", "v": 4, "ch": 5, "vs": 6 },
    { "t": "Rev.14.1", "v": 4, "ch": 14, "vs": 1 }
  ],
  "1Pet.1.20": [{ "t": "Rev.13.8", "v": 10, "ch": 13, "vs": 8 }],
  "1Pet.1.22": [{ "t": "Rev.2.4", "v": 5, "ch": 2, "vs": 4 }],
  "1Pet.2.1": [{ "t": "Rev.14.5", "v": 3, "ch": 14, "vs": 5 }],
  "1Pet.2.5": [
    { "t": "Rev.5.10", "v": 24, "ch": 5, "vs": 10 },
    { "t": "Rev.20.6", "v": 15, "ch": 20, "vs": 6 },
    { "t": "Rev.1.6", "v": 11, "ch": 1, "vs": 6 },
    { "t": "Rev.3.12", "v": 9, "ch": 3, "vs": 12 }
  ],
  "1Pet.2.9": [
    { "t": "Rev.1.6", "v": 97, "ch": 1, "vs": 6 },
    { "t": "Rev.5.10", "v": 87, "ch": 5, "vs": 10 },
    { "t": "Rev.20.6", "v": 26, "ch": 20, "vs": 6 }
  ],
  "1Pet.2.21": [{ "t": "Rev.12.11", "v": 3, "ch": 12, "vs": 11 }],
  "1Pet.2.22": [{ "t": "Rev.14.5", "v": 5, "ch": 14, "vs": 5 }],
  "1Pet.2.23": [{ "t": "Rev.19.11", "v": 4, "ch": 19, "vs": 11 }],
  "1Pet.2.24": [{ "t": "Rev.22.2", "v": 38, "ch": 22, "vs": 2 }],
  "1Pet.3.10": [{ "t": "Rev.14.5", "v": 10, "ch": 14, "vs": 5 }],
  "1Pet.3.19": [
    { "t": "Rev.20.7", "v": 1, "ch": 20, "vs": 7 },
    { "t": "Rev.19.10", "v": 0, "ch": 19, "vs": 10 }
  ],
  "1Pet.4.3": [
    { "t": "Rev.17.4-Rev.17.5", "v": 4, "ch": 17, "vs": 4, "ve": 5 }
  ],
  "1Pet.4.6": [{ "t": "Rev.14.18", "v": -2, "ch": 14, "vs": 18 }],
  "1Pet.4.7": [{ "t": "Rev.16.15", "v": 6, "ch": 16, "vs": 15 }],
  "1Pet.4.11": [
    { "t": "Rev.5.12-Rev.5.14", "v": 7, "ch": 5, "vs": 12, "ve": 14 },
    { "t": "Rev.1.5-Rev.1.6", "v": 6, "ch": 1, "vs": 5, "ve": 6 }
  ],
  "1Pet.4.13": [
    { "t": "Rev.1.9", "v": 3, "ch": 1, "vs": 9 },
    { "t": "Rev.1.7", "v": 1, "ch": 1, "vs": 7 }
  ],
  "1Pet.4.19": [
    { "t": "Rev.5.9-Rev.5.14", "v": 5, "ch": 5, "vs": 9, "ve": 14 },
    { "t": "Rev.4.10-Rev.4.11", "v": 1, "ch": 4, "vs": 10, "ve": 11 }
  ],
  "1Pet.5.1": [{ "t": "Rev.1.9", "v": 5, "ch": 1, "vs": 9 }],
  "1Pet.5.2": [
    { "t": "Rev.18.12-Rev.18.13", "v": 2, "ch": 18, "vs": 12, "ve": 13 }
  ],
  "1Pet.5.4": [
    { "t": "Rev.3.11", "v": 5, "ch": 3, "vs": 11 },
    { "t": "Rev.2.10", "v": 4, "ch": 2, "vs": 10 },
    { "t": "Rev.20.11-Rev.20.12", "v": 4, "ch": 20, "vs": 11, "ve": 12 },
    { "t": "Rev.1.7", "v": 2, "ch": 1, "vs": 7 }
  ],
  "1Pet.5.8": [
    { "t": "Rev.12.12", "v": 27, "ch": 12, "vs": 12 },
    { "t": "Rev.12.9", "v": 26, "ch": 12, "vs": 9 },
    { "t": "Rev.20.10", "v": 23, "ch": 20, "vs": 10 },
    { "t": "Rev.20.2", "v": 11, "ch": 20, "vs": 2 }
  ],
  "1Pet.5.9": [
    { "t": "Rev.6.11", "v": 4, "ch": 6, "vs": 11 },
    { "t": "Rev.7.14", "v": 4, "ch": 7, "vs": 14 },
    { "t": "Rev.1.9", "v": 3, "ch": 1, "vs": 9 }
  ],
  "1Pet.5.11": [
    { "t": "Rev.5.13", "v": 3, "ch": 5, "vs": 13 },
    { "t": "Rev.1.6", "v": 3, "ch": 1, "vs": 6 }
  ],
  "1Pet.5.13": [
    { "t": "Rev.17.5", "v": 1, "ch": 17, "vs": 5 },
    { "t": "Rev.18.2", "v": 1, "ch": 18, "vs": 2 }
  ]
}
