{
  "2Pet.1.2": [{ "t": "Rev.1.4", "v": 2, "ch": 1, "vs": 4 }],
  "2Pet.1.6": [
    { "t": "Rev.14.12", "v": 5, "ch": 14, "vs": 12 },
    { "t": "Rev.2.2", "v": 5, "ch": 2, "vs": 2 },
    { "t": "Rev.13.10", "v": 2, "ch": 13, "vs": 10 },
    { "t": "Rev.1.9", "v": 2, "ch": 1, "vs": 9 }
  ],
  "2Pet.1.9": [{ "t": "Rev.3.17", "v": 0, "ch": 3, "vs": 17 }],
  "2Pet.1.10": [
    { "t": "Rev.3.10-Rev.3.11", "v": 7, "ch": 3, "vs": 10, "ve": 11 },
    { "t": "Rev.22.14", "v": 7, "ch": 22, "vs": 14 }
  ],
  "2Pet.1.11": [
    { "t": "Rev.5.10", "v": 9, "ch": 5, "vs": 10 },
    { "t": "Rev.3.21", "v": 7, "ch": 3, "vs": 21 }
  ],
  "2Pet.1.16": [{ "t": "Rev.1.7", "v": 5, "ch": 1, "vs": 7 }],
  "2Pet.1.19": [
    { "t": "Rev.22.16", "v": 13, "ch": 22, "vs": 16 },
    { "t": "Rev.2.28", "v": 9, "ch": 2, "vs": 28 }
  ],
  "2Pet.1.21": [{ "t": "Rev.19.10", "v": 9, "ch": 19, "vs": 10 }],
  "2Pet.2.1": [
    { "t": "Rev.2.9", "v": 7, "ch": 2, "vs": 9 },
    { "t": "Rev.5.9", "v": 7, "ch": 5, "vs": 9 },
    { "t": "Rev.13.14", "v": 6, "ch": 13, "vs": 14 },
    { "t": "Rev.2.13", "v": 6, "ch": 2, "vs": 13 },
    { "t": "Rev.3.8", "v": 4, "ch": 3, "vs": 8 }
  ],
  "2Pet.2.2": [
    { "t": "Rev.13.14", "v": 3, "ch": 13, "vs": 14 },
    { "t": "Rev.12.9", "v": 2, "ch": 12, "vs": 9 },
    { "t": "Rev.13.8", "v": 1, "ch": 13, "vs": 8 }
  ],
  "2Pet.2.3": [
    { "t": "Rev.18.11-Rev.18.13", "v": 2, "ch": 18, "vs": 11, "ve": 13 }
  ],
  "2Pet.2.4": [
    { "t": "Rev.20.1-Rev.20.3", "v": 12, "ch": 20, "vs": 1, "ve": 3 },
    { "t": "Rev.12.7-Rev.12.9", "v": 10, "ch": 12, "vs": 7, "ve": 9 },
    { "t": "Rev.20.10", "v": 8, "ch": 20, "vs": 10 }
  ],
  "2Pet.2.9": [{ "t": "Rev.3.10", "v": 22, "ch": 3, "vs": 10 }],
  "2Pet.2.13": [{ "t": "Rev.18.6", "v": 2, "ch": 18, "vs": 6 }],
  "2Pet.2.14": [{ "t": "Rev.12.9", "v": 1, "ch": 12, "vs": 9 }],
  "2Pet.2.15": [{ "t": "Rev.2.14", "v": 10, "ch": 2, "vs": 14 }],
  "2Pet.2.18": [
    { "t": "Rev.13.5-Rev.13.6", "v": 4, "ch": 13, "vs": 5, "ve": 6 },
    { "t": "Rev.13.11", "v": 2, "ch": 13, "vs": 11 }
  ],
  "2Pet.3.2": [{ "t": "Rev.19.10", "v": 4, "ch": 19, "vs": 10 }],
  "2Pet.3.4": [{ "t": "Rev.3.14", "v": 3, "ch": 3, "vs": 14 }],
  "2Pet.3.7": [
    { "t": "Rev.21.1", "v": 8, "ch": 21, "vs": 1 },
    { "t": "Rev.20.11", "v": 4, "ch": 20, "vs": 11 },
    { "t": "Rev.17.11", "v": 1, "ch": 17, "vs": 11 },
    { "t": "Rev.17.8", "v": 1, "ch": 17, "vs": 8 }
  ],
  "2Pet.3.9": [{ "t": "Rev.2.21", "v": 30, "ch": 2, "vs": 21 }],
  "2Pet.3.10": [
    { "t": "Rev.21.1", "v": 31, "ch": 21, "vs": 1 },
    { "t": "Rev.16.15", "v": 20, "ch": 16, "vs": 15 },
    { "t": "Rev.3.3", "v": 11, "ch": 3, "vs": 3 },
    { "t": "Rev.20.11", "v": 10, "ch": 20, "vs": 11 }
  ],
  "2Pet.3.12": [
    { "t": "Rev.6.13-Rev.6.14", "v": 5, "ch": 6, "vs": 13, "ve": 14 }
  ],
  "2Pet.3.13": [
    { "t": "Rev.21.1", "v": 20, "ch": 21, "vs": 1 },
    { "t": "Rev.21.27", "v": 10, "ch": 21, "vs": 27 }
  ],
  "2Pet.3.17": [{ "t": "Rev.2.5", "v": 1, "ch": 2, "vs": 5 }],
  "2Pet.3.18": [
    { "t": "Rev.1.6", "v": 3, "ch": 1, "vs": 6 },
    { "t": "Rev.5.9-Rev.5.14", "v": 2, "ch": 5, "vs": 9, "ve": 14 }
  ]
}
