{
  "1John.1.1": [
    { "t": "Rev.1.8", "v": 10, "ch": 1, "vs": 8 },
    { "t": "Rev.1.17-Rev.1.18", "v": 9, "ch": 1, "vs": 17, "ve": 18 },
    { "t": "Rev.1.11", "v": 5, "ch": 1, "vs": 11 },
    { "t": "Rev.2.8", "v": 5, "ch": 2, "vs": 8 },
    { "t": "Rev.19.13", "v": 5, "ch": 19, "vs": 13 }
  ],
  "1John.1.5": [
    { "t": "Rev.22.5", "v": 22, "ch": 22, "vs": 5 },
    { "t": "Rev.21.23", "v": 20, "ch": 21, "vs": 23 }
  ],
  "1John.1.6": [
    { "t": "Rev.3.17-Rev.3.18", "v": 4, "ch": 3, "vs": 17, "ve": 18 }
  ],
  "1John.1.7": [
    { "t": "Rev.1.5", "v": 35, "ch": 1, "vs": 5 },
    { "t": "Rev.7.14", "v": 22, "ch": 7, "vs": 14 },
    { "t": "Rev.12.11", "v": 9, "ch": 12, "vs": 11 }
  ],
  "1John.1.9": [{ "t": "Rev.15.3", "v": 2, "ch": 15, "vs": 3 }],
  "1John.2.2": [{ "t": "Rev.12.9", "v": 5, "ch": 12, "vs": 9 }],
  "1John.2.3": [{ "t": "Rev.22.14", "v": 2, "ch": 22, "vs": 14 }],
  "1John.2.5": [
    { "t": "Rev.14.12", "v": 9, "ch": 14, "vs": 12 },
    { "t": "Rev.12.17", "v": 4, "ch": 12, "vs": 17 }
  ],
  "1John.2.11": [{ "t": "Rev.3.17", "v": 6, "ch": 3, "vs": 17 }],
  "1John.2.14": [
    { "t": "Rev.2.7", "v": 6, "ch": 2, "vs": 7 },
    { "t": "Rev.2.3", "v": 3, "ch": 2, "vs": 3 }
  ],
  "1John.2.16": [
    { "t": "Rev.18.11-Rev.18.17", "v": 5, "ch": 18, "vs": 11, "ve": 17 }
  ],
  "1John.2.20": [
    { "t": "Rev.3.7", "v": 3, "ch": 3, "vs": 7 },
    { "t": "Rev.4.8", "v": 3, "ch": 4, "vs": 8 }
  ],
  "1John.2.22": [{ "t": "Rev.3.9", "v": 1, "ch": 3, "vs": 9 }],
  "1John.2.24": [
    { "t": "Rev.3.3", "v": 6, "ch": 3, "vs": 3 },
    { "t": "Rev.3.11", "v": 5, "ch": 3, "vs": 11 }
  ],
  "1John.2.28": [{ "t": "Rev.1.7", "v": 5, "ch": 1, "vs": 7 }],
  "1John.3.1": [{ "t": "Rev.21.7", "v": 24, "ch": 21, "vs": 7 }],
  "1John.3.2": [{ "t": "Rev.22.4", "v": 17, "ch": 22, "vs": 4 }],
  "1John.3.5": [{ "t": "Rev.1.5", "v": 5, "ch": 1, "vs": 5 }],
  "1John.3.8": [
    { "t": "Rev.20.10", "v": 8, "ch": 20, "vs": 10 },
    { "t": "Rev.20.2-Rev.20.3", "v": 7, "ch": 20, "vs": 2, "ve": 3 },
    { "t": "Rev.20.15", "v": 6, "ch": 20, "vs": 15 }
  ],
  "1John.3.12": [{ "t": "Rev.17.6", "v": 1, "ch": 17, "vs": 6 }],
  "1John.3.13": [{ "t": "Rev.17.7", "v": 1, "ch": 17, "vs": 7 }],
  "1John.3.15": [{ "t": "Rev.21.8", "v": 6, "ch": 21, "vs": 8 }],
  "1John.3.16": [
    { "t": "Rev.1.5", "v": 19, "ch": 1, "vs": 5 },
    { "t": "Rev.5.9", "v": 6, "ch": 5, "vs": 9 }
  ],
  "1John.3.20": [{ "t": "Rev.2.23", "v": 2, "ch": 2, "vs": 23 }],
  "1John.4.1": [{ "t": "Rev.2.2", "v": 10, "ch": 2, "vs": 2 }],
  "1John.4.4": [{ "t": "Rev.12.11", "v": 28, "ch": 12, "vs": 11 }],
  "1John.4.5": [{ "t": "Rev.12.9", "v": 5, "ch": 12, "vs": 9 }],
  "1John.5.4": [
    { "t": "Rev.3.21", "v": 18, "ch": 3, "vs": 21 },
    { "t": "Rev.12.11", "v": 12, "ch": 12, "vs": 11 },
    { "t": "Rev.3.5", "v": 10, "ch": 3, "vs": 5 },
    { "t": "Rev.2.26", "v": 8, "ch": 2, "vs": 26 },
    { "t": "Rev.2.11", "v": 8, "ch": 2, "vs": 11 },
    { "t": "Rev.3.12", "v": 7, "ch": 3, "vs": 12 },
    { "t": "Rev.2.7", "v": 3, "ch": 2, "vs": 7 },
    { "t": "Rev.15.2", "v": 3, "ch": 15, "vs": 2 },
    { "t": "Rev.2.17", "v": 2, "ch": 2, "vs": 17 }
  ],
  "1John.5.6": [
    { "t": "Rev.7.14", "v": 5, "ch": 7, "vs": 14 },
    { "t": "Rev.5.9", "v": 5, "ch": 5, "vs": 9 },
    { "t": "Rev.1.5", "v": 3, "ch": 1, "vs": 5 }
  ],
  "1John.5.7": [
    { "t": "Rev.19.13", "v": 2, "ch": 19, "vs": 13 },
    { "t": "Rev.1.4-Rev.1.5", "v": 2, "ch": 1, "vs": 4, "ve": 5 }
  ],
  "1John.5.10": [
    { "t": "Rev.2.17", "v": 3, "ch": 2, "vs": 17 },
    { "t": "Rev.12.17", "v": 2, "ch": 12, "vs": 17 },
    { "t": "Rev.2.28", "v": 1, "ch": 2, "vs": 28 }
  ],
  "1John.5.11": [
    { "t": "Rev.22.1", "v": 2, "ch": 22, "vs": 1 },
    { "t": "Rev.1.2", "v": 2, "ch": 1, "vs": 2 }
  ],
  "1John.5.18": [
    { "t": "Rev.3.8-Rev.3.10", "v": 7, "ch": 3, "vs": 8, "ve": 10 },
    { "t": "Rev.2.13", "v": 3, "ch": 2, "vs": 13 }
  ],
  "1John.5.19": [
    { "t": "Rev.12.9", "v": 13, "ch": 12, "vs": 9 },
    { "t": "Rev.13.7-Rev.13.8", "v": 7, "ch": 13, "vs": 7, "ve": 8 },
    { "t": "Rev.20.3", "v": 4, "ch": 20, "vs": 3 },
    { "t": "Rev.20.7-Rev.20.8", "v": 4, "ch": 20, "vs": 7, "ve": 8 }
  ],
  "1John.5.20": [
    { "t": "Rev.3.7", "v": 6, "ch": 3, "vs": 7 },
    { "t": "Rev.19.11", "v": 3, "ch": 19, "vs": 11 },
    { "t": "Rev.6.10", "v": 3, "ch": 6, "vs": 10 },
    { "t": "Rev.15.3", "v": 3, "ch": 15, "vs": 3 },
    { "t": "Rev.3.14", "v": 3, "ch": 3, "vs": 14 }
  ],
  "1John.5.21": [
    { "t": "Rev.9.20", "v": 2, "ch": 9, "vs": 20 },
    { "t": "Rev.13.14-Rev.13.15", "v": 1, "ch": 13, "vs": 14, "ve": 15 },
    { "t": "Rev.14.11", "v": 0, "ch": 14, "vs": 11 }
  ]
}
