{
  "Jude.1.2": [{ "t": "Rev.1.4-Rev.1.6", "v": 2, "ch": 1, "vs": 4, "ve": 6 }],
  "Jude.1.3": [
    { "t": "Rev.12.11", "v": 10, "ch": 12, "vs": 11 },
    { "t": "Rev.2.10", "v": 9, "ch": 2, "vs": 10 }
  ],
  "Jude.1.4": [{ "t": "Rev.15.4", "v": 3, "ch": 15, "vs": 4 }],
  "Jude.1.6": [{ "t": "Rev.20.10", "v": 3, "ch": 20, "vs": 10 }],
  "Jude.1.9": [{ "t": "Rev.12.7", "v": 16, "ch": 12, "vs": 7 }],
  "Jude.1.11": [{ "t": "Rev.2.14", "v": 12, "ch": 2, "vs": 14 }],
  "Jude.1.13": [
    { "t": "Rev.14.10-Rev.14.11", "v": 2, "ch": 14, "vs": 10, "ve": 11 },
    { "t": "Rev.20.10", "v": 2, "ch": 20, "vs": 10 },
    { "t": "Rev.8.10-Rev.8.11", "v": 2, "ch": 8, "vs": 10, "ve": 11 },
    { "t": "Rev.21.8", "v": 0, "ch": 21, "vs": 8 }
  ],
  "Jude.1.14": [{ "t": "Rev.1.7", "v": 5, "ch": 1, "vs": 7 }],
  "Jude.1.15": [
    { "t": "Rev.22.12-Rev.22.15", "v": 3, "ch": 22, "vs": 12, "ve": 15 },
    { "t": "Rev.13.11", "v": 1, "ch": 13, "vs": 11 },
    { "t": "Rev.13.5-Rev.13.6", "v": 1, "ch": 13, "vs": 5, "ve": 6 },
    { "t": "Rev.22.20", "v": 1, "ch": 22, "vs": 20 }
  ],
  "Jude.1.20": [{ "t": "Rev.13.10", "v": 3, "ch": 13, "vs": 10 }],
  "Jude.1.21": [{ "t": "Rev.12.11", "v": 7, "ch": 12, "vs": 11 }],
  "Jude.1.23": [
    { "t": "Rev.3.4", "v": 14, "ch": 3, "vs": 4 },
    { "t": "Rev.3.18", "v": 7, "ch": 3, "vs": 18 }
  ],
  "Jude.1.24": [{ "t": "Rev.14.5", "v": 12, "ch": 14, "vs": 5 }],
  "Jude.1.25": [
    { "t": "Rev.5.13-Rev.5.14", "v": 21, "ch": 5, "vs": 13, "ve": 14 },
    { "t": "Rev.4.9-Rev.4.11", "v": 11, "ch": 4, "vs": 9, "ve": 11 },
    { "t": "Rev.1.6", "v": 5, "ch": 1, "vs": 6 }
  ]
}
