{
  "Judg.1.2": [
    { "t": "Rev.5.5", "v": 3, "ch": 5, "vs": 5 },
    { "t": "Rev.19.11-Rev.19.16", "v": 2, "ch": 19, "vs": 11, "ve": 16 }
  ],
  "Judg.1.7": [
    { "t": "Rev.13.10", "v": 4, "ch": 13, "vs": 10 },
    { "t": "Rev.16.6", "v": 1, "ch": 16, "vs": 6 }
  ],
  "Judg.1.22": [{ "t": "Rev.7.8", "v": 2, "ch": 7, "vs": 8 }],
  "Judg.2.17": [
    { "t": "Rev.17.1-Rev.17.5", "v": 3, "ch": 17, "vs": 1, "ve": 5 }
  ],
  "Judg.3.1": [{ "t": "Rev.2.23", "v": 1, "ch": 2, "vs": 23 }],
  "Judg.3.16": [
    { "t": "Rev.1.16", "v": 2, "ch": 1, "vs": 16 },
    { "t": "Rev.2.12", "v": 2, "ch": 2, "vs": 12 }
  ],
  "Judg.5.1": [
    { "t": "Rev.19.1-Rev.19.3", "v": 3, "ch": 19, "vs": 1, "ve": 3 },
    { "t": "Rev.15.3-Rev.15.4", "v": 3, "ch": 15, "vs": 3, "ve": 4 }
  ],
  "Judg.5.2": [
    { "t": "Rev.19.2", "v": 2, "ch": 19, "vs": 2 },
    { "t": "Rev.18.20", "v": 2, "ch": 18, "vs": 20 },
    { "t": "Rev.16.5-Rev.16.6", "v": 2, "ch": 16, "vs": 5, "ve": 6 }
  ],
  "Judg.5.13": [
    { "t": "Rev.2.26-Rev.2.27", "v": 3, "ch": 2, "vs": 26, "ve": 27 },
    { "t": "Rev.3.9", "v": 2, "ch": 3, "vs": 9 }
  ],
  "Judg.5.18": [{ "t": "Rev.12.11", "v": 2, "ch": 12, "vs": 11 }],
  "Judg.5.19": [
    { "t": "Rev.19.19", "v": 2, "ch": 19, "vs": 19 },
    { "t": "Rev.17.12-Rev.17.14", "v": 2, "ch": 17, "vs": 12, "ve": 14 }
  ],
  "Judg.5.31": [
    { "t": "Rev.19.2-Rev.19.3", "v": 1, "ch": 19, "vs": 2, "ve": 3 },
    { "t": "Rev.18.20", "v": 1, "ch": 18, "vs": 20 },
    { "t": "Rev.6.10", "v": 1, "ch": 6, "vs": 10 }
  ],
  "Judg.6.2": [{ "t": "Rev.6.15", "v": 3, "ch": 6, "vs": 15 }],
  "Judg.7.3": [
    { "t": "Rev.17.14", "v": 4, "ch": 17, "vs": 14 },
    { "t": "Rev.21.8", "v": 2, "ch": 21, "vs": 8 }
  ],
  "Judg.7.19": [{ "t": "Rev.16.15", "v": 2, "ch": 16, "vs": 15 }],
  "Judg.8.12": [
    { "t": "Rev.19.19-Rev.19.21", "v": 2, "ch": 19, "vs": 19, "ve": 21 },
    { "t": "Rev.6.15-Rev.6.16", "v": 2, "ch": 6, "vs": 15, "ve": 16 }
  ],
  "Judg.8.21": [{ "t": "Rev.9.6", "v": 2, "ch": 9, "vs": 6 }],
  "Judg.8.26": [
    { "t": "Rev.17.4", "v": 2, "ch": 17, "vs": 4 },
    { "t": "Rev.18.12", "v": 2, "ch": 18, "vs": 12 },
    { "t": "Rev.18.16", "v": 2, "ch": 18, "vs": 16 }
  ],
  "Judg.9.17": [{ "t": "Rev.12.11", "v": 2, "ch": 12, "vs": 11 }],
  "Judg.9.56": [
    { "t": "Rev.19.20-Rev.19.21", "v": 2, "ch": 19, "vs": 20, "ve": 21 }
  ],
  "Judg.11.7": [{ "t": "Rev.3.9", "v": 2, "ch": 3, "vs": 9 }],
  "Judg.12.3": [{ "t": "Rev.12.11", "v": 2, "ch": 12, "vs": 11 }],
  "Judg.13.6": [{ "t": "Rev.1.17", "v": 5, "ch": 1, "vs": 17 }],
  "Judg.14.10": [{ "t": "Rev.19.9", "v": 2, "ch": 19, "vs": 9 }],
  "Judg.16.24": [{ "t": "Rev.11.10", "v": 2, "ch": 11, "vs": 10 }],
  "Judg.16.28": [{ "t": "Rev.6.10", "v": 5, "ch": 6, "vs": 10 }],
  "Judg.18.7": [{ "t": "Rev.18.7", "v": 2, "ch": 18, "vs": 7 }],
  "Judg.18.24": [{ "t": "Rev.17.2", "v": 2, "ch": 17, "vs": 2 }],
  "Judg.19.6": [
    { "t": "Rev.11.10", "v": 2, "ch": 11, "vs": 10 },
    { "t": "Rev.11.13", "v": 2, "ch": 11, "vs": 13 }
  ],
  "Judg.20.13": [
    { "t": "Rev.18.4-Rev.18.5", "v": 2, "ch": 18, "vs": 4, "ve": 5 }
  ],
  "Judg.20.40": [{ "t": "Rev.19.3", "v": 2, "ch": 19, "vs": 3 }],
  "Judg.20.41": [
    { "t": "Rev.6.15-Rev.6.17", "v": 2, "ch": 6, "vs": 15, "ve": 17 },
    { "t": "Rev.18.8-Rev.18.10", "v": 2, "ch": 18, "vs": 8, "ve": 10 }
  ]
}
