{
  "1Sam.2.1": [{ "t": "Rev.18.20", "v": 1, "ch": 18, "vs": 20 }],
  "1Sam.2.3": [{ "t": "Rev.2.23", "v": 4, "ch": 2, "vs": 23 }],
  "1Sam.2.6": [{ "t": "Rev.1.18", "v": 6, "ch": 1, "vs": 18 }],
  "1Sam.2.8": [
    { "t": "Rev.1.6", "v": 8, "ch": 1, "vs": 6 },
    { "t": "Rev.5.10", "v": 7, "ch": 5, "vs": 10 },
    { "t": "Rev.22.5", "v": 7, "ch": 22, "vs": 5 },
    { "t": "Rev.3.21", "v": 6, "ch": 3, "vs": 21 }
  ],
  "1Sam.2.10": [
    { "t": "Rev.20.11-Rev.20.15", "v": 2, "ch": 20, "vs": 11, "ve": 15 }
  ],
  "1Sam.2.24": [{ "t": "Rev.2.20", "v": 2, "ch": 2, "vs": 20 }],
  "1Sam.6.5": [
    { "t": "Rev.14.7", "v": 2, "ch": 14, "vs": 7 },
    { "t": "Rev.11.13", "v": 2, "ch": 11, "vs": 13 },
    { "t": "Rev.16.9", "v": 2, "ch": 16, "vs": 9 }
  ],
  "1Sam.6.20": [{ "t": "Rev.6.17", "v": 5, "ch": 6, "vs": 17 }],
  "1Sam.7.10": [
    { "t": "Rev.16.18-Rev.16.21", "v": 2, "ch": 16, "vs": 18, "ve": 21 }
  ],
  "1Sam.10.1": [{ "t": "Rev.5.8", "v": 2, "ch": 5, "vs": 8 }],
  "1Sam.12.18": [
    { "t": "Rev.11.5-Rev.11.6", "v": 2, "ch": 11, "vs": 5, "ve": 6 }
  ],
  "1Sam.14.45": [
    { "t": "Rev.19.14", "v": 3, "ch": 19, "vs": 14 },
    { "t": "Rev.17.14", "v": 3, "ch": 17, "vs": 14 }
  ],
  "1Sam.15.6": [{ "t": "Rev.18.14", "v": 2, "ch": 18, "vs": 14 }],
  "1Sam.15.23": [
    { "t": "Rev.22.15", "v": 3, "ch": 22, "vs": 15 },
    { "t": "Rev.21.8", "v": 2, "ch": 21, "vs": 8 }
  ],
  "1Sam.15.24": [{ "t": "Rev.21.8", "v": 3, "ch": 21, "vs": 8 }],
  "1Sam.15.32": [{ "t": "Rev.18.7", "v": 2, "ch": 18, "vs": 7 }],
  "1Sam.15.33": [
    { "t": "Rev.18.6", "v": 3, "ch": 18, "vs": 6 },
    { "t": "Rev.16.6", "v": 3, "ch": 16, "vs": 6 }
  ],
  "1Sam.16.7": [{ "t": "Rev.2.23", "v": 14, "ch": 2, "vs": 23 }],
  "1Sam.17.25": [
    { "t": "Rev.3.12", "v": 3, "ch": 3, "vs": 12 },
    { "t": "Rev.2.7", "v": 3, "ch": 2, "vs": 7 },
    { "t": "Rev.2.17", "v": 2, "ch": 2, "vs": 17 },
    { "t": "Rev.3.5", "v": 2, "ch": 3, "vs": 5 },
    { "t": "Rev.3.21", "v": 2, "ch": 3, "vs": 21 }
  ],
  "1Sam.17.33": [{ "t": "Rev.13.4", "v": 4, "ch": 13, "vs": 4 }],
  "1Sam.17.46": [
    { "t": "Rev.19.17-Rev.19.18", "v": 5, "ch": 19, "vs": 17, "ve": 18 }
  ],
  "1Sam.18.28": [{ "t": "Rev.3.9", "v": 2, "ch": 3, "vs": 9 }],
  "1Sam.23.26": [{ "t": "Rev.20.9", "v": 3, "ch": 20, "vs": 9 }],
  "1Sam.23.27": [{ "t": "Rev.12.16", "v": 2, "ch": 12, "vs": 16 }],
  "1Sam.24.12": [{ "t": "Rev.6.10", "v": 3, "ch": 6, "vs": 10 }],
  "1Sam.25.39": [
    { "t": "Rev.19.1-Rev.19.4", "v": 2, "ch": 19, "vs": 1, "ve": 4 }
  ],
  "1Sam.26.10": [{ "t": "Rev.18.8", "v": 2, "ch": 18, "vs": 8 }],
  "1Sam.26.24": [{ "t": "Rev.7.14", "v": 2, "ch": 7, "vs": 14 }],
  "1Sam.28.16": [
    { "t": "Rev.18.20", "v": 2, "ch": 18, "vs": 20 },
    { "t": "Rev.18.24-Rev.19.6", "v": 2, "ch": 18, "vs": 24, "ve": 6 }
  ],
  "1Sam.30.3": [{ "t": "Rev.3.9", "v": 2, "ch": 3, "vs": 9 }],
  "1Sam.30.16": [
    { "t": "Rev.11.10-Rev.11.13", "v": 3, "ch": 11, "vs": 10, "ve": 13 }
  ]
}
